latitude,longitude,brightness,bright_ti4,scan,track,acq_date,acq_time,satellite,instrument,confidence,version,bright_t31,bright_ti5,frp,daynight,type
21.95272,86.8365,,343.37,0.75,0.77,2025-01-01,623,N20,VIIRS,n,2,,292.51,9.03,D,0
15.17639,76.68112,,331.9,0.39,0.36,2025-01-01,802,N20,VIIRS,l,2,,304.85,2.03,D,2
16.76056,77.52471,,334.18,0.38,0.36,2025-01-01,803,N20,VIIRS,l,2,,306.92,2.87,D,0
18.74001,74.40696,,341.55,0.43,0.38,2025-01-01,803,N20,VIIRS,n,2,,306.75,12.65,D,0
20.91666,82.21165,,333.69,0.42,0.45,2025-01-01,804,N20,VIIRS,n,2,,300.67,3.18,D,0
21.29834,82.95835,,328.75,0.47,0.48,2025-01-01,804,N20,VIIRS,l,2,,303.61,1.66,D,0
21.71116,74.52086,,334.08,0.4,0.37,2025-01-01,804,N20,VIIRS,n,2,,304.94,2.45,D,0
21.8951,82.50325,,331.07,0.45,0.47,2025-01-01,804,N20,VIIRS,n,2,,302.2,0.98,D,0
22.21936,81.93198,,330.04,0.42,0.45,2025-01-01,804,N20,VIIRS,n,2,,300.91,2.17,D,0
27.25765,68.33569,,332.36,0.44,0.46,2025-01-01,806,N20,VIIRS,n,2,,293.55,3.44,D,0
22.3796,87.27174,,312.56,0.72,0.75,2025-01-01,1852,N20,VIIRS,n,2,,287.01,3.68,N,2
22.10343,83.11856,,299.29,0.49,0.49,2025-01-01,2032,N20,VIIRS,n,2,,287.08,1.23,N,2
23.6827,86.0922,,296.3,0.35,0.57,2025-01-01,2032,N20,VIIRS,n,2,,285.02,0.83,N,2
24.45129,83.04073,,296.03,0.44,0.46,2025-01-01,2032,N20,VIIRS,n,2,,283.44,0.76,N,2
21.18416,81.38564,,306.71,0.4,0.44,2025-01-01,2033,N20,VIIRS,n,2,,292.28,1.22,N,3
17.08047,74.3699,,314.8,0.39,0.36,2025-01-01,2034,N20,VIIRS,n,2,,288.01,1.29,N,0
15.18674,76.67332,,301.55,0.42,0.38,2025-01-01,2035,N20,VIIRS,n,2,,285.35,0.54,N,0
17.87251,79.4314,,333.49,0.43,0.38,2025-01-02,744,N20,VIIRS,n,2,,307.59,4.29,D,0
18.59474,73.81051,,340.25,0.58,0.52,2025-01-02,745,N20,VIIRS,n,2,,306.1,7.13,D,0
20.79595,84.30683,,335.01,0.45,0.39,2025-01-02,745,N20,VIIRS,n,2,,301.01,4.16,D,0
21.01222,83.80088,,333.38,0.43,0.38,2025-01-02,745,N20,VIIRS,n,2,,303.57,5.06,D,0
21.16646,83.6061,,332.04,0.43,0.38,2025-01-02,745,N20,VIIRS,n,2,,301.52,1.79,D,0
21.30629,86.77701,,341.78,0.41,0.45,2025-01-02,745,N20,VIIRS,n,2,,298.23,4.05,D,0
21.43584,83.57813,,332.94,0.43,0.38,2025-01-02,745,N20,VIIRS,l,2,,306.48,5.43,D,0
21.6471,83.44637,,330.46,0.43,0.38,2025-01-02,745,N20,VIIRS,n,2,,299.84,6.36,D,0
21.73082,87.14692,,338.85,0.44,0.46,2025-01-02,745,N20,VIIRS,n,2,,300.1,3.02,D,0
21.79809,82.69514,,334.57,0.4,0.37,2025-01-02,745,N20,VIIRS,n,2,,301.08,2.02,D,0
21.86556,83.15244,,332.23,0.42,0.37,2025-01-02,745,N20,VIIRS,n,2,,303.46,2.28,D,0
21.91057,82.50602,,340.24,0.4,0.37,2025-01-02,745,N20,VIIRS,n,2,,304.64,6.76,D,0
21.96709,82.57625,,345.47,0.4,0.37,2025-01-02,745,N20,VIIRS,n,2,,302.22,8.07,D,0
22.05222,82.88673,,337.51,0.41,0.37,2025-01-02,745,N20,VIIRS,n,2,,303.72,3.5,D,0
22.22806,81.98163,,340.84,0.39,0.36,2025-01-02,745,N20,VIIRS,n,2,,305.31,3.78,D,0
25.65189,86.25726,,329.29,0.43,0.46,2025-01-02,746,N20,VIIRS,n,2,,294.02,2.15,D,0
25.83669,88.22945,,299.43,0.44,0.46,2025-01-02,2012,N20,VIIRS,n,2,,283.9,0.65,N,0
23.68508,86.39568,,303.04,0.56,0.43,2025-01-02,2013,N20,VIIRS,n,2,,285.5,1.42,N,2
23.82823,85.4967,,295.54,0.5,0.41,2025-01-02,2013,N20,VIIRS,n,2,,284.18,1.02,N,2
20.96704,85.15108,,323.79,0.53,0.42,2025-01-02,2014,N20,VIIRS,n,2,,290.86,4.22,N,2
21.76162,84.02099,,304.64,0.46,0.39,2025-01-02,2014,N20,VIIRS,n,2,,291.98,1.46,N,2
22.32349,82.56112,,327.38,0.4,0.37,2025-01-02,2014,N20,VIIRS,n,2,,289.91,2.33,N,2
19.44216,76.00548,,298.21,0.51,0.41,2025-01-02,2015,N20,VIIRS,n,2,,284.1,0.61,N,0
15.38531,76.01415,,335.65,0.49,0.65,2025-01-03,725,N20,VIIRS,n,2,,296.65,2.91,D,0
18.03996,75.08444,,330.4,0.5,0.66,2025-01-03,726,N20,VIIRS,n,2,,299.07,1.58,D,0
20.7441,84.31257,,356.68,0.4,0.37,2025-01-03,726,N20,VIIRS,l,2,,303.63,7.71,D,0
20.94219,86.60953,,341.22,0.39,0.36,2025-01-03,726,N20,VIIRS,n,2,,300.58,7.75,D,0
21.15304,83.25044,,331.84,0.43,0.38,2025-01-03,726,N20,VIIRS,n,2,,304.54,2.21,D,0
21.34169,82.60456,,334.36,0.46,0.39,2025-01-03,726,N20,VIIRS,l,2,,304.85,7,D,0
21.58973,83.42139,,333.93,0.42,0.38,2025-01-03,726,N20,VIIRS,n,2,,307.36,5.27,D,0
21.66248,82.8898,,332.3,0.44,0.38,2025-01-03,726,N20,VIIRS,n,2,,304.9,3,D,0
21.73086,82.67156,,344.76,0.45,0.39,2025-01-03,726,N20,VIIRS,n,2,,304.59,4.96,D,0
21.79928,82.68942,,333.78,0.45,0.39,2025-01-03,726,N20,VIIRS,l,2,,304.94,2.29,D,0
21.84503,82.80781,,347.18,0.44,0.39,2025-01-03,726,N20,VIIRS,n,2,,303.12,10.64,D,0
21.90332,82.8747,,345.39,0.44,0.38,2025-01-03,726,N20,VIIRS,n,2,,306.05,7.2,D,0
21.96122,82.74264,,344.96,0.44,0.39,2025-01-03,726,N20,VIIRS,n,2,,306.41,3.49,D,0
22.0389,83.73488,,342.05,0.41,0.37,2025-01-03,726,N20,VIIRS,n,2,,311.53,5.66,D,2
22.27039,87.04644,,331.81,0.4,0.37,2025-01-03,726,N20,VIIRS,n,2,,301.11,2.27,D,0
23.68517,86.3904,,333.43,0.39,0.36,2025-01-03,727,N20,VIIRS,n,2,,303.03,3,D,2
28.17446,69.58665,,333.84,0.65,0.73,2025-01-03,729,N20,VIIRS,n,2,,291.54,10.12,D,0
19.56839,71.35767,,367,0.42,0.61,2025-01-03,907,N20,VIIRS,h,2,,298.2,10.93,D,3
28.47282,83.70063,,297.19,0.46,0.39,2025-01-03,1953,N20,VIIRS,n,2,,277.66,0.5,N,0
23.67803,86.39629,,315.17,0.39,0.36,2025-01-03,1954,N20,VIIRS,n,2,,292.83,1.61,N,2
23.77538,86.38313,,305.63,0.38,0.36,2025-01-03,1954,N20,VIIRS,n,2,,286.76,1.34,N,2
26.27298,74.18522,,303.81,0.52,0.67,2025-01-03,1954,N20,VIIRS,n,2,,290.5,2.29,N,2
21.18687,81.38995,,312.38,0.49,0.41,2025-01-03,1955,N20,VIIRS,n,2,,293.64,2.38,N,3
22.04459,83.7279,,303.47,0.41,0.37,2025-01-03,1955,N20,VIIRS,n,2,,287.08,6.1,N,2
22.79998,86.20566,,297.4,0.39,0.36,2025-01-03,1955,N20,VIIRS,n,2,,286.68,0.37,N,2
15.17567,76.37518,,305.44,0.56,0.51,2025-01-03,1957,N20,VIIRS,n,2,,291.24,1.83,N,2
18.68692,73.02615,,303.41,0.67,0.74,2025-01-03,2136,N20,VIIRS,n,2,,291.84,2,N,2
19.59356,82.52853,,340.04,0.62,0.54,2025-01-04,707,N20,VIIRS,n,2,,302.04,8.46,D,0
21.05008,81.1218,,332.47,0.36,0.57,2025-01-04,707,N20,VIIRS,n,2,,302.5,1.57,D,0
21.36536,83.51121,,340.42,0.5,0.49,2025-01-04,707,N20,VIIRS,n,2,,304.59,16.94,D,0
21.6077,83.3355,,331.72,0.51,0.49,2025-01-04,707,N20,VIIRS,n,2,,301.26,3.15,D,0
21.82475,82.81271,,340.07,0.54,0.51,2025-01-04,707,N20,VIIRS,n,2,,301.54,8.35,D,0
22.01627,82.69685,,341.06,0.54,0.51,2025-01-04,707,N20,VIIRS,n,2,,302.99,11.7,D,0
23.16602,82.33805,,328.46,0.55,0.51,2025-01-04,708,N20,VIIRS,n,2,,303.02,4.68,D,2
27.52531,86.34077,,330.86,0.43,0.38,2025-01-04,709,N20,VIIRS,n,2,,297.54,3.48,D,0
12.57703,76.76049,,333.96,0.38,0.59,2025-01-04,846,N20,VIIRS,n,2,,300.61,3.3,D,0
17.01484,74.79894,,341.25,0.32,0.55,2025-01-04,847,N20,VIIRS,n,2,,308.01,2.04,D,0
18.52551,76.25088,,338.64,0.42,0.61,2025-01-04,847,N20,VIIRS,n,2,,309.72,3.03,D,0
22.94781,79.41967,,347.5,0.75,0.77,2025-01-04,848,N20,VIIRS,n,2,,299.54,8.59,D,0
29.58024,68.01299,,330.19,0.53,0.42,2025-01-04,851,N20,VIIRS,l,2,,301.26,10.15,D,0
27.78827,87.87152,,314.01,0.48,0.4,2025-01-04,1934,N20,VIIRS,n,2,,267.76,1.85,N,0
23.73275,86.43743,,310.93,0.51,0.41,2025-01-04,1935,N20,VIIRS,n,2,,292.61,2.23,N,2
20.94107,86.05943,,299.68,0.5,0.41,2025-01-04,1936,N20,VIIRS,n,2,,289.56,1.04,N,2
21.78242,83.83302,,309.85,0.45,0.47,2025-01-04,1936,N20,VIIRS,n,2,,289.3,1.4,N,2
22.79916,86.09188,,300.1,0.52,0.41,2025-01-04,1936,N20,VIIRS,n,2,,288.2,1.8,N,2
17.39101,76.96468,,305.14,0.56,0.69,2025-01-04,1938,N20,VIIRS,n,2,,286.77,1.01,N,0
19.07238,82.36771,,342.54,0.66,0.73,2025-01-05,648,N20,VIIRS,n,2,,298.81,9.09,D,0
21.78665,83.60677,,348.07,0.48,0.65,2025-01-05,649,N20,VIIRS,n,2,,299.12,5.66,D,0
24.71646,88.57463,,325.76,0.41,0.45,2025-01-05,649,N20,VIIRS,n,2,,297.85,2.12,D,0
15.45456,76.79758,,367,0.41,0.45,2025-01-05,827,N20,VIIRS,h,2,,309.44,7.53,D,0
17.83238,73.72691,,343.47,0.45,0.39,2025-01-05,828,N20,VIIRS,n,2,,306.47,8.16,D,0
18.97405,73.08128,,337.74,0.43,0.38,2025-01-05,829,N20,VIIRS,n,2,,309.23,3.94,D,0
21.42134,83.79806,,328.22,0.69,0.74,2025-01-05,829,N20,VIIRS,n,2,,296.8,5.61,D,0
25.56034,68.84212,,338.71,0.38,0.36,2025-01-05,831,N20,VIIRS,n,2,,298.7,3.25,D,0
29.26724,71.46824,,335.71,0.46,0.39,2025-01-05,831,N20,VIIRS,n,2,,297.11,13.78,D,0
31.87854,70.8559,,326.44,0.46,0.39,2025-01-05,832,N20,VIIRS,n,2,,293.74,1.54,D,0
21.07918,85.03747,,329.54,0.38,0.58,2025-01-05,1917,N20,VIIRS,n,2,,292.88,1.56,N,2
22.79963,86.08732,,306.97,0.34,0.56,2025-01-05,1917,N20,VIIRS,n,2,,287.78,1.14,N,2
23.78186,85.56538,,297.39,0.37,0.58,2025-01-05,1917,N20,VIIRS,n,2,,287.03,0.72,N,0
22.35429,82.29158,,367,0.54,0.68,2025-01-05,2057,N20,VIIRS,h,2,,291.17,12.43,N,2
23.11376,70.08635,,301.19,0.38,0.36,2025-01-05,2058,N20,VIIRS,n,2,,286.62,0.78,N,2
15.91839,77.36102,,299.86,0.35,0.57,2025-01-05,2100,N20,VIIRS,n,2,,289.28,0.54,N,2
21.3311,82.6512,314.9,,1,1,2025-01-01,847,Aqua,MODIS,66,61.03,302.6,,8,D,0
22.0241,82.596,311.1,,1,1,2025-01-01,847,Aqua,MODIS,57,61.03,299.5,,5.3,D,0
17.5893,74.1547,303.3,,1,1,2025-01-01,1623,Terra,MODIS,54,61.03,289.7,,6.7,N,0
17.7033,75.902,309.6,,1.1,1,2025-01-02,433,Terra,MODIS,54,61.03,298,,5.1,D,2
23.764,86.4021,305.2,,1.1,1,2025-01-02,1526,Terra,MODIS,22,61.03,289.4,,8.3,N,2
20.8672,84.9962,313.4,,1.1,1,2025-01-03,828,Aqua,MODIS,66,61.03,300.1,,8,D,0
21.7107,83.0212,315.3,,1.3,1.1,2025-01-03,828,Aqua,MODIS,46,61.03,303.3,,9,D,0
22.1656,82.1708,316.2,,1.4,1.2,2025-01-03,828,Aqua,MODIS,50,61.03,304.1,,10.6,D,0
21.072,85.0441,306.9,,1.1,1,2025-01-04,413,Terra,MODIS,64,61.03,295.2,,7.2,D,2
14.9287,77.0025,320.9,,1,1,2025-01-04,906,Aqua,MODIS,66,61.03,306.6,,10.4,D,0
21.5167,82.1008,315.5,,1.9,1.3,2025-01-04,907,Aqua,MODIS,65,61.03,304.5,,14,D,0
29.8325,73.5688,305.5,,1,1,2025-01-04,910,Aqua,MODIS,60,61.03,294.1,,4.4,D,0
22.0475,83.7362,318.9,,1.2,1.1,2025-01-04,2115,Aqua,MODIS,98,61.03,289.4,,24.4,N,2
24.8075,86.852,300.4,,1.3,1.1,2025-01-05,810,Aqua,MODIS,24,61.03,287.7,,2.9,D,0
9.54191,77.24101,,330.14,0.38,0.36,2025-01-06,807,N20,VIIRS,n,2,,297.3,3.91,D,0
15.17403,76.65492,,333.96,0.39,0.36,2025-01-06,809,N20,VIIRS,l,2,,306.26,3.24,D,2
17.19866,75.11539,,340.46,0.39,0.36,2025-01-06,809,N20,VIIRS,l,2,,313,3.6,D,0
18.66452,83.4813,,328.8,0.59,0.53,2025-01-06,809,N20,VIIRS,n,2,,298.34,3.52,D,0
19.83658,78.16575,,333.32,0.45,0.39,2025-01-06,810,N20,VIIRS,n,2,,304.42,1.05,D,0
21.24082,83.77279,,330.81,0.33,0.56,2025-01-06,810,N20,VIIRS,n,2,,297.92,1.53,D,0
21.98944,80.0563,,339.81,0.4,0.44,2025-01-06,810,N20,VIIRS,n,2,,302.56,5.82,D,0
22.97183,79.34406,,342.84,0.56,0.43,2025-01-06,811,N20,VIIRS,n,2,,303.03,17.42,D,0
27.47124,71.99483,,332.22,0.39,0.36,2025-01-06,812,N20,VIIRS,n,2,,299,1.48,D,0
29.49339,77.59428,,331.56,0.54,0.42,2025-01-06,813,N20,VIIRS,n,2,,292.03,10.79,D,0
32.09974,76.55897,,330.18,0.51,0.41,2025-01-06,813,N20,VIIRS,n,2,,285.31,2.41,D,0
22.37872,87.27227,,308.16,0.57,0.69,2025-01-06,1858,N20,VIIRS,n,2,,287.89,2.12,N,2
22.36878,87.01765,,308.93,0.54,0.68,2025-01-06,2038,N20,VIIRS,n,2,,288.79,2.4,N,2
24.57898,74.8011,,300.43,0.38,0.36,2025-01-06,2038,N20,VIIRS,n,2,,285.61,0.75,N,2
21.3791,81.64377,,302.02,0.52,0.5,2025-01-06,2039,N20,VIIRS,n,2,,290.42,1.57,N,2
22.36239,82.30015,,303.34,0.54,0.51,2025-01-06,2039,N20,VIIRS,n,2,,289.23,1.62,N,2
21.11333,72.63421,,308.1,0.4,0.37,2025-01-06,2040,N20,VIIRS,n,2,,291.64,1.04,N,2
13.31005,77.49153,,341.96,0.5,0.41,2025-01-07,749,N20,VIIRS,n,2,,303.07,7.77,D,0
16.02745,74.41035,,334.04,0.46,0.47,2025-01-07,750,N20,VIIRS,n,2,,304.1,3.65,D,0
17.18909,77.88705,,333.53,0.43,0.38,2025-01-07,750,N20,VIIRS,n,2,,307.08,2.51,D,0
18.04592,75.23573,,330.72,0.57,0.43,2025-01-07,751,N20,VIIRS,n,2,,304.49,3.42,D,0
19.40941,74.64026,,337.44,0.39,0.44,2025-01-07,751,N20,VIIRS,n,2,,303.11,4.1,D,0
21.04187,81.68924,,330.93,0.42,0.37,2025-01-07,751,N20,VIIRS,l,2,,303.86,6.79,D,0
21.34606,81.81473,,330.82,0.42,0.38,2025-01-07,751,N20,VIIRS,l,2,,302.81,2.31,D,0
21.69045,82.48914,,332.12,0.45,0.39,2025-01-07,751,N20,VIIRS,n,2,,301.59,2.14,D,0
22.00292,82.52875,,334.02,0.46,0.39,2025-01-07,751,N20,VIIRS,n,2,,303.21,5.22,D,0
23.65652,87.76198,,328.83,0.32,0.54,2025-01-07,752,N20,VIIRS,n,2,,297.37,1.26,D,0
28.65952,70.67675,,330.61,0.46,0.47,2025-01-07,754,N20,VIIRS,n,2,,295.63,4.99,D,0
31.0305,72.27664,,331.46,0.51,0.41,2025-01-07,754,N20,VIIRS,n,2,,293.85,4.81,D,0
33.034,72.89002,,335.53,0.45,0.39,2025-01-07,755,N20,VIIRS,n,2,,295.09,6.1,D,0
31.56418,77.91379,,319.21,0.47,0.4,2025-01-07,2018,N20,VIIRS,n,2,,277.63,2.7,N,0
20.9834,85.13766,,302.27,0.44,0.46,2025-01-07,2020,N20,VIIRS,n,2,,290.34,1.08,N,2
22.00749,82.67005,,307.62,0.47,0.39,2025-01-07,2020,N20,VIIRS,n,2,,288.02,1.56,N,2
22.78974,86.19318,,300.24,0.47,0.48,2025-01-07,2020,N20,VIIRS,n,2,,286.72,1.48,N,2
19.58802,75.03468,,298.63,0.48,0.4,2025-01-07,2021,N20,VIIRS,n,2,,286.24,0.53,N,0
16.89239,75.74599,,306.94,0.42,0.38,2025-01-07,2022,N20,VIIRS,n,2,,286.96,0.67,N,0
13.88863,76.37357,,332.43,0.39,0.59,2025-01-08,731,N20,VIIRS,n,2,,301.47,6.52,D,0
17.90823,82.84571,,332.96,0.42,0.38,2025-01-08,731,N20,VIIRS,n,2,,300.02,2.88,D,0
19.15206,74.75876,,332.84,0.39,0.6,2025-01-08,732,N20,VIIRS,n,2,,298.81,2.09,D,0
20.80212,83.83001,,341.23,0.39,0.36,2025-01-08,732,N20,VIIRS,n,2,,304.28,3.44,D,0
21.05243,83.80099,,343.78,0.39,0.36,2025-01-08,732,N20,VIIRS,n,2,,302.93,3.87,D,0
21.21306,83.87453,,332.84,0.39,0.36,2025-01-08,732,N20,VIIRS,n,2,,302.15,1.6,D,0
21.40078,83.87852,,331.63,0.38,0.36,2025-01-08,732,N20,VIIRS,n,2,,303.87,1.96,D,0
21.64424,82.35767,,339.99,0.41,0.37,2025-01-08,732,N20,VIIRS,n,2,,305.95,8.89,D,0
21.79444,82.80817,,349.28,0.4,0.37,2025-01-08,732,N20,VIIRS,n,2,,306.5,6.28,D,0
21.7981,82.49693,,337.04,0.4,0.37,2025-01-08,733,N20,VIIRS,n,2,,306.73,10.03,D,0
22.01053,83.97452,,345.52,0.38,0.36,2025-01-08,733,N20,VIIRS,n,2,,305.33,6.08,D,0
22.93928,79.12621,,334.98,0.54,0.42,2025-01-08,733,N20,VIIRS,n,2,,296.77,16.77,D,0
25.67759,77.3048,,347.82,0.41,0.45,2025-01-08,734,N20,VIIRS,n,2,,297.39,5.16,D,0
29.53172,70.82146,,328.28,0.41,0.61,2025-01-08,735,N20,VIIRS,n,2,,292.4,3.77,D,0
31.41072,72.71692,,333.33,0.58,0.52,2025-01-08,736,N20,VIIRS,n,2,,296.45,4.25,D,0
33.61011,70.50177,,339.88,0.34,0.56,2025-01-08,736,N20,VIIRS,n,2,,293.19,3.95,D,0
33.88514,70.66608,,330.18,0.66,0.73,2025-01-08,917,N20,VIIRS,n,2,,292.33,5.95,D,0
20.96578,85.17145,,307.94,0.4,0.37,2025-01-08,2001,N20,VIIRS,n,2,,290.22,1.12,N,2
21.77571,83.82558,,305,0.38,0.36,2025-01-08,2001,N20,VIIRS,n,2,,286.31,0.83,N,2
22.21437,84.87135,,324.09,0.39,0.36,2025-01-08,2001,N20,VIIRS,n,2,,288.42,2.38,N,2
23.64732,85.43832,,307.73,0.39,0.36,2025-01-08,2001,N20,VIIRS,n,2,,284.59,1.28,N,0
23.77006,86.39963,,300.07,0.41,0.37,2025-01-08,2001,N20,VIIRS,n,2,,287.93,0.99,N,2
18.72334,79.53572,,312.56,0.48,0.4,2025-01-08,2002,N20,VIIRS,n,2,,291.85,1.15,N,2
15.17838,77.10082,,301.63,0.39,0.44,2025-01-08,2003,N20,VIIRS,n,2,,290.3,0.63,N,2
31.28111,77.29422,,299.9,0.76,0.77,2025-01-08,2139,N20,VIIRS,n,2,,276.58,0.84,N,0
17.56631,80.15523,,333.41,0.38,0.59,2025-01-09,713,N20,VIIRS,n,2,,300.72,4.02,D,0
20.83039,83.869,,340.39,0.39,0.44,2025-01-09,713,N20,VIIRS,n,2,,304.06,3.69,D,0
21.14999,81.29585,,331.55,0.55,0.51,2025-01-09,714,N20,VIIRS,n,2,,304.68,2.58,D,0
21.68871,82.69659,,335.52,0.44,0.46,2025-01-09,714,N20,VIIRS,n,2,,304.39,6.31,D,0
21.99151,87.50749,,331.37,0.4,0.37,2025-01-09,714,N20,VIIRS,n,2,,300.16,2.62,D,0
23.16514,82.34411,,330.67,0.43,0.46,2025-01-09,714,N20,VIIRS,n,2,,299.56,2.32,D,2
27.44056,81.44744,,327.43,0.41,0.45,2025-01-09,715,N20,VIIRS,n,2,,291.49,1.99,D,0
32.44971,76.06262,,329.6,0.33,0.55,2025-01-09,717,N20,VIIRS,n,2,,290.43,3.21,D,0
16.40933,77.55904,,367,0.62,0.71,2025-01-09,853,N20,VIIRS,h,2,,299.1,12.62,D,0
21.4861,74.3905,,330.33,0.44,0.62,2025-01-09,855,N20,VIIRS,n,2,,304.27,2.05,D,0
29.20894,71.34965,,345.75,0.34,0.56,2025-01-09,857,N20,VIIRS,n,2,,293.86,3.34,D,0
33.15434,72.72588,,367,0.45,0.63,2025-01-09,858,N20,VIIRS,h,2,,298.08,8.3,D,0
21.76831,84.01846,,316.25,0.53,0.42,2025-01-09,1942,N20,VIIRS,n,2,,290.77,2.11,N,2
22.37013,87.30154,,303.25,0.4,0.37,2025-01-09,1942,N20,VIIRS,n,2,,288.68,1.9,N,2
23.68167,86.39545,,306.61,0.43,0.38,2025-01-09,1942,N20,VIIRS,n,2,,287.68,1.73,N,2
23.78192,86.3749,,305.26,0.44,0.38,2025-01-09,1942,N20,VIIRS,n,2,,286.26,1.13,N,2
20.80534,85.25585,,314.23,0.45,0.39,2025-01-09,1943,N20,VIIRS,n,2,,291.04,2.32,N,2
15.31849,76.24713,,299.26,0.46,0.64,2025-01-09,1944,N20,VIIRS,n,2,,288.7,0.61,N,0
34.46426,71.46163,,302.84,0.51,0.41,2025-01-09,2120,N20,VIIRS,n,2,,278.31,1.75,N,0
16.53743,75.39357,,300.04,0.67,0.73,2025-01-09,2125,N20,VIIRS,n,2,,285.52,1.02,N,0
21.25765,82.11114,,335.42,0.49,0.65,2025-01-10,655,N20,VIIRS,n,2,,303.75,8.5,D,0
21.87816,83.09489,,345.76,0.41,0.61,2025-01-10,655,N20,VIIRS,n,2,,301.45,5.23,D,0
25.88481,77.15492,,367,0.77,0.78,2025-01-10,656,N20,VIIRS,h,2,,295.89,15.3,D,0
16.2178,73.85289,,345.11,0.52,0.41,2025-01-10,834,N20,VIIRS,n,2,,296.55,9.24,D,0
18.28063,78.17858,,334.19,0.35,0.56,2025-01-10,835,N20,VIIRS,n,2,,299.86,2.72,D,0
21.04719,81.42239,,336.62,0.61,0.71,2025-01-10,835,N20,VIIRS,n,2,,303.7,3.69,D,0
25.78144,77.23483,,356.47,0.37,0.58,2025-01-10,837,N20,VIIRS,n,2,,297.9,6.19,D,0
29.48696,71.83636,,335.54,0.38,0.44,2025-01-10,838,N20,VIIRS,n,2,,296.38,2.83,D,0
31.7809,72.76251,,340.1,0.46,0.47,2025-01-10,839,N20,VIIRS,n,2,,292.86,4.27,D,0
29.82938,82.09146,,296.24,0.57,0.69,2025-01-10,1921,N20,VIIRS,n,2,,272.74,1.5,N,0
23.59398,87.29978,,295.92,0.46,0.47,2025-01-10,1923,N20,VIIRS,n,2,,284.53,0.5,N,0
23.78271,86.38673,,309.25,0.52,0.5,2025-01-10,1923,N20,VIIRS,n,2,,286.85,2.42,N,2
21.67418,82.07857,,308.68,0.47,0.64,2025-01-10,1924,N20,VIIRS,n,2,,289.22,1.85,N,2
33.58608,70.13492,,296.97,0.39,0.36,2025-01-10,2101,N20,VIIRS,n,2,,274.82,0.88,N,0
22.36164,82.30208,,306.46,0.68,0.74,2025-01-10,2104,N20,VIIRS,n,2,,286.84,2.07,N,2
17.80195,73.84428,,302.48,0.49,0.48,2025-01-10,2106,N20,VIIRS,n,2,,287.42,1.58,N,0
16.4011,77.6509,318.6,,1.6,1.3,2025-01-06,847,Aqua,MODIS,63,61.03,304.5,,16.3,D,0
21.7418,82.8539,311.2,,1.1,1,2025-01-06,848,Aqua,MODIS,53,61.03,300.4,,4.8,D,0
33.0164,73.9005,306,,1.4,1.2,2025-01-06,852,Aqua,MODIS,63,61.03,290.6,,9.8,D,0
19.1476,76.6442,300,,1.2,1.1,2025-01-06,1626,Terra,MODIS,9,61.03,288.1,,6.4,N,0
14.8957,75.5063,313.3,,1,1,2025-01-07,436,Terra,MODIS,65,61.03,300.6,,6.5,D,0
18.8333,73.2969,322.2,,1,1,2025-01-07,927,Aqua,MODIS,71,61.03,307.7,,10.9,D,0
33.0663,71.9154,303.3,,1.3,1.1,2025-01-07,931,Aqua,MODIS,32,61.03,292.8,,4.1,D,0
25.3852,69.3755,313.9,,1,1,2025-01-08,513,Terra,MODIS,71,61.03,292.1,,11.4,D,0
23.6701,72.0037,304.9,,1.3,1.1,2025-01-08,514,Terra,MODIS,55,61.03,292.9,,7.4,D,0
21.6955,82.982,312.5,,1.2,1.1,2025-01-08,829,Aqua,MODIS,57,61.03,301.3,,8.2,D,0
23.7628,86.399,316.6,,1,1,2025-01-08,830,Aqua,MODIS,36,61.03,302.6,,8.3,D,2
33.7323,71.7628,308,,1.2,1.1,2025-01-08,1611,Terra,MODIS,73,61.03,281.9,,15.3,N,0
15.124,78.4926,309.4,,1.2,1.1,2025-01-09,418,Terra,MODIS,58,61.03,295.8,,6.9,D,0
19.4281,77.4386,320.5,,1,1,2025-01-09,908,Aqua,MODIS,62,61.03,307.8,,9.6,D,0
27.7565,80.1374,301.3,,1.7,1.3,2025-01-09,910,Aqua,MODIS,46,61.03,291.2,,6.9,D,0
33.4263,71.4486,316.8,,1.1,1,2025-01-09,912,Aqua,MODIS,76,61.03,296.2,,12.3,D,0
19.5226,73.2851,308.3,,1,1,2025-01-10,456,Terra,MODIS,56,61.03,296.2,,5.5,D,0
32.9113,72.6353,312.6,,2.9,1.6,2025-01-10,951,Aqua,MODIS,73,61.03,295,,43.3,D,0
28.2615,85.05282,,330.41,0.44,0.63,2025-01-11,638,N20,VIIRS,n,2,,281.83,4.63,D,0
17.14873,79.231,,343.18,0.39,0.44,2025-01-11,815,N20,VIIRS,n,2,,300.78,3.23,D,0
18.68823,73.97368,,335.94,0.38,0.36,2025-01-11,816,N20,VIIRS,n,2,,305.11,15.66,D,0
20.94836,81.16434,,340.72,0.57,0.52,2025-01-11,816,N20,VIIRS,n,2,,302.36,5.99,D,0
21.74846,82.70255,,340.55,0.37,0.58,2025-01-11,816,N20,VIIRS,n,2,,300.17,3.06,D,0
22.04642,79.31919,,334.46,0.45,0.47,2025-01-11,817,N20,VIIRS,n,2,,296.55,3.01,D,0
27.02818,81.07388,,327.64,0.33,0.55,2025-01-11,818,N20,VIIRS,n,2,,294.57,1.86,D,0
29.05361,81.94742,,343.43,0.4,0.6,2025-01-11,819,N20,VIIRS,n,2,,290.66,10.41,D,0
22.57743,85.89008,,295.25,0.55,0.68,2025-01-11,1904,N20,VIIRS,n,2,,282.11,1.26,N,0
23.77214,86.19431,,296.02,0.54,0.68,2025-01-11,1904,N20,VIIRS,n,2,,283.59,0.86,N,2
23.56595,87.08484,,298.95,0.64,0.72,2025-01-11,2044,N20,VIIRS,n,2,,284.75,1.35,N,2
20.97691,85.13321,,299.11,0.56,0.68,2025-01-11,2045,N20,VIIRS,n,2,,280.92,1.57,N,2
22.22425,84.74878,,295.76,0.49,0.65,2025-01-11,2045,N20,VIIRS,n,2,,284.86,1.16,N,2
19.10433,82.16761,,296.05,0.39,0.59,2025-01-11,2046,N20,VIIRS,n,2,,280.94,0.89,N,2
17.90915,75.63509,,298.42,0.49,0.4,2025-01-11,2047,N20,VIIRS,n,2,,288.2,0.29,N,0
15.03101,77.24299,,343.39,0.42,0.38,2025-01-12,756,N20,VIIRS,n,2,,306.46,6.03,D,0
17.46418,80.67632,,331.74,0.41,0.37,2025-01-12,757,N20,VIIRS,n,2,,298.47,1.91,D,0
18.62072,79.45582,,331.83,0.39,0.36,2025-01-12,757,N20,VIIRS,n,2,,296.07,1.57,D,0
21.26526,83.52761,,329.95,0.41,0.45,2025-01-12,757,N20,VIIRS,n,2,,297.73,2.61,D,0
21.68233,82.52506,,336.18,0.54,0.42,2025-01-12,758,N20,VIIRS,n,2,,299.69,4.66,D,0
26.52689,86.17251,,345.07,0.35,0.56,2025-01-12,759,N20,VIIRS,n,2,,295.92,2.59,D,0
30.08333,69.01501,,327.52,0.43,0.46,2025-01-12,801,N20,VIIRS,n,2,,297.31,1.33,D,0
33.30449,72.19305,,333.98,0.42,0.38,2025-01-12,801,N20,VIIRS,n,2,,296.68,2.42,D,0
21.6721,82.08328,,300.85,0.53,0.42,2025-01-12,2026,N20,VIIRS,n,2,,289.52,1.14,N,2
22.36785,87.29765,,311.19,0.36,0.57,2025-01-12,2026,N20,VIIRS,n,2,,288.83,1.33,N,2
23.76516,86.38978,,299.65,0.58,0.52,2025-01-12,2026,N20,VIIRS,n,2,,288.29,2.12,N,2
20.96511,85.16741,,300.74,0.55,0.51,2025-01-12,2027,N20,VIIRS,n,2,,290,2.14,N,2
16.87079,80.02254,,302.15,0.48,0.4,2025-01-12,2028,N20,VIIRS,n,2,,291.94,0.99,N,2
15.05529,77.23619,,336.09,0.51,0.49,2025-01-13,737,N20,VIIRS,n,2,,302.96,4.34,D,0
18.33743,74.75703,,330.19,0.32,0.55,2025-01-13,738,N20,VIIRS,n,2,,298.31,1.47,D,0
20.9637,85.17285,,334.83,0.43,0.38,2025-01-13,739,N20,VIIRS,n,2,,301.28,4.15,D,2
21.56847,81.69621,,330.58,0.39,0.36,2025-01-13,739,N20,VIIRS,n,2,,298.81,2.11,D,0
23.14328,87.64417,,326.7,0.39,0.44,2025-01-13,739,N20,VIIRS,l,2,,298.21,1.97,D,0
27.44383,81.78291,,333.53,0.39,0.36,2025-01-13,740,N20,VIIRS,n,2,,296.02,3.29,D,0
29.06993,78.61633,,329.15,0.41,0.37,2025-01-13,741,N20,VIIRS,n,2,,294.72,2.65,D,0
31.67733,70.84364,,334.98,0.59,0.53,2025-01-13,742,N20,VIIRS,n,2,,293.58,6.24,D,0
29.0327,70.53749,,329.48,0.74,0.76,2025-01-13,922,N20,VIIRS,n,2,,287.3,4.97,D,0
22.21762,84.75455,,302.38,0.42,0.38,2025-01-13,2007,N20,VIIRS,n,2,,288.28,1.73,N,2
23.5589,87.24318,,299.17,0.52,0.42,2025-01-13,2007,N20,VIIRS,n,2,,286.11,1.16,N,2
23.77985,86.34287,,309.1,0.47,0.4,2025-01-13,2007,N20,VIIRS,n,2,,290,1.77,N,2
20.96746,86.01089,,331.73,0.49,0.4,2025-01-13,2008,N20,VIIRS,n,2,,292.28,5.34,N,2
21.79543,83.98819,,299.42,0.4,0.37,2025-01-13,2008,N20,VIIRS,n,2,,288.46,0.76,N,2
17.60823,83.20122,,312.26,0.41,0.37,2025-01-13,2009,N20,VIIRS,n,2,,292.99,1,N,2
32.2919,70.73995,,296.79,0.38,0.58,2025-01-13,2146,N20,VIIRS,n,2,,282.94,0.84,N,2
21.03997,81.82307,,341.79,0.41,0.45,2025-01-14,720,N20,VIIRS,n,2,,299.72,4.21,D,0
22.14796,82.68267,,336.94,0.53,0.42,2025-01-14,720,N20,VIIRS,n,2,,301.31,9.91,D,0
26.82636,81.78326,,329.33,0.5,0.41,2025-01-14,721,N20,VIIRS,n,2,,294.57,3.04,D,0
32.32167,73.43378,,355.42,0.38,0.59,2025-01-14,723,N20,VIIRS,n,2,,291.47,5.4,D,0
27.34928,68.5659,,337.66,0.55,0.51,2025-01-14,903,N20,VIIRS,n,2,,293.39,4.86,D,0
31.5775,77.9324,,309.26,0.43,0.62,2025-01-14,1946,N20,VIIRS,n,2,,277.74,2.79,N,0
23.67626,86.40028,,305.4,0.39,0.36,2025-01-14,1948,N20,VIIRS,n,2,,292.52,1.15,N,2
23.77622,86.36613,,314.34,0.39,0.36,2025-01-14,1948,N20,VIIRS,n,2,,289.52,1.25,N,2
21.10413,72.63566,,307.94,0.73,0.76,2025-01-14,1949,N20,VIIRS,n,2,,288.84,4.77,N,2
22.03997,83.34985,,312.43,0.48,0.4,2025-01-14,1949,N20,VIIRS,n,2,,288.86,1.33,N,2
15.17718,76.65299,,298.6,0.34,0.56,2025-01-14,1951,N20,VIIRS,n,2,,274.38,1.05,N,2
21.11064,72.64429,,301.12,0.45,0.63,2025-01-14,2130,N20,VIIRS,n,2,,289.72,1.12,N,2
23.7759,86.39011,,328.05,0.56,0.43,2025-01-15,702,N20,VIIRS,n,2,,296.97,6.14,D,2
19.32524,73.06656,,339.32,0.42,0.45,2025-01-15,841,N20,VIIRS,n,2,,300.46,2.94,D,0
29.21323,71.06713,,333.18,0.42,0.46,2025-01-15,844,N20,VIIRS,n,2,,294.97,1.62,D,0
32.07013,73.09787,,328.16,0.6,0.53,2025-01-15,845,N20,VIIRS,n,2,,293.37,3.77,D,0
23.56172,87.0817,,301.48,0.57,0.43,2025-01-15,1929,N20,VIIRS,n,2,,286.4,1.13,N,2
20.78931,85.25983,,308.21,0.45,0.47,2025-01-15,1930,N20,VIIRS,n,2,,290.89,1.62,N,2
22.79775,86.19917,,308.92,0.42,0.45,2025-01-15,1930,N20,VIIRS,n,2,,289.73,1.31,N,2
22.3209,69.88232,,301.71,0.46,0.39,2025-01-15,2111,N20,VIIRS,n,2,,288.22,0.62,N,0
27.3001,68.349,300.5,,1.5,1.2,2025-01-11,534,Terra,MODIS,38,61.03,289.6,,6.9,D,0
21.631,84.2477,316.5,,1.3,1.1,2025-01-11,849,Aqua,MODIS,72,61.03,297.7,,14.8,D,0
28.0797,81.1019,305.3,,1.1,1,2025-01-11,851,Aqua,MODIS,60,61.03,294.7,,4.7,D,0
18.4752,74.4279,303.7,,1,1,2025-01-11,1628,Terra,MODIS,57,61.03,286.9,,7.7,N,0
19.5683,75.3667,309.9,,1,1,2025-01-12,438,Terra,MODIS,58,61.03,294.7,,5.7,D,0
29.2261,70.5791,302.4,,1,1,2025-01-12,931,Aqua,MODIS,45,61.03,292.2,,4.5,D,0
22.0473,81.2186,301.6,,4.4,1.9,2025-01-13,338,Terra,MODIS,48,61.03,288.2,,29.1,D,0
21.4955,83.5549,310.3,,1.2,1.1,2025-01-13,830,Aqua,MODIS,60,61.03,296.8,,6.3,D,0
18.9585,76.4802,333,,1.1,1,2025-01-13,1609,Terra,MODIS,100,61.03,290.4,,36.9,N,0
15.3303,77.9517,318.7,,1,1,2025-01-14,908,Aqua,MODIS,68,61.03,301.2,,6.7,D,0
29.077,77.5073,304.2,,1.2,1.1,2025-01-14,912,Aqua,MODIS,58,61.03,291.8,,6.9,D,0
25.5447,69.0751,310.3,,1.3,1.1,2025-01-15,457,Terra,MODIS,69,61.03,290,,13.6,D,0
33.6611,70.8143,305.2,,2.3,1.5,2025-01-15,952,Aqua,MODIS,61,61.03,289.3,,20.3,D,0
23.55621,87.24233,,367,0.33,0.55,2025-01-16,643,N20,VIIRS,h,2,,298.1,4.26,D,3
14.72537,76.00215,,350.73,0.45,0.39,2025-01-16,821,N20,VIIRS,n,2,,303.99,14.63,D,0
17.65302,76.12919,,343.43,0.49,0.4,2025-01-16,822,N20,VIIRS,n,2,,307.06,6.14,D,0
20.73215,70.73952,,344.32,0.39,0.36,2025-01-16,823,N20,VIIRS,n,2,,311.88,7.07,D,0
21.62097,82.45152,,367,0.45,0.63,2025-01-16,823,N20,VIIRS,h,2,,299.46,12.43,D,0
25.48337,68.88454,,332.08,0.4,0.37,2025-01-16,824,N20,VIIRS,n,2,,297.31,2.42,D,0
29.6252,70.83516,,343.47,0.4,0.37,2025-01-16,825,N20,VIIRS,n,2,,296.95,36.1,D,0
31.95583,72.97678,,337.04,0.49,0.4,2025-01-16,826,N20,VIIRS,n,2,,291.84,5.76,D,0
20.94278,86.05525,,299.75,0.41,0.6,2025-01-16,1911,N20,VIIRS,n,2,,287.84,1.37,N,2
32.2915,70.73934,,298.09,0.44,0.39,2025-01-16,2049,N20,VIIRS,n,2,,282.83,1.07,N,2
26.25758,74.09555,,302.78,0.4,0.37,2025-01-16,2051,N20,VIIRS,n,2,,285,1,N,2
16.87245,80.02043,,302.28,0.4,0.6,2025-01-16,2053,N20,VIIRS,n,2,,289.52,0.74,N,2
9.95865,76.37651,,332.17,0.44,0.38,2025-01-17,801,N20,VIIRS,n,2,,300.59,1.87,D,0
14.90547,78.39574,,337.82,0.39,0.36,2025-01-17,802,N20,VIIRS,n,2,,301.9,3.62,D,0
16.53879,76.93752,,340.85,0.39,0.36,2025-01-17,803,N20,VIIRS,n,2,,303.43,2.63,D,0
17.53681,79.06943,,330.89,0.41,0.37,2025-01-17,803,N20,VIIRS,l,2,,303.18,3.69,D,0
18.58969,77.45052,,330.62,0.39,0.36,2025-01-17,803,N20,VIIRS,l,2,,304.17,3.53,D,0
19.98311,79.60739,,336.89,0.45,0.39,2025-01-17,804,N20,VIIRS,n,2,,303.61,3.64,D,0
21.17743,74.57131,,350.12,0.41,0.37,2025-01-17,804,N20,VIIRS,n,2,,301.02,3.64,D,0
21.67908,82.48893,,348.31,0.45,0.47,2025-01-17,804,N20,VIIRS,n,2,,299.53,5.41,D,0
22.78345,86.20761,,335.55,0.4,0.6,2025-01-17,804,N20,VIIRS,n,2,,298.79,3.2,D,2
26.78179,68.95514,,340.2,0.41,0.45,2025-01-17,806,N20,VIIRS,n,2,,294.94,4.45,D,0
28.5906,80.17362,,326.77,0.4,0.44,2025-01-17,806,N20,VIIRS,n,2,,294.74,2.08,D,0
32.1624,75.47316,,327.49,0.41,0.37,2025-01-17,807,N20,VIIRS,n,2,,290.05,1.81,D,0
23.74777,85.50749,,298.48,0.32,0.55,2025-01-17,2032,N20,VIIRS,n,2,,284.29,0.49,N,2
20.96535,86.0079,,322.64,0.4,0.6,2025-01-17,2033,N20,VIIRS,n,2,,289.47,3.51,N,2
21.87972,83.55272,,303.23,0.53,0.5,2025-01-17,2033,N20,VIIRS,n,2,,285.02,1.4,N,2
17.61029,83.20119,,307.39,0.61,0.53,2025-01-17,2034,N20,VIIRS,n,2,,290.58,2.44,N,2
15.52288,73.9967,,306.67,0.39,0.36,2025-01-17,2035,N20,VIIRS,n,2,,293.58,0.68,N,2
16.58847,73.74258,,339.79,0.63,0.54,2025-01-18,744,N20,VIIRS,n,2,,301.69,15.06,D,0
18.19132,78.79676,,332.48,0.45,0.39,2025-01-18,744,N20,VIIRS,n,2,,300.86,2.85,D,0
19.46252,81.92869,,335.53,0.39,0.36,2025-01-18,745,N20,VIIRS,n,2,,303.35,3.66,D,0
20.99276,75.85956,,340.42,0.39,0.44,2025-01-18,745,N20,VIIRS,n,2,,307.09,7.45,D,0
21.28888,83.92923,,330.22,0.44,0.38,2025-01-18,745,N20,VIIRS,n,2,,300.69,2.64,D,0
21.63802,83.06372,,341.07,0.41,0.37,2025-01-18,745,N20,VIIRS,n,2,,305.73,4.33,D,0
21.85865,82.76617,,330.39,0.41,0.37,2025-01-18,745,N20,VIIRS,n,2,,302.34,2.27,D,0
22.0688,84.18482,,330.19,0.46,0.39,2025-01-18,745,N20,VIIRS,n,2,,304.28,2.11,D,0
23.78236,86.21114,,341.56,0.41,0.45,2025-01-18,746,N20,VIIRS,n,2,,307.69,8.29,D,2
27.46477,81.43238,,330.04,0.41,0.37,2025-01-18,747,N20,VIIRS,n,2,,294.04,2.08,D,0
28.54089,70.04462,,338.79,0.62,0.54,2025-01-18,748,N20,VIIRS,n,2,,294.36,5.05,D,0
29.91137,74.94482,,317.68,0.52,0.5,2025-01-18,2012,N20,VIIRS,n,2,,258.24,1.3,N,2
23.77023,86.39879,,302.18,0.57,0.43,2025-01-18,2013,N20,VIIRS,n,2,,291.14,1.1,N,2
26.26949,74.18826,,301.12,0.52,0.5,2025-01-18,2013,N20,VIIRS,n,2,,287.66,1.73,N,2
21.56226,81.75547,,300.27,0.39,0.36,2025-01-18,2014,N20,VIIRS,n,2,,289.06,0.51,N,0
22.2161,84.8663,,307.6,0.5,0.41,2025-01-18,2014,N20,VIIRS,n,2,,287.05,1.78,N,2
17.61105,83.20309,,310.49,0.47,0.4,2025-01-18,2015,N20,VIIRS,n,2,,291.48,1.54,N,2
15.17425,76.69119,,308.53,0.43,0.38,2025-01-18,2016,N20,VIIRS,n,2,,291.13,1.3,N,0
16.85351,76.9258,,347,0.4,0.6,2025-01-19,725,N20,VIIRS,n,2,,299.81,15.91,D,0
18.79872,74.17039,,336.35,0.55,0.68,2025-01-19,726,N20,VIIRS,n,2,,300.61,4.16,D,0
20.72305,79.99367,,333.75,0.43,0.46,2025-01-19,726,N20,VIIRS,n,2,,304.83,3.02,D,0
21.13492,83.85403,,334.83,0.41,0.37,2025-01-19,726,N20,VIIRS,n,2,,305.45,3.34,D,0
21.52954,82.12945,,352.48,0.48,0.4,2025-01-19,726,N20,VIIRS,n,2,,310.38,5.67,D,0
21.68108,82.92905,,330.94,0.44,0.38,2025-01-19,726,N20,VIIRS,l,2,,304.76,2.58,D,0
21.84818,84.24014,,346.64,0.4,0.37,2025-01-19,726,N20,VIIRS,n,2,,310.57,4.16,D,0
22.04295,83.73465,,346.17,0.41,0.37,2025-01-19,726,N20,VIIRS,l,2,,318.49,7.61,D,2
22.227,79.59644,,335.05,0.42,0.45,2025-01-19,727,N20,VIIRS,n,2,,306.21,3.76,D,0
26.09326,79.93951,,329.21,0.52,0.42,2025-01-19,728,N20,VIIRS,n,2,,292.92,2.65,D,0
28.42585,84.42001,,327.48,0.39,0.36,2025-01-19,728,N20,VIIRS,n,2,,300.4,2.9,D,0
29.79306,77.77568,,333.24,0.39,0.44,2025-01-19,729,N20,VIIRS,n,2,,295.95,2.45,D,0
25.37097,68.81367,,367,0.34,0.56,2025-01-19,908,N20,VIIRS,h,2,,297.34,9.53,D,0
28.98962,82.53644,,320.46,0.53,0.42,2025-01-19,1953,N20,VIIRS,n,2,,282.25,2.96,N,0
23.69167,86.38708,,303.68,0.39,0.36,2025-01-19,1954,N20,VIIRS,n,2,,288.81,1.26,N,2
23.7917,86.37829,,297.86,0.39,0.36,2025-01-19,1954,N20,VIIRS,n,2,,284.66,0.39,N,0
20.97417,85.1374,,308.5,0.38,0.36,2025-01-19,1955,N20,VIIRS,n,2,,290.1,0.83,N,0
21.92076,83.34586,,299.37,0.42,0.37,2025-01-19,1955,N20,VIIRS,n,2,,287.42,1.47,N,2
22.35575,82.29504,,300.46,0.46,0.39,2025-01-19,1955,N20,VIIRS,n,2,,288,0.86,N,2
23.82943,84.93041,,312.08,0.39,0.36,2025-01-19,1955,N20,VIIRS,n,2,,285.82,1.91,N,2
15.07229,76.86234,,301.64,0.51,0.49,2025-01-19,1957,N20,VIIRS,n,2,,291.26,1.83,N,2
22.13144,72.76432,,299.54,0.55,0.68,2025-01-19,2136,N20,VIIRS,n,2,,288.58,0.29,N,2
20.18903,85.93403,,335.06,0.56,0.43,2025-01-20,707,N20,VIIRS,n,2,,303.01,8.69,D,0
21.25322,81.88023,,339.39,0.63,0.54,2025-01-20,707,N20,VIIRS,n,2,,307.71,5.53,D,0
21.6505,82.93197,,340.31,0.53,0.5,2025-01-20,708,N20,VIIRS,n,2,,304.14,4.84,D,0
22.06841,84.05196,,339.65,0.44,0.46,2025-01-20,708,N20,VIIRS,n,2,,302.76,4.82,D,0
24.81014,89.12016,,332.31,0.39,0.36,2025-01-20,708,N20,VIIRS,n,2,,298.45,3.06,D,0
28.87262,77.37192,,325.54,0.41,0.61,2025-01-20,710,N20,VIIRS,n,2,,293.42,2.52,D,0
14.85303,75.597,,335.88,0.34,0.56,2025-01-20,846,N20,VIIRS,n,2,,301.76,2.68,D,0
17.68433,77.01896,,367,0.46,0.64,2025-01-20,847,N20,VIIRS,h,2,,309.57,15.29,D,0
22.23982,75.78108,,367,0.43,0.62,2025-01-20,848,N20,VIIRS,h,2,,303.61,14.55,D,0
29.12274,71.06612,,338.78,0.53,0.5,2025-01-20,850,N20,VIIRS,n,2,,292.5,4.32,D,0
32.67505,74.3981,,339.85,0.45,0.63,2025-01-20,851,N20,VIIRS,n,2,,294.38,11.39,D,0
20.9641,86.01012,,308.86,0.5,0.41,2025-01-20,1936,N20,VIIRS,n,2,,291.95,1.87,N,2
22.0312,83.3641,,300.5,0.49,0.48,2025-01-20,1936,N20,VIIRS,n,2,,289.92,1.55,N,2
23.66562,87.15648,,306.72,0.47,0.4,2025-01-20,1936,N20,VIIRS,n,2,,289.55,1.28,N,0
23.80721,84.84373,,298.93,0.42,0.45,2025-01-20,1936,N20,VIIRS,n,2,,287.76,1.22,N,2
17.47385,77.12096,,303.51,0.55,0.68,2025-01-20,1938,N20,VIIRS,n,2,,290.09,1.34,N,0
17.50297,76.39481,,307.94,0.59,0.7,2025-01-20,2118,N20,VIIRS,n,2,,286.71,1.83,N,0
18.5551,83.2302,312.1,,1.1,1,2025-01-16,849,Aqua,MODIS,60,61.03,298.5,,6.5,D,0
23.187,78.9102,312.6,,1.1,1,2025-01-16,851,Aqua,MODIS,59,61.03,289,,9.9,D,0
17.452,75.8416,321.6,,1,1,2025-01-17,440,Terra,MODIS,75,61.03,298.4,,13.4,D,0
16.9467,74.2613,309.9,,1,1,2025-01-17,441,Terra,MODIS,52,61.03,294.4,,5.4,D,0
31.4021,72.3077,315.8,,1.3,1.1,2025-01-17,932,Aqua,MODIS,76,61.03,287.3,,19.8,D,0
25.2055,69.1479,301.7,,1.1,1,2025-01-18,518,Terra,MODIS,30,61.03,291.5,,3.3,D,0
21.4979,81.9992,314.2,,1.4,1.2,2025-01-18,831,Aqua,MODIS,60,61.03,302.8,,8.6,D,0
27.1512,83.4189,326.9,,1,1,2025-01-18,832,Aqua,MODIS,84,61.03,296.4,,24.3,D,0
22.0468,83.7306,307.3,,2.3,1.5,2025-01-18,1612,Terra,MODIS,71,61.03,288.5,,31.8,N,2
17.4026,80.626,319.2,,1.4,1.2,2025-01-19,909,Aqua,MODIS,69,61.03,303.1,,14.1,D,0
22.1658,82.2906,315.5,,2.1,1.4,2025-01-19,910,Aqua,MODIS,65,61.03,305.1,,17.7,D,0
32.2512,73.3088,315,,1,1,2025-01-19,913,Aqua,MODIS,75,61.03,290.1,,13.2,D,0
28.3713,69.7878,300.7,,1.2,1.1,2025-01-20,459,Terra,MODIS,41,61.03,288.4,,5,D,0
28.555,83.5852,307.5,,1.7,1.3,2025-01-20,814,Aqua,MODIS,65,61.03,287,,19.3,D,0
18.95595,81.97397,,331.58,0.7,0.75,2025-01-21,648,N20,VIIRS,l,2,,304.42,6.51,D,0
21.74525,83.50346,,342.13,0.49,0.65,2025-01-21,649,N20,VIIRS,n,2,,301.57,6.7,D,0
24.99017,84.94794,,327.34,0.34,0.56,2025-01-21,650,N20,VIIRS,l,2,,298.16,2.55,D,0
13.89369,75.57721,,334.9,0.5,0.41,2025-01-21,827,N20,VIIRS,n,2,,308.75,3.47,D,0
15.25546,78.2331,,334.73,0.5,0.49,2025-01-21,828,N20,VIIRS,n,2,,306.6,2.36,D,0
17.30261,73.87038,,335.84,0.45,0.39,2025-01-21,828,N20,VIIRS,l,2,,307.79,5.17,D,0
17.83228,75.05375,,333.63,0.52,0.41,2025-01-21,828,N20,VIIRS,n,2,,304.89,2.67,D,0
19.02042,74.13951,,335.02,0.48,0.4,2025-01-21,829,N20,VIIRS,n,2,,305.98,4.68,D,0
21.47418,72.85783,,344.59,0.45,0.39,2025-01-21,829,N20,VIIRS,n,2,,306.52,13.12,D,0
25.06323,68.75815,,330.85,0.38,0.36,2025-01-21,831,N20,VIIRS,n,2,,298.43,2.04,D,0
28.42465,78.05424,,326.6,0.35,0.57,2025-01-21,831,N20,VIIRS,n,2,,291.92,4.42,D,0
29.9849,72.4553,,335.19,0.52,0.42,2025-01-21,832,N20,VIIRS,n,2,,295.71,4.34,D,0
32.96542,72.91182,,339.29,0.4,0.44,2025-01-21,833,N20,VIIRS,n,2,,297.43,3.6,D,0
22.0521,88.12666,,304.52,0.49,0.48,2025-01-21,1917,N20,VIIRS,n,2,,291.03,1.9,N,2
23.68721,86.39017,,320.53,0.33,0.55,2025-01-21,1917,N20,VIIRS,n,2,,292.37,1.41,N,2
23.79205,86.35065,,301.51,0.33,0.55,2025-01-21,1917,N20,VIIRS,n,2,,290.15,1.67,N,2
16.73642,82.27666,,311.77,0.5,0.66,2025-01-21,1919,N20,VIIRS,n,2,,291.86,1.17,N,0
25.29922,71.7688,,302.68,0.39,0.37,2025-01-21,2057,N20,VIIRS,n,2,,286.2,0.69,N,0
23.17047,70.21856,,301.96,0.38,0.36,2025-01-21,2058,N20,VIIRS,n,2,,290.23,0.6,N,0
15.13979,76.70859,,300.87,0.33,0.55,2025-01-21,2100,N20,VIIRS,n,2,,287.74,0.69,N,2
12.52218,77.07477,,335.8,0.38,0.36,2025-01-22,808,N20,VIIRS,n,2,,301.75,2.74,D,0
14.04294,76.71213,,335.81,0.38,0.36,2025-01-22,808,N20,VIIRS,n,2,,305.33,7.46,D,0
15.19116,75.33559,,342.89,0.39,0.36,2025-01-22,809,N20,VIIRS,n,2,,314.15,4.24,D,0
16.94439,77.61201,,350.18,0.41,0.37,2025-01-22,809,N20,VIIRS,n,2,,316.34,7.96,D,0
17.85663,80.83513,,338.01,0.4,0.44,2025-01-22,809,N20,VIIRS,n,2,,306.79,4.52,D,0
19.02243,74.59672,,343.97,0.39,0.36,2025-01-22,810,N20,VIIRS,n,2,,312.93,3.46,D,0
20.99728,74.33513,,335.11,0.39,0.36,2025-01-22,810,N20,VIIRS,n,2,,309.53,2.3,D,0
21.66806,82.51559,,345.73,0.57,0.52,2025-01-22,810,N20,VIIRS,n,2,,307.41,6.75,D,0
21.10531,72.64682,,346.34,0.41,0.37,2025-01-22,811,N20,VIIRS,n,2,,309.61,10.14,D,2
23.75598,86.40431,,332.71,0.53,0.67,2025-01-22,811,N20,VIIRS,l,2,,307.16,7.49,D,2
27.17637,71.83878,,349.09,0.4,0.37,2025-01-22,812,N20,VIIRS,n,2,,304.19,2.21,D,0
28.27527,69.88091,,342.46,0.44,0.38,2025-01-22,813,N20,VIIRS,n,2,,295.91,10.1,D,0
31.01244,73.33784,,332.02,0.39,0.36,2025-01-22,813,N20,VIIRS,n,2,,298.83,2.69,D,0
32.83368,73.3233,,334.16,0.4,0.37,2025-01-22,814,N20,VIIRS,n,2,,297.15,2.67,D,0
23.68516,86.38849,,302.23,0.66,0.73,2025-01-22,1858,N20,VIIRS,n,2,,289.35,2.91,N,2
27.63984,85.19432,,299.23,0.32,0.55,2025-01-22,2037,N20,VIIRS,n,2,,281.36,0.51,N,0
23.68155,86.08426,,301.86,0.44,0.63,2025-01-22,2038,N20,VIIRS,n,2,,290.32,2.52,N,2
20.76416,85.2977,,301.36,0.46,0.63,2025-01-22,2039,N20,VIIRS,n,2,,291,1.55,N,2
21.9247,83.33724,,311.4,0.32,0.55,2025-01-22,2039,N20,VIIRS,n,2,,290.37,1.42,N,2
23.31503,70.19689,,296.98,0.53,0.42,2025-01-22,2039,N20,VIIRS,n,2,,286.47,0.4,N,2
21.10518,72.64281,,327.13,0.4,0.37,2025-01-22,2040,N20,VIIRS,n,2,,291.74,11.23,N,2
13.41898,77.63808,,335.77,0.49,0.4,2025-01-23,749,N20,VIIRS,n,2,,303.37,2.62,D,0
15.10901,79.1647,,333.21,0.41,0.37,2025-01-23,750,N20,VIIRS,n,2,,289.84,3.28,D,0
16.98627,77.25368,,335.43,0.46,0.39,2025-01-23,750,N20,VIIRS,n,2,,310.11,2.73,D,0
17.71352,76.58467,,333.88,0.49,0.4,2025-01-23,751,N20,VIIRS,l,2,,308.78,2.63,D,0
18.7724,84.16746,,335.81,0.51,0.41,2025-01-23,751,N20,VIIRS,n,2,,309.6,4.04,D,0
20.1419,85.87136,,333.22,0.44,0.46,2025-01-23,751,N20,VIIRS,n,2,,303.17,3.17,D,0
21.12513,79.71941,,336.37,0.38,0.36,2025-01-23,751,N20,VIIRS,n,2,,304.1,2.81,D,0
21.66501,83.00904,,338.17,0.48,0.4,2025-01-23,751,N20,VIIRS,n,2,,306.39,8.29,D,0
21.97983,82.30419,,333.85,0.45,0.39,2025-01-23,752,N20,VIIRS,l,2,,305.6,12.55,D,0
24.16592,82.62452,,343.55,0.49,0.4,2025-01-23,752,N20,VIIRS,n,2,,303.19,6.79,D,0
27.91614,75.98302,,332.36,0.4,0.37,2025-01-23,753,N20,VIIRS,n,2,,299.28,2.11,D,0
28.98043,78.04283,,331.12,0.39,0.36,2025-01-23,754,N20,VIIRS,n,2,,296.12,3.76,D,0
30.81952,73.65419,,326.31,0.45,0.39,2025-01-23,754,N20,VIIRS,n,2,,293.08,2.28,D,0
31.83184,75.4665,,330.77,0.39,0.36,2025-01-23,755,N20,VIIRS,n,2,,292.06,1.86,D,0
33.18469,73.32337,,326.69,0.43,0.38,2025-01-23,755,N20,VIIRS,n,2,,295.76,1.5,D,0
33.80639,71.3784,,319.97,0.37,0.58,2025-01-23,2017,N20,VIIRS,n,2,,283.2,1.2,N,0
32.29445,70.72882,,306.82,0.39,0.6,2025-01-23,2018,N20,VIIRS,n,2,,286.38,1.64,N,2
21.48762,81.77096,,306.01,0.44,0.38,2025-01-23,2020,N20,VIIRS,n,2,,291.89,1.26,N,2
22.79538,86.20677,,332.84,0.48,0.48,2025-01-23,2020,N20,VIIRS,n,2,,291.08,7.32,N,2
23.76451,86.40171,,317.24,0.47,0.48,2025-01-23,2020,N20,VIIRS,n,2,,291.83,3.16,N,2
17.98667,80.83197,,306.66,0.44,0.38,2025-01-23,2021,N20,VIIRS,n,2,,294.32,1.09,N,0
15.87913,75.06729,,314.75,0.43,0.38,2025-01-23,2022,N20,VIIRS,n,2,,283.33,1.25,N,0
13.8742,76.48506,,318.65,0.39,0.36,2025-01-23,2023,N20,VIIRS,n,2,,264.17,1.25,N,0
13.64903,76.00392,,337.78,0.41,0.61,2025-01-24,731,N20,VIIRS,n,2,,306.19,4.88,D,0
15.9658,74.72565,,340.34,0.45,0.63,2025-01-24,731,N20,VIIRS,n,2,,305.5,6.28,D,0
17.63517,77.82684,,344.82,0.53,0.5,2025-01-24,732,N20,VIIRS,n,2,,313.8,7.15,D,0
19.77655,74.71939,,367,0.38,0.59,2025-01-24,732,N20,VIIRS,h,2,,306.61,17.15,D,0
20.97955,83.97347,,333.29,0.38,0.36,2025-01-24,732,N20,VIIRS,n,2,,302.2,4.17,D,0
21.47293,81.73206,,335.52,0.42,0.38,2025-01-24,733,N20,VIIRS,n,2,,306.75,3.35,D,0
21.9118,84.31916,,331.92,0.38,0.36,2025-01-24,733,N20,VIIRS,n,2,,303.21,2.01,D,0
23.70784,85.43277,,330.6,0.41,0.37,2025-01-24,733,N20,VIIRS,l,2,,303.16,3.41,D,0
26.72355,81.2635,,333.61,0.4,0.37,2025-01-24,734,N20,VIIRS,n,2,,299.37,2.82,D,0
28.25589,80.94668,,328.1,0.4,0.37,2025-01-24,734,N20,VIIRS,n,2,,296.16,1.57,D,0
29.00705,76.55181,,338.15,0.39,0.44,2025-01-24,735,N20,VIIRS,n,2,,295.42,3.22,D,0
30.05742,70.77254,,339.65,0.4,0.6,2025-01-24,736,N20,VIIRS,n,2,,296.19,3.15,D,0
31.84377,70.74844,,347.03,0.36,0.58,2025-01-24,736,N20,VIIRS,n,2,,295.12,4.05,D,0
33.14799,73.9185,,327.84,0.45,0.47,2025-01-24,736,N20,VIIRS,n,2,,298.01,2.79,D,0
23.03897,70.08031,,344.95,0.49,0.65,2025-01-24,914,N20,VIIRS,n,2,,301.99,9.15,D,0
31.00145,72.11066,,333.63,0.76,0.77,2025-01-24,916,N20,VIIRS,n,2,,296.11,4.56,D,0
33.87825,73.55544,,307.43,0.53,0.67,2025-01-24,1958,N20,VIIRS,n,2,,281.1,1.77,N,0
21.68211,84.04309,,301.35,0.38,0.36,2025-01-24,2001,N20,VIIRS,n,2,,291.26,1.21,N,2
22.35954,82.30094,,304.13,0.4,0.37,2025-01-24,2001,N20,VIIRS,n,2,,290.35,0.91,N,2
23.68999,87.09714,,303.86,0.43,0.38,2025-01-24,2001,N20,VIIRS,n,2,,289.89,1.36,N,2
23.79481,86.35262,,315.63,0.41,0.37,2025-01-24,2001,N20,VIIRS,n,2,,293.86,1.44,N,2
19.74212,73.58532,,306.57,0.38,0.59,2025-01-24,2002,N20,VIIRS,n,2,,290.58,0.58,N,0
21.37936,81.68198,,306.74,0.41,0.37,2025-01-24,2002,N20,VIIRS,n,2,,293.48,2.42,N,2
17.89368,82.06879,,301.1,0.39,0.36,2025-01-24,2003,N20,VIIRS,n,2,,287.1,0.25,N,0
32.63485,70.33797,,308.31,0.57,0.52,2025-01-24,2139,N20,VIIRS,n,2,,278.98,2.83,N,0
33.92682,73.30522,,316.49,0.39,0.59,2025-01-24,2139,N20,VIIRS,n,2,,277.88,1.56,N,0
17.68861,77.82979,,344.09,0.54,0.68,2025-01-25,713,N20,VIIRS,n,2,,309.04,4.39,D,0
20.9126,82.02937,,346.83,0.5,0.49,2025-01-25,714,N20,VIIRS,n,2,,305.44,15.17,D,0
21.69979,84.1983,,336.13,0.54,0.42,2025-01-25,714,N20,VIIRS,n,2,,302.84,7.61,D,0
23.5223,87.49922,,329.33,0.39,0.36,2025-01-25,714,N20,VIIRS,l,2,,301.99,2.24,D,0
26.5159,82.07059,,336.03,0.39,0.44,2025-01-25,715,N20,VIIRS,n,2,,298.6,5.52,D,0
28.99249,77.51821,,348.23,0.32,0.55,2025-01-25,716,N20,VIIRS,n,2,,296.24,2.91,D,0
31.769,70.72756,,344.86,0.68,0.74,2025-01-25,717,N20,VIIRS,n,2,,297.05,5.25,D,0
33.21694,73.24971,,327.46,0.45,0.63,2025-01-25,718,N20,VIIRS,n,2,,297.11,1.65,D,0
13.94364,76.47816,,331.23,0.49,0.65,2025-01-25,852,N20,VIIRS,n,2,,302.49,1.71,D,0
17.05448,77.55257,,334.68,0.63,0.72,2025-01-25,853,N20,VIIRS,l,2,,305.71,4.12,D,0
18.98271,73.17841,,346.59,0.34,0.56,2025-01-25,854,N20,VIIRS,n,2,,305.94,4.84,D,0
24.98032,68.41924,,332.14,0.41,0.45,2025-01-25,856,N20,VIIRS,n,2,,303.56,1.98,D,0
28.54447,68.79655,,354.52,0.47,0.48,2025-01-25,857,N20,VIIRS,n,2,,306.65,8.39,D,0
31.35617,73.45756,,329.74,0.48,0.65,2025-01-25,857,N20,VIIRS,n,2,,297.06,2.93,D,0
32.96015,72.14978,,367,0.42,0.61,2025-01-25,858,N20,VIIRS,h,2,,302.17,5.99,D,0
33.77438,71.31101,,337.85,0.38,0.59,2025-01-25,858,N20,VIIRS,n,2,,292.1,6.16,D,0
28.95075,82.28536,,297.69,0.55,0.51,2025-01-25,1941,N20,VIIRS,n,2,,279.04,2.1,N,0
23.64954,85.43786,,310.23,0.47,0.4,2025-01-25,1942,N20,VIIRS,n,2,,286.41,1.2,N,0
23.77598,86.21005,,304.99,0.44,0.38,2025-01-25,1942,N20,VIIRS,n,2,,289.89,1.54,N,2
24.66359,74.62849,,298.06,0.74,0.76,2025-01-25,1942,N20,VIIRS,n,2,,285.43,2.32,N,2
21.68065,84.04308,,301.72,0.53,0.42,2025-01-25,1943,N20,VIIRS,n,2,,290.66,1.28,N,2
18.18887,76.68964,,299.88,0.47,0.64,2025-01-25,1944,N20,VIIRS,n,2,,286.84,0.58,N,0
33.47247,73.50394,,306.39,0.45,0.47,2025-01-25,2120,N20,VIIRS,n,2,,275.22,1.03,N,0
34.03842,73.19782,,319.48,0.42,0.45,2025-01-25,2120,N20,VIIRS,n,2,,278.35,3.21,N,0
19.10686,73.05242,,306.51,0.42,0.61,2025-01-25,2124,N20,VIIRS,n,2,,293.32,0.78,N,2
12.7816,79.4397,310.2,,1.3,1.1,2025-01-21,849,Aqua,MODIS,54,61.03,295.1,,7.3,D,0
21.4129,81.8028,335.5,,1,1,2025-01-21,851,Aqua,MODIS,86,61.03,308.7,,27.2,D,0
24.8631,81.2867,314.1,,1,1,2025-01-21,852,Aqua,MODIS,67,61.03,301.3,,7.7,D,0
16.7227,74.942,312,,1.1,1.1,2025-01-21,1632,Terra,MODIS,84,61.03,289.9,,14.4,N,0
16.6153,77.4036,314.8,,1.2,1.1,2025-01-22,443,Terra,MODIS,62,61.03,303.1,,7.9,D,0
17.7155,75.1047,322.6,,1.3,1.1,2025-01-22,929,Aqua,MODIS,64,61.03,306.5,,12.7,D,0
29.5357,70.9317,316.6,,1.1,1,2025-01-22,933,Aqua,MODIS,76,61.03,290.8,,15.8,D,0
31.8249,70.7435,308.3,,1.1,1.1,2025-01-23,519,Terra,MODIS,67,61.03,289.6,,10,D,0
28.2524,70.0765,312.4,,1.2,1.1,2025-01-23,520,Terra,MODIS,71,61.03,291.6,,13.6,D,0
22.0415,83.7356,332.3,,1.1,1,2025-01-23,832,Aqua,MODIS,84,61.03,308.4,,27.1,D,2
16.469,75.143,302.9,,1.1,1.1,2025-01-23,1613,Terra,MODIS,52,61.03,291.5,,6,N,0
33.6001,71.6511,318.7,,1,1,2025-01-23,1618,Terra,MODIS,97,61.03,284.9,,21.2,N,0
19.1114,77.2543,309.1,,1.2,1.1,2025-01-24,424,Terra,MODIS,39,61.03,299,,5.4,D,0
17.7664,73.2839,319.6,,1.3,1.1,2025-01-24,910,Aqua,MODIS,52,61.03,301.2,,14.4,D,0
26.9337,71.5383,315.3,,1.2,1.1,2025-01-24,913,Aqua,MODIS,45,61.03,302.9,,5.3,D,0
32.4015,72.7117,313.5,,1,1,2025-01-24,914,Aqua,MODIS,69,61.03,296,,10,D,2
34.6882,71.9133,311.1,,1,1,2025-01-24,915,Aqua,MODIS,64,61.03,290.4,,11.5,D,0
28.0683,69.5778,303,,1.1,1.1,2025-01-25,501,Terra,MODIS,45,61.03,291.7,,4.7,D,0
16.943,74.4851,311.2,,1.7,1.3,2025-01-25,504,Terra,MODIS,45,61.03,300.5,,9.5,D,0
33.6846,71.2192,306.6,,2.5,1.5,2025-01-25,954,Aqua,MODIS,36,61.03,295.3,,16.7,D,0
20.89347,82.04667,,345.02,0.5,0.66,2025-01-26,655,N20,VIIRS,n,2,,301.62,7.95,D,0
21.94103,84.30577,,343.17,0.34,0.56,2025-01-26,655,N20,VIIRS,n,2,,302.91,3.35,D,0
23.42729,79.42004,,328.47,0.64,0.72,2025-01-26,656,N20,VIIRS,n,2,,299.56,3.33,D,0
12.30427,76.90719,,337.55,0.48,0.48,2025-01-26,833,N20,VIIRS,n,2,,306.35,5.8,D,0
13.43794,76.62991,,367,0.47,0.48,2025-01-26,833,N20,VIIRS,h,2,,306.49,7.68,D,0
13.94445,76.00642,,344.34,0.44,0.46,2025-01-26,834,N20,VIIRS,n,2,,309.73,9.49,D,0
14.61011,75.82762,,343.6,0.44,0.46,2025-01-26,834,N20,VIIRS,l,2,,315.11,5.81,D,0
15.89604,75.92245,,341.11,0.46,0.47,2025-01-26,834,N20,VIIRS,l,2,,313.81,9.37,D,0
17.45135,77.16412,,342.93,0.58,0.52,2025-01-26,834,N20,VIIRS,n,2,,305.44,7.92,D,0
18.38331,79.70721,,336.64,0.44,0.62,2025-01-26,835,N20,VIIRS,n,2,,304.12,2.42,D,0
21.10666,72.64642,,337.66,0.51,0.41,2025-01-26,836,N20,VIIRS,l,2,,308.96,7.45,D,2
24.92796,68.95366,,344.19,0.4,0.37,2025-01-26,837,N20,VIIRS,n,2,,310.35,8.47,D,0
27.37586,68.49535,,332.57,0.4,0.37,2025-01-26,838,N20,VIIRS,n,2,,301.08,1.95,D,0
29.5075,71.87811,,334.44,0.39,0.44,2025-01-26,838,N20,VIIRS,n,2,,303.61,2.31,D,0
31.41295,77.67192,,367,0.45,0.63,2025-01-26,838,N20,VIIRS,h,2,,303.76,5.92,D,0
32.55672,76.14748,,326.46,0.37,0.58,2025-01-26,839,N20,VIIRS,n,2,,299.81,2.13,D,0
33.46922,75.69751,,330.35,0.36,0.57,2025-01-26,839,N20,VIIRS,n,2,,299.87,6.36,D,0
22.35964,87.29043,,308.26,0.44,0.46,2025-01-26,1923,N20,VIIRS,n,2,,291,1.51,N,2
23.73423,86.4343,,298.63,0.52,0.5,2025-01-26,1923,N20,VIIRS,n,2,,288.53,2.95,N,2
20.79301,85.25011,,300.29,0.57,0.52,2025-01-26,1924,N20,VIIRS,n,2,,289.86,1.31,N,2
21.98855,82.01211,,298.68,0.47,0.64,2025-01-26,1924,N20,VIIRS,n,2,,287.87,0.57,N,0
33.46689,75.76003,,306.49,0.5,0.41,2025-01-26,2101,N20,VIIRS,n,2,,273.05,1.1,N,0
33.8602,70.20054,,305.51,0.39,0.36,2025-01-26,2101,N20,VIIRS,n,2,,278.26,0.96,N,0
30.89357,77.74348,,295.88,0.47,0.48,2025-01-26,2102,N20,VIIRS,n,2,,277.38,0.55,N,0
32.72181,72.92365,,299.67,0.41,0.37,2025-01-26,2102,N20,VIIRS,n,2,,283.12,1,N,2
22.35483,82.29015,,295.35,0.69,0.74,2025-01-26,2104,N20,VIIRS,n,2,,284.73,0.55,N,2
15.02646,76.12449,,306.57,0.39,0.59,2025-01-26,2106,N20,VIIRS,n,2,,288.75,1.11,N,0
23.75978,86.40408,,338.09,0.46,0.63,2025-01-27,637,N20,VIIRS,n,2,,303.73,7.45,D,2
11.76885,76.54108,,336.36,0.39,0.37,2025-01-27,814,N20,VIIRS,n,2,,304.31,3.06,D,0
13.51344,77.70071,,339.92,0.44,0.38,2025-01-27,815,N20,VIIRS,n,2,,307.36,3.45,D,0
14.4233,77.21899,,346.78,0.43,0.38,2025-01-27,815,N20,VIIRS,n,2,,315.2,13.91,D,0
15.61103,77.71695,,341.85,0.46,0.39,2025-01-27,815,N20,VIIRS,n,2,,316.34,5.64,D,0
17.27336,76.87045,,336.81,0.44,0.38,2025-01-27,816,N20,VIIRS,l,2,,311.79,1.22,D,0
18.37023,77.75906,,344.7,0.5,0.41,2025-01-27,816,N20,VIIRS,n,2,,311.34,5.39,D,0
19.6121,73.31908,,338.45,0.38,0.36,2025-01-27,816,N20,VIIRS,l,2,,309.59,2.22,D,0
20.87845,79.13006,,331.15,0.43,0.46,2025-01-27,817,N20,VIIRS,l,2,,305.65,1.79,D,0
21.51575,71.37209,,349.35,0.4,0.37,2025-01-27,817,N20,VIIRS,n,2,,312.58,4.56,D,0
21.7639,84.00521,,331.13,0.45,0.63,2025-01-27,817,N20,VIIRS,n,2,,303.77,2.69,D,0
22.16858,82.28783,,348.55,0.35,0.57,2025-01-27,817,N20,VIIRS,n,2,,307.84,4.15,D,0
24.09627,79.17981,,329.81,0.47,0.48,2025-01-27,817,N20,VIIRS,l,2,,304.57,3.54,D,0
25.70263,68.71391,,341.88,0.45,0.39,2025-01-27,818,N20,VIIRS,n,2,,308.56,38.8,D,0
27.87517,69.24336,,334.78,0.41,0.37,2025-01-27,819,N20,VIIRS,l,2,,305.92,3.52,D,0
29.16872,81.54165,,333.66,0.38,0.59,2025-01-27,819,N20,VIIRS,n,2,,298.48,5.1,D,0
30.77836,78.46485,,343.77,0.51,0.5,2025-01-27,819,N20,VIIRS,n,2,,299.8,5.63,D,0
31.54526,77.59137,,329.48,0.47,0.47,2025-01-27,820,N20,VIIRS,l,2,,299.83,6.89,D,0
32.70833,75.86799,,337.31,0.39,0.44,2025-01-27,820,N20,VIIRS,n,2,,297.81,4.08,D,0
33.46183,75.77875,,352.27,0.39,0.44,2025-01-27,820,N20,VIIRS,n,2,,300.93,9.18,D,0
22.7873,86.19493,,298.04,0.53,0.67,2025-01-27,1904,N20,VIIRS,n,2,,287.02,2.01,N,3
20.76129,85.28891,,308.36,0.57,0.69,2025-01-27,1905,N20,VIIRS,n,2,,290.86,2.43,N,2
34.0318,73.464,,327.79,0.42,0.38,2025-01-27,2042,N20,VIIRS,n,2,,284.57,2.84,N,0
31.26842,77.33251,,298.44,0.41,0.37,2025-01-27,2043,N20,VIIRS,n,2,,280.31,0.55,N,0
32.97142,73.11553,,306.16,0.42,0.38,2025-01-27,2043,N20,VIIRS,n,2,,272.48,0.72,N,0
33.6889,72.71105,,304.94,0.44,0.38,2025-01-27,2043,N20,VIIRS,n,2,,280.25,1.45,N,2
21.30911,81.59103,,309.91,0.33,0.55,2025-01-27,2045,N20,VIIRS,n,2,,290.38,1.37,N,2
22.18561,82.12138,,297.6,0.34,0.56,2025-01-27,2045,N20,VIIRS,n,2,,285.7,0.53,N,0
23.76468,86.40166,,307.33,0.58,0.7,2025-01-27,2045,N20,VIIRS,n,2,,289.2,3.05,N,2
19.53034,71.29779,,316.91,0.39,0.36,2025-01-27,2046,N20,VIIRS,n,2,,296.67,1.19,N,3
17.53115,74.14978,,303.85,0.43,0.38,2025-01-27,2047,N20,VIIRS,n,2,,287.45,1.01,N,0
9.45989,77.06541,,350.77,0.49,0.4,2025-01-28,755,N20,VIIRS,n,2,,301.73,7.51,D,0
13.37127,77.59684,,347.9,0.42,0.38,2025-01-28,756,N20,VIIRS,n,2,,307.74,5.35,D,0
14.57607,75.99126,,331.2,0.48,0.4,2025-01-28,756,N20,VIIRS,n,2,,300.9,4.95,D,0
15.99109,76.97075,,334.14,0.42,0.38,2025-01-28,756,N20,VIIRS,n,2,,303.2,1.92,D,0
17.09899,77.24178,,338.8,0.4,0.37,2025-01-28,757,N20,VIIRS,l,2,,312.58,2.56,D,0
17.76626,76.52743,,340.09,0.42,0.38,2025-01-28,757,N20,VIIRS,l,2,,311.55,3.17,D,0
18.63665,78.24727,,333.16,0.38,0.36,2025-01-28,757,N20,VIIRS,n,2,,305.84,1.75,D,0
19.8294,84.29684,,335,0.44,0.46,2025-01-28,757,N20,VIIRS,n,2,,305.11,4.33,D,0
21.05111,81.62894,,343.7,0.48,0.4,2025-01-28,758,N20,VIIRS,n,2,,309.31,6.13,D,0
21.42971,81.80013,,347.92,0.5,0.41,2025-01-28,758,N20,VIIRS,n,2,,307.6,6.59,D,0
21.77721,82.61119,,330.3,0.55,0.43,2025-01-28,758,N20,VIIRS,l,2,,304.92,2.3,D,0
22.2152,82.70531,,344.14,0.57,0.43,2025-01-28,758,N20,VIIRS,n,2,,308.75,5.93,D,0
22.95995,70.76466,,344.4,0.46,0.47,2025-01-28,759,N20,VIIRS,n,2,,303.98,10.45,D,0
25.23523,68.63843,,333.36,0.57,0.52,2025-01-28,759,N20,VIIRS,n,2,,301.74,4.19,D,0
26.71428,68.20679,,337.23,0.56,0.52,2025-01-28,800,N20,VIIRS,n,2,,298.49,3.33,D,0
28.34092,80.82998,,332.38,0.53,0.42,2025-01-28,800,N20,VIIRS,n,2,,296.5,4.51,D,0
29.20154,77.35249,,333.68,0.4,0.37,2025-01-28,800,N20,VIIRS,n,2,,298.34,3.11,D,0
30.58148,79.52511,,347.79,0.48,0.4,2025-01-28,800,N20,VIIRS,n,2,,305.53,9.99,D,0
31.29849,72.40389,,330.81,0.43,0.38,2025-01-28,801,N20,VIIRS,n,2,,296.55,3.48,D,0
32.00832,76.99597,,342.63,0.41,0.37,2025-01-28,801,N20,VIIRS,n,2,,297.6,6.04,D,0
33.22972,73.4341,,331.4,0.39,0.36,2025-01-28,801,N20,VIIRS,n,2,,298.28,1.52,D,0
33.32781,75.79585,,308.36,0.52,0.41,2025-01-28,2024,N20,VIIRS,n,2,,276.63,2.13,N,0
22.05753,88.12315,,312.48,0.41,0.61,2025-01-28,2026,N20,VIIRS,n,2,,291.05,0.94,N,2
23.67784,86.39763,,305.93,0.59,0.53,2025-01-28,2026,N20,VIIRS,n,2,,292.02,2.93,N,2
24.14518,82.68086,,299.11,0.52,0.42,2025-01-28,2026,N20,VIIRS,n,2,,284.65,0.8,N,0
21.24605,79.22421,,310.18,0.41,0.37,2025-01-28,2027,N20,VIIRS,n,2,,290.07,1.23,N,2
18.15943,75.54633,,310.25,0.39,0.36,2025-01-28,2028,N20,VIIRS,n,2,,287.74,0.7,N,0
15.17939,76.67327,,331.74,0.39,0.36,2025-01-28,2029,N20,VIIRS,n,2,,294.26,2,N,2
13.50608,76.82282,,354.04,0.57,0.52,2025-01-29,737,N20,VIIRS,n,2,,310.06,27.94,D,0
14.97029,75.28939,,347.8,0.34,0.56,2025-01-29,737,N20,VIIRS,n,2,,300.63,3.57,D,0
17.35848,76.30708,,331.6,0.53,0.5,2025-01-29,738,N20,VIIRS,n,2,,306.45,1.06,D,0
19.09333,84.68356,,333.5,0.4,0.37,2025-01-29,738,N20,VIIRS,n,2,,300.71,3.43,D,0
20.80514,85.25829,,333.58,0.43,0.38,2025-01-29,739,N20,VIIRS,l,2,,306.42,6.31,D,2
21.40296,76.82745,,342.44,0.41,0.45,2025-01-29,739,N20,VIIRS,n,2,,304.59,4,D,0
21.70498,83.00909,,334.29,0.39,0.36,2025-01-29,739,N20,VIIRS,n,2,,305.83,2.8,D,0
22.00188,82.25228,,332.06,0.38,0.36,2025-01-29,739,N20,VIIRS,l,2,,304.3,2.64,D,0
23.77495,86.36122,,332.24,0.51,0.41,2025-01-29,739,N20,VIIRS,l,2,,302.92,2.96,D,2
25.17297,68.54504,,339.07,0.56,0.69,2025-01-29,741,N20,VIIRS,n,2,,299.32,7.88,D,0
28.21608,80.59706,,334.7,0.38,0.36,2025-01-29,741,N20,VIIRS,n,2,,296.69,8.14,D,0
29.42029,77.51243,,329.42,0.44,0.38,2025-01-29,741,N20,VIIRS,n,2,,293.81,2.57,D,0
31.67751,70.65786,,332.77,0.6,0.53,2025-01-29,742,N20,VIIRS,n,2,,293.08,3.83,D,0
28.04366,69.33115,,367,0.62,0.71,2025-01-29,922,N20,VIIRS,h,2,,298.8,12.36,D,0
22.79847,86.0918,,300.97,0.47,0.4,2025-01-29,2007,N20,VIIRS,n,2,,290.85,0.54,N,2
23.77398,86.19981,,302.4,0.46,0.39,2025-01-29,2007,N20,VIIRS,n,2,,291.08,2.92,N,2
24.7662,74.60683,,305.48,0.59,0.53,2025-01-29,2007,N20,VIIRS,n,2,,291.18,2.12,N,2
21.29961,81.60667,,311.1,0.39,0.36,2025-01-29,2008,N20,VIIRS,n,2,,293.1,1.22,N,2
22.10505,83.11859,,314.28,0.39,0.36,2025-01-29,2008,N20,VIIRS,n,2,,292.32,1.49,N,2
18.24206,74.95392,,305.99,0.47,0.47,2025-01-29,2009,N20,VIIRS,n,2,,291.39,1.52,N,0
15.18432,76.67099,,302.79,0.51,0.41,2025-01-29,2010,N20,VIIRS,n,2,,292.64,1.08,N,0
13.89111,76.26128,,331.95,0.64,0.72,2025-01-30,718,N20,VIIRS,n,2,,301.58,5.87,D,0
16.45224,77.3327,,341.21,0.48,0.65,2025-01-30,719,N20,VIIRS,n,2,,308.33,3.44,D,0
19.36789,77.04393,,336.83,0.44,0.62,2025-01-30,720,N20,VIIRS,n,2,,302.15,4.71,D,0
21.25256,82.57207,,334.49,0.55,0.42,2025-01-30,720,N20,VIIRS,n,2,,304.32,19.33,D,0
21.90724,83.99084,,337.51,0.46,0.39,2025-01-30,720,N20,VIIRS,n,2,,303.54,3.6,D,0
22.78545,79.76917,,347.9,0.5,0.49,2025-01-30,721,N20,VIIRS,n,2,,303.42,5.7,D,0
27.40837,83.70367,,329.95,0.41,0.37,2025-01-30,722,N20,VIIRS,n,2,,295.52,2.29,D,0
29.04241,81.53153,,327.87,0.47,0.4,2025-01-30,722,N20,VIIRS,n,2,,294.77,5.44,D,0
30.51695,71.7044,,343.54,0.52,0.67,2025-01-30,723,N20,VIIRS,n,2,,292.41,7.29,D,0
33.06324,73.77482,,335.54,0.35,0.56,2025-01-30,724,N20,VIIRS,n,2,,292.09,2.05,D,0
16.84629,73.35371,,346.66,0.42,0.61,2025-01-30,900,N20,VIIRS,n,2,,305.7,4.9,D,0
22.4468,75.8535,,343.73,0.71,0.75,2025-01-30,901,N20,VIIRS,n,2,,304.15,8.73,D,0
28.26777,69.69652,,339.65,0.33,0.55,2025-01-30,903,N20,VIIRS,n,2,,296.23,5.13,D,0
32.26658,72.15073,,328.21,0.51,0.66,2025-01-30,904,N20,VIIRS,n,2,,293.17,3.09,D,0
23.6635,85.55025,,297.07,0.41,0.37,2025-01-30,1948,N20,VIIRS,n,2,,286.32,0.34,N,0
23.77489,86.36462,,335.02,0.39,0.36,2025-01-30,1948,N20,VIIRS,n,2,,295.07,4.15,N,2
20.95002,86.04865,,323.3,0.39,0.36,2025-01-30,1949,N20,VIIRS,n,2,,294.15,1.75,N,2
21.93025,85.21766,,301.77,0.41,0.37,2025-01-30,1949,N20,VIIRS,n,2,,289.53,0.65,N,2
22.85704,86.05648,,307.17,0.39,0.37,2025-01-30,1949,N20,VIIRS,n,2,,292.72,0.87,N,2
15.18407,76.67364,,318.62,0.34,0.56,2025-01-30,1951,N20,VIIRS,n,2,,296.51,1.51,N,0
26.09196,68.8789,,295.78,0.42,0.45,2025-01-30,2129,N20,VIIRS,n,2,,284.98,0.66,N,2
25.6985,68.7453,305.7,,2.3,1.5,2025-01-26,541,Terra,MODIS,41,61.03,294.3,,16.6,D,0
19.9914,82.2188,318,,1,1,2025-01-26,851,Aqua,MODIS,46,61.03,306.2,,8,D,0
22.0326,79.1588,313.4,,1.1,1,2025-01-26,852,Aqua,MODIS,59,61.03,299.9,,8,D,0
28.2157,77.7768,306.2,,1,1,2025-01-26,854,Aqua,MODIS,58,61.03,293.7,,5.4,D,0
32.9674,72.215,316.2,,1.7,1.3,2025-01-26,855,Aqua,MODIS,73,61.03,300,,18.2,D,0
18.5697,76.1885,300.4,,1.6,1.2,2025-01-26,1635,Terra,MODIS,26,61.03,289.4,,9.7,N,2
17.026,76.3241,313.4,,1.1,1.1,2025-01-27,445,Terra,MODIS,47,61.03,302.8,,6.1,D,0
13.8146,77.9484,326.9,,1.8,1.3,2025-01-27,929,Aqua,MODIS,76,61.03,305.4,,32.1,D,0
29.2211,70.5289,312.8,,1,1,2025-01-27,933,Aqua,MODIS,60,61.03,297.7,,9.4,D,0
33.5138,73.3737,311.4,,1.6,1.3,2025-01-27,934,Aqua,MODIS,67,61.03,296.8,,14,D,0
25.7944,68.7739,303.2,,1.2,1.1,2025-01-28,522,Terra,MODIS,34,61.03,291.8,,5.1,D,0
25.1609,68.4654,309.8,,1.1,1.1,2025-01-28,523,Terra,MODIS,62,61.03,294.6,,8.3,D,0
21.8705,86.8435,311.8,,1,1,2025-01-28,832,Aqua,MODIS,61,61.03,299,,6.1,D,0
31.5826,77.3349,300.3,,1.8,1.3,2025-01-28,835,Aqua,MODIS,34,61.03,284.8,,11.3,D,0
16.3673,75.3157,315.3,,1.3,1.1,2025-01-29,426,Terra,MODIS,69,61.03,296.8,,13.3,D,0
13.691,77.5115,325.6,,1,1,2025-01-29,910,Aqua,MODIS,64,61.03,313.2,,9.8,D,0
18.4151,73.1566,316.9,,1.3,1.1,2025-01-29,911,Aqua,MODIS,37,61.03,306.8,,8.9,D,0
27.5275,71.9499,326.1,,1.1,1.1,2025-01-29,913,Aqua,MODIS,64,61.03,306.7,,13.7,D,0
31.0711,72.1022,302.4,,1,1,2025-01-30,502,Terra,MODIS,52,61.03,288.2,,4.9,D,0
25.5082,74.5803,310.5,,1.3,1.1,2025-01-30,504,Terra,MODIS,64,61.03,297.9,,9,D,0
15.0991,75.7705,309.9,,2,1.4,2025-01-30,1557,Terra,MODIS,79,61.03,291.9,,26.5,N,0
21.09306,82.49902,,335.31,0.37,0.58,2025-01-31,701,N20,VIIRS,n,2,,297.73,2.92,D,0
25.2853,77.44834,,326.83,0.61,0.71,2025-01-31,703,N20,VIIRS,n,2,,301.6,3.95,D,0
28.89295,82.61939,,337.16,0.5,0.49,2025-01-31,703,N20,VIIRS,n,2,,281.49,23.59,D,0
9.3708,77.15912,,341.37,0.58,0.52,2025-01-31,839,N20,VIIRS,n,2,,283.72,12.96,D,0
14.20932,76.43519,,342.1,0.6,0.53,2025-01-31,840,N20,VIIRS,n,2,,308.56,6,D,0
16.23463,74.21203,,342.95,0.46,0.47,2025-01-31,841,N20,VIIRS,n,2,,311.83,5.39,D,0
17.39211,78.14928,,344.55,0.43,0.62,2025-01-31,841,N20,VIIRS,n,2,,305.54,3.86,D,0
18.0764,77.65749,,350.36,0.41,0.6,2025-01-31,841,N20,VIIRS,n,2,,309.19,8.36,D,0
20.37572,75.68753,,336.84,0.32,0.55,2025-01-31,842,N20,VIIRS,n,2,,306.15,3.19,D,0
25.03315,68.47843,,334.46,0.43,0.38,2025-01-31,843,N20,VIIRS,n,2,,302.95,2.54,D,0
28.09522,69.37045,,331.05,0.5,0.41,2025-01-31,844,N20,VIIRS,n,2,,297.09,3.91,D,0
30.3986,70.84426,,333.51,0.43,0.46,2025-01-31,845,N20,VIIRS,n,2,,295.76,2.09,D,0
32.33004,75.2236,,346.35,0.41,0.6,2025-01-31,845,N20,VIIRS,n,2,,292.52,6.02,D,0
23.64979,85.4369,,307.91,0.47,0.48,2025-01-31,1929,N20,VIIRS,n,2,,288.38,1.29,N,0
23.83021,84.92928,,313.53,0.51,0.5,2025-01-31,1929,N20,VIIRS,n,2,,288.02,2.64,N,2
21.80113,82.0394,,303.04,0.37,0.58,2025-01-31,1930,N20,VIIRS,n,2,,292.19,0.7,N,0
13.16284,80.28387,,306.12,0.38,0.59,2025-01-31,1933,N20,VIIRS,n,2,,294.03,0.87,N,2
24.82274,73.09275,,307.81,0.41,0.45,2025-01-31,2110,N20,VIIRS,n,2,,289.58,1.81,N,2
18.69108,73.0406,,309.9,0.53,0.5,2025-01-31,2112,N20,VIIRS,n,2,,292.33,3.25,N,2
28.34472,85.39198,,335.05,0.34,0.56,2025-02-01,644,N20,VIIRS,n,2,,299.74,8.96,D,0
13.79144,77.23743,,341.41,0.5,0.41,2025-02-01,821,N20,VIIRS,n,2,,314.02,4.72,D,0
14.97521,75.36993,,346.51,0.42,0.38,2025-02-01,821,N20,VIIRS,n,2,,314.35,6.36,D,0
16.75429,78.46308,,345.85,0.43,0.46,2025-02-01,822,N20,VIIRS,n,2,,314.27,3.26,D,0
17.57302,77.9856,,339.49,0.41,0.45,2025-02-01,822,N20,VIIRS,l,2,,309.76,4.42,D,0
18.22368,76.55071,,335.57,0.52,0.41,2025-02-01,822,N20,VIIRS,l,2,,308.13,9.25,D,0
20.02786,82.16473,,339.71,0.41,0.61,2025-02-01,822,N20,VIIRS,n,2,,305.39,3.96,D,0
21.00186,81.23241,,353.18,0.37,0.58,2025-02-01,823,N20,VIIRS,n,2,,304.86,6.8,D,0
22.16248,82.28255,,332.9,0.44,0.63,2025-02-01,823,N20,VIIRS,n,2,,298.52,3.74,D,0
24.95893,68.41356,,333.98,0.42,0.37,2025-02-01,824,N20,VIIRS,n,2,,301.37,5.1,D,0
27.68741,68.53872,,332.67,0.4,0.37,2025-02-01,825,N20,VIIRS,n,2,,299.24,26.86,D,0
28.57205,70.39816,,330.75,0.39,0.36,2025-02-01,825,N20,VIIRS,n,2,,295.86,3.35,D,0
29.34864,79.12241,,341.15,0.34,0.56,2025-02-01,825,N20,VIIRS,n,2,,301.11,5.11,D,0
31.1178,73.10869,,332.36,0.49,0.4,2025-02-01,826,N20,VIIRS,n,2,,295.53,5.07,D,0
31.95784,73.02157,,334.33,0.49,0.4,2025-02-01,826,N20,VIIRS,n,2,,292.58,4.22,D,0
23.68739,86.39004,,310.91,0.41,0.61,2025-02-01,1910,N20,VIIRS,n,2,,289.99,1.67,N,2
21.36459,81.67917,,301.16,0.79,0.78,2025-02-01,1911,N20,VIIRS,n,2,,291.06,1.79,N,2
30.37831,79.48596,,299.35,0.4,0.45,2025-02-01,2049,N20,VIIRS,n,2,,276.95,1.01,N,0
29.13699,82.50413,,345.57,0.32,0.55,2025-02-01,2050,N20,VIIRS,n,2,,272.23,4.71,N,0
23.77776,86.38845,,298.84,0.73,0.76,2025-02-01,2051,N20,VIIRS,n,2,,287.91,3.86,N,2
20.97466,85.13341,,312.54,0.7,0.75,2025-02-01,2052,N20,VIIRS,n,2,,292.19,3.9,N,2
16.88978,76.87965,,302.97,0.5,0.49,2025-02-01,2053,N20,VIIRS,n,2,,290,0.59,N,0
19.79759,74.10813,,297.19,0.47,0.4,2025-02-01,2053,N20,VIIRS,n,2,,286.58,0.57,N,0
9.34747,78.07204,,334.16,0.39,0.36,2025-02-02,801,N20,VIIRS,l,2,,305.23,2.24,D,0
12.72131,79.55531,,337.96,0.4,0.37,2025-02-02,802,N20,VIIRS,n,2,,310.06,4.01,D,0
13.64849,77.17726,,345.96,0.39,0.36,2025-02-02,802,N20,VIIRS,n,2,,314.38,4.44,D,0
14.19581,75.73642,,335.1,0.42,0.38,2025-02-02,802,N20,VIIRS,n,2,,305.71,2.09,D,0
14.9483,76.14302,,344.32,0.4,0.37,2025-02-02,802,N20,VIIRS,l,2,,316.94,9.15,D,0
16.3677,77.20781,,345.94,0.38,0.36,2025-02-02,803,N20,VIIRS,n,2,,317.86,6.18,D,0
17.27741,80.06116,,335.28,0.44,0.38,2025-02-02,803,N20,VIIRS,l,2,,308.83,3.3,D,0
17.59741,76.94098,,349.69,0.38,0.36,2025-02-02,803,N20,VIIRS,n,2,,311.66,5.85,D,0
18.10212,73.74197,,338.58,0.46,0.39,2025-02-02,803,N20,VIIRS,n,2,,306.67,2.49,D,0
19.42571,82.68219,,340.05,0.43,0.46,2025-02-02,803,N20,VIIRS,n,2,,303.32,4.02,D,0
20.13518,80.71221,,334.34,0.51,0.41,2025-02-02,804,N20,VIIRS,n,2,,302.39,2.47,D,0
21.07547,74.39384,,355.63,0.41,0.37,2025-02-02,804,N20,VIIRS,l,2,,308.92,10.91,D,0
21.62997,84.05282,,341.63,0.56,0.52,2025-02-02,804,N20,VIIRS,n,2,,303.02,10.7,D,0
22.11075,79.6161,,335.84,0.47,0.4,2025-02-02,804,N20,VIIRS,n,2,,303.84,4.61,D,0
24.5402,68.09183,,334.84,0.5,0.49,2025-02-02,805,N20,VIIRS,n,2,,298.87,4.9,D,0
26.25477,68.9957,,347.09,0.41,0.45,2025-02-02,806,N20,VIIRS,n,2,,301.79,6.87,D,0
27.55733,80.1711,,326.25,0.39,0.44,2025-02-02,806,N20,VIIRS,n,2,,298.14,1.26,D,0
27.68549,81.24728,,330.26,0.45,0.47,2025-02-02,806,N20,VIIRS,n,2,,297,2.43,D,0
28.02483,73.09054,,335.33,0.4,0.37,2025-02-02,806,N20,VIIRS,n,2,,305.99,3.61,D,0
28.24639,73.23929,,336.8,0.39,0.36,2025-02-02,806,N20,VIIRS,n,2,,303.12,1.67,D,0
28.31666,73.3354,,342.8,0.39,0.36,2025-02-02,806,N20,VIIRS,n,2,,304.36,1.57,D,0
28.71353,80.28775,,332.61,0.4,0.45,2025-02-02,806,N20,VIIRS,n,2,,299.64,3.12,D,0
29.52056,77.30057,,328.71,0.44,0.39,2025-02-02,806,N20,VIIRS,n,2,,294.49,2.3,D,0
30.11322,78.67321,,332.71,0.52,0.41,2025-02-02,807,N20,VIIRS,n,2,,302.09,7.31,D,0
31.10808,70.82274,,353.29,0.43,0.38,2025-02-02,807,N20,VIIRS,n,2,,302.41,9.59,D,0
31.88342,70.83381,,331.39,0.42,0.38,2025-02-02,807,N20,VIIRS,n,2,,298.05,7.7,D,0
33.04342,73.24448,,328.85,0.38,0.36,2025-02-02,808,N20,VIIRS,n,2,,298.23,3.25,D,0
32.13059,74.17439,,315.61,0.5,0.41,2025-02-02,2030,N20,VIIRS,n,2,,281.92,0.99,N,0
28.8489,82.45063,,299.63,0.52,0.42,2025-02-02,2031,N20,VIIRS,n,2,,279.91,1.08,N,0
22.57263,85.89415,,311.55,0.36,0.58,2025-02-02,2032,N20,VIIRS,n,2,,290.81,2.72,N,0
23.76966,86.40005,,302.84,0.37,0.58,2025-02-02,2032,N20,VIIRS,n,2,,292.45,2.24,N,2
20.786,85.25897,,309.08,0.36,0.57,2025-02-02,2033,N20,VIIRS,n,2,,292.99,3.95,N,2
21.43319,72.97475,,302.82,0.44,0.38,2025-02-02,2033,N20,VIIRS,n,2,,287.47,0.61,N,2
17.08236,79.32419,,321.83,0.54,0.42,2025-02-02,2034,N20,VIIRS,n,2,,294.18,3.62,N,0
13.49809,76.70206,,312.32,0.44,0.39,2025-02-02,2035,N20,VIIRS,n,2,,292.32,2.56,N,0
14.25102,77.21066,,303.57,0.46,0.39,2025-02-02,2035,N20,VIIRS,n,2,,289.62,1.11,N,0
9.26885,76.87219,,335.95,0.52,0.5,2025-02-03,742,N20,VIIRS,n,2,,304.19,9.4,D,0
13.20503,77.63808,,336.95,0.4,0.44,2025-02-03,743,N20,VIIRS,l,2,,308.71,2.36,D,0
14.0693,77.70364,,356.4,0.39,0.44,2025-02-03,743,N20,VIIRS,n,2,,311.58,11.23,D,0
14.41308,77.38999,,345.65,0.4,0.44,2025-02-03,743,N20,VIIRS,n,2,,315.91,3.78,D,0
15.09218,77.49162,,341.39,0.38,0.44,2025-02-03,744,N20,VIIRS,n,2,,314.87,5.18,D,0
16.46678,80.53017,,334.9,0.4,0.37,2025-02-03,744,N20,VIIRS,n,2,,307.83,1.69,D,0
17.52231,77.77629,,340.78,0.51,0.41,2025-02-03,744,N20,VIIRS,n,2,,314.62,6.5,D,0
17.82969,73.78735,,340.87,0.59,0.53,2025-02-03,745,N20,VIIRS,n,2,,305.56,6.04,D,0
19.90418,82.39381,,334.61,0.39,0.36,2025-02-03,745,N20,VIIRS,l,2,,309.03,2.69,D,0
21.14699,81.87112,,340.73,0.39,0.36,2025-02-03,745,N20,VIIRS,n,2,,308.37,3.34,D,0
21.66813,82.37479,,345.46,0.4,0.37,2025-02-03,745,N20,VIIRS,n,2,,310.13,9.37,D,0
22.10071,84.05515,,335.45,0.46,0.39,2025-02-03,745,N20,VIIRS,n,2,,305.31,3.21,D,0
23.48453,69.83796,,367,0.41,0.6,2025-02-03,746,N20,VIIRS,h,2,,299.72,7.14,D,0
26.34632,84.12174,,330.71,0.51,0.41,2025-02-03,746,N20,VIIRS,n,2,,298.47,2.73,D,0
27.26325,84.006,,331.9,0.51,0.41,2025-02-03,747,N20,VIIRS,n,2,,299.91,6,D,0
28.32025,85.3714,,352.66,0.42,0.45,2025-02-03,747,N20,VIIRS,n,2,,307.52,48.23,D,0
29.07173,82.61104,,341.39,0.46,0.39,2025-02-03,747,N20,VIIRS,n,2,,307.98,9.8,D,0
29.18564,77.2781,,334.47,0.4,0.37,2025-02-03,748,N20,VIIRS,n,2,,298.35,2.04,D,0
30.12821,78.68758,,330.88,0.38,0.36,2025-02-03,748,N20,VIIRS,n,2,,296.01,1.62,D,0
31.03845,73.39185,,335.51,0.54,0.42,2025-02-03,748,N20,VIIRS,n,2,,295.85,4.04,D,0
31.7648,77.05547,,349.21,0.39,0.36,2025-02-03,748,N20,VIIRS,n,2,,301.61,11.02,D,0
32.79114,76.08279,,332.04,0.4,0.37,2025-02-03,749,N20,VIIRS,n,2,,294.46,3.47,D,0
27.77642,68.62769,,367,0.69,0.74,2025-02-03,928,N20,VIIRS,h,2,,295.57,8.47,D,0
27.82768,86.30251,,296.82,0.49,0.4,2025-02-03,2012,N20,VIIRS,n,2,,278.47,1.32,N,0
29.71398,82.01508,,301.35,0.39,0.36,2025-02-03,2012,N20,VIIRS,n,2,,281.35,0.92,N,0
23.68337,86.08253,,299.74,0.55,0.43,2025-02-03,2013,N20,VIIRS,n,2,,289.3,1.42,N,2
24.20728,82.52441,,301.14,0.39,0.36,2025-02-03,2013,N20,VIIRS,n,2,,287.77,0.93,N,2
21.29608,81.60371,,305.57,0.39,0.36,2025-02-03,2014,N20,VIIRS,n,2,,293.61,1.18,N,0
22.22327,84.74949,,301.23,0.49,0.4,2025-02-03,2014,N20,VIIRS,n,2,,290.74,1.28,N,2
17.74969,76.84326,,301.77,0.44,0.39,2025-02-03,2015,N20,VIIRS,n,2,,290.67,0.85,N,0
21.24862,72.94134,,313.65,0.54,0.51,2025-02-03,2015,N20,VIIRS,n,2,,288.95,1.98,N,0
14.60592,78.52316,,311.26,0.39,0.36,2025-02-03,2016,N20,VIIRS,n,2,,296.72,1.45,N,2
16.41,79.95441,,303.72,0.39,0.36,2025-02-03,2016,N20,VIIRS,n,2,,293.49,0.63,N,0
33.28263,70.64109,,296.11,0.43,0.62,2025-02-03,2152,N20,VIIRS,n,2,,273.04,0.97,N,0
13.48566,77.67818,,337.47,0.41,0.61,2025-02-04,724,N20,VIIRS,n,2,,296.91,3.54,D,0
13.90482,77.51979,,345,0.41,0.61,2025-02-04,725,N20,VIIRS,n,2,,306.63,9.62,D,0
14.19126,77.35383,,367,0.42,0.61,2025-02-04,725,N20,VIIRS,h,2,,310.71,14.13,D,0
15.10782,77.47903,,337.24,0.39,0.6,2025-02-04,725,N20,VIIRS,n,2,,302.9,2.1,D,0
16.15695,79.05518,,338.17,0.59,0.53,2025-02-04,725,N20,VIIRS,n,2,,304.44,5.78,D,0
17.46512,77.94328,,336.53,0.33,0.55,2025-02-04,725,N20,VIIRS,l,2,,307.6,2.6,D,0
17.70364,77.08633,,339.2,0.37,0.58,2025-02-04,726,N20,VIIRS,n,2,,309.96,3.94,D,0
18.9853,76.16106,,333.68,0.4,0.6,2025-02-04,726,N20,VIIRS,n,2,,305.41,2.23,D,0
21.04714,81.28123,,345.05,0.53,0.42,2025-02-04,726,N20,VIIRS,n,2,,306.36,6.84,D,0
21.71166,84.2215,,331.6,0.4,0.37,2025-02-04,726,N20,VIIRS,l,2,,305.87,6.06,D,0
21.7336,73.71983,,331.85,0.51,0.66,2025-02-04,727,N20,VIIRS,n,2,,295.57,6.67,D,0
25.63479,84.05207,,336.19,0.39,0.36,2025-02-04,727,N20,VIIRS,n,2,,304.75,5.1,D,0
27.34744,83.60448,,330.1,0.39,0.36,2025-02-04,728,N20,VIIRS,n,2,,293.47,5.97,D,0
28.32316,85.36422,,331.52,0.4,0.37,2025-02-04,728,N20,VIIRS,n,2,,294.02,4.54,D,0
30.67797,72.44569,,329.96,0.38,0.59,2025-02-04,729,N20,VIIRS,n,2,,291.93,1.71,D,0
31.98685,70.42324,,341.48,0.46,0.64,2025-02-04,730,N20,VIIRS,n,2,,291.21,3.1,D,0
15.26687,75.72329,,352.18,0.74,0.76,2025-02-04,905,N20,VIIRS,n,2,,301.59,11.38,D,0
25.44704,68.45267,,333.67,0.32,0.55,2025-02-04,909,N20,VIIRS,n,2,,296.77,2.34,D,0
30.52867,74.0184,,330.41,0.79,0.78,2025-02-04,910,N20,VIIRS,n,2,,290.15,7.32,D,0
23.78123,86.39648,,302.6,0.39,0.36,2025-02-04,1954,N20,VIIRS,n,2,,292.39,1.63,N,2
21.87542,83.49664,,305.51,0.41,0.37,2025-02-04,1955,N20,VIIRS,n,2,,293.2,0.72,N,2
22.79186,86.19686,,339.41,0.39,0.36,2025-02-04,1955,N20,VIIRS,n,2,,296.86,2.55,N,3
23.73887,85.00616,,301.16,0.39,0.36,2025-02-04,1955,N20,VIIRS,n,2,,288.06,1.76,N,2
17.6052,83.20026,,307.75,0.39,0.37,2025-02-04,1956,N20,VIIRS,n,2,,294.23,1.72,N,2
14.41411,77.9994,,322.53,0.42,0.45,2025-02-04,1957,N20,VIIRS,n,2,,293.38,1.73,N,0
16.11301,77.32737,,298.29,0.49,0.49,2025-02-04,1957,N20,VIIRS,n,2,,287.77,0.38,N,0
13.39127,80.10017,,307.16,0.47,0.4,2025-02-04,1958,N20,VIIRS,n,2,,293.21,0.95,N,0
22.12734,72.76458,,301.35,0.55,0.68,2025-02-04,2136,N20,VIIRS,n,2,,285.41,0.75,N,2
11.5039,76.4602,313.1,,2.3,1.5,2025-01-31,850,Aqua,MODIS,61,61.03,295.3,,26,D,0
21.9075,82.1498,319.5,,1,1,2025-01-31,852,Aqua,MODIS,68,61.03,303.5,,9.5,D,0
28.9087,82.5908,314.1,,1.3,1.1,2025-01-31,854,Aqua,MODIS,54,61.03,287.6,,16.7,D,0
17.1153,74.3738,301.3,,1.3,1.1,2025-01-31,1637,Terra,MODIS,40,61.03,290.6,,6.4,N,0
20.0938,73.6708,311.7,,1,1,2025-02-01,446,Terra,MODIS,60,61.03,298.5,,5.8,D,0
12.1199,76.7873,312,,1.5,1.2,2025-02-01,448,Terra,MODIS,62,61.03,296.6,,7.8,D,0
19.2207,74.8563,326.3,,1.3,1.1,2025-02-01,931,Aqua,MODIS,72,61.03,308.7,,16.4,D,0
30.8384,70.7556,309.9,,1.1,1,2025-02-01,934,Aqua,MODIS,48,61.03,292.2,,8.9,D,0
17.2634,73.89,303.7,,1,1,2025-02-01,2141,Aqua,MODIS,56,61.03,288.9,,6.5,N,0
28.0395,69.2392,304.8,,1.2,1.1,2025-02-02,524,Terra,MODIS,56,61.03,293.5,,6,D,0
21.0741,85.0372,322,,1,1,2025-02-02,833,Aqua,MODIS,70,61.03,307.9,,10,D,2
27.5294,84.6099,321.4,,1,1,2025-02-02,834,Aqua,MODIS,79,61.03,297.3,,17,D,0
14.1551,75.7844,312.2,,1,1,2025-02-02,1617,Terra,MODIS,84,61.03,295.2,,10.5,N,0
19.3706,75.6821,317.5,,1,1,2025-02-02,1618,Terra,MODIS,95,61.03,291.8,,15.5,N,0
17.7189,74.981,323.5,,1.3,1.1,2025-02-03,428,Terra,MODIS,75,61.03,302.2,,21.6,D,0
13.4117,77.4224,327.1,,1,1,2025-02-03,910,Aqua,MODIS,69,61.03,310.5,,13,D,0
14.5228,78.01,322,,1,1,2025-02-03,910,Aqua,MODIS,50,61.03,310.4,,6.7,D,0
17.4711,77.9124,330.3,,1,1,2025-02-03,911,Aqua,MODIS,73,61.03,315.6,,13.5,D,0
26.6738,71.5168,326.6,,1.2,1.1,2025-02-03,914,Aqua,MODIS,34,61.03,304.7,,16.7,D,0
30.1315,78.6792,310.1,,1.5,1.2,2025-02-03,914,Aqua,MODIS,68,61.03,296.9,,11.4,D,0
32.461,73.0965,306.4,,1,1,2025-02-03,915,Aqua,MODIS,56,61.03,295.8,,5.2,D,0
31.3151,72.2687,302.1,,1,1,2025-02-04,504,Terra,MODIS,51,61.03,290.2,,4.1,D,0
28.9355,70.5804,309.6,,1,1,2025-02-04,505,Terra,MODIS,68,61.03,289,,9.2,D,0
26.3276,68.1377,308.8,,1.1,1.1,2025-02-04,506,Terra,MODIS,64,61.03,291.5,,9.4,D,0
28.0152,85.4172,317.6,,1.3,1.1,2025-02-04,815,Aqua,MODIS,78,61.03,288.9,,24.7,D,0
13.971,77.8903,311.2,,1.3,1.1,2025-02-04,1558,Terra,MODIS,78,61.03,292.8,,13.8,N,0
17.05273,78.4222,,367,0.64,0.72,2025-02-05,707,N20,VIIRS,h,2,,306.48,47.35,D,0
20.90025,80.95509,,332.54,0.37,0.58,2025-02-05,707,N20,VIIRS,n,2,,304.53,1.83,D,0
21.68779,82.72327,,347.19,0.54,0.51,2025-02-05,708,N20,VIIRS,n,2,,306.92,9.81,D,0
23.77765,86.39062,,342.66,0.47,0.4,2025-02-05,708,N20,VIIRS,n,2,,309.68,8.35,D,2
28.52287,81.23886,,339.32,0.49,0.49,2025-02-05,710,N20,VIIRS,n,2,,298.95,4.81,D,0
34.01891,74.73015,,334.97,0.44,0.62,2025-02-05,711,N20,VIIRS,n,2,,287.89,3.03,D,0
12.60936,77.24776,,353.06,0.42,0.61,2025-02-05,846,N20,VIIRS,n,2,,307.78,14.39,D,0
13.74556,77.50803,,340.1,0.45,0.63,2025-02-05,846,N20,VIIRS,n,2,,307.75,5.2,D,0
14.37125,77.30402,,337.82,0.44,0.62,2025-02-05,846,N20,VIIRS,n,2,,307.51,3.76,D,0
15.42768,77.15675,,335.36,0.45,0.63,2025-02-05,847,N20,VIIRS,n,2,,304.12,2.28,D,0
17.21303,77.86713,,367,0.52,0.67,2025-02-05,847,N20,VIIRS,h,2,,305.59,7.91,D,0
18.09521,77.75528,,330.35,0.53,0.67,2025-02-05,847,N20,VIIRS,n,2,,299.27,3.98,D,0
20.15174,75.0885,,350.34,0.37,0.58,2025-02-05,848,N20,VIIRS,n,2,,302.16,3.58,D,0
27.56221,76.06589,,345.45,0.51,0.66,2025-02-05,850,N20,VIIRS,n,2,,296.39,4.72,D,0
29.27073,76.50171,,330.35,0.57,0.69,2025-02-05,850,N20,VIIRS,n,2,,290.71,4.77,D,0
31.34667,72.44708,,327.88,0.34,0.56,2025-02-05,851,N20,VIIRS,n,2,,290.68,2.83,D,0
28.48527,83.62575,,297.12,0.56,0.52,2025-02-05,1934,N20,VIIRS,n,2,,281.71,1.07,N,0
21.87897,83.55394,,306.1,0.47,0.48,2025-02-05,1936,N20,VIIRS,n,2,,290.77,1.99,N,2
23.68189,86.39531,,310.35,0.51,0.41,2025-02-05,1936,N20,VIIRS,n,2,,293.07,2.83,N,2
24.1311,82.61961,,304.63,0.57,0.52,2025-02-05,1936,N20,VIIRS,n,2,,288.92,1.03,N,0
15.14911,77.71675,,304.93,0.47,0.64,2025-02-05,1938,N20,VIIRS,n,2,,292.64,1.19,N,0
14.25341,75.77225,,304.83,0.62,0.71,2025-02-05,1939,N20,VIIRS,n,2,,290.34,1.97,N,0
27.0794,73.81496,,297.49,0.51,0.49,2025-02-05,2116,N20,VIIRS,n,2,,283.31,1.55,N,2
13.93337,75.9251,,300.11,0.65,0.73,2025-02-05,2119,N20,VIIRS,n,2,,289.16,1.61,N,0
22.5673,88.11038,,340.24,0.48,0.48,2025-02-06,649,N20,VIIRS,n,2,,298.26,6.19,D,0
28.30312,85.37584,,344.76,0.54,0.51,2025-02-06,650,N20,VIIRS,n,2,,292.67,10.67,D,0
10.38333,76.14074,,336.02,0.49,0.4,2025-02-06,826,N20,VIIRS,n,2,,307.99,2.92,D,0
12.92985,76.01503,,338.35,0.51,0.41,2025-02-06,827,N20,VIIRS,n,2,,311.57,4.07,D,0
13.3926,76.5146,,342.28,0.56,0.43,2025-02-06,827,N20,VIIRS,n,2,,313.31,29.97,D,0
13.83038,77.95589,,336.31,0.46,0.47,2025-02-06,827,N20,VIIRS,l,2,,311.02,6.21,D,0
14.13867,75.85269,,339.22,0.52,0.41,2025-02-06,827,N20,VIIRS,n,2,,308.93,3.68,D,0
14.56664,75.53606,,351.18,0.51,0.41,2025-02-06,827,N20,VIIRS,n,2,,314.08,13.46,D,0
15.40696,76.683,,340.7,0.4,0.44,2025-02-06,828,N20,VIIRS,n,2,,303.21,3.05,D,0
17.07595,73.67567,,343.15,0.44,0.38,2025-02-06,828,N20,VIIRS,n,2,,308.3,9.34,D,0
17.7524,78.83126,,337.84,0.59,0.53,2025-02-06,828,N20,VIIRS,n,2,,305.46,2.96,D,0
18.59834,73.81203,,342.73,0.46,0.39,2025-02-06,829,N20,VIIRS,n,2,,310.92,55.69,D,0
21.01629,72.84506,,333.77,0.44,0.38,2025-02-06,829,N20,VIIRS,n,2,,306.8,1.79,D,0
22.44532,75.68521,,331.92,0.43,0.46,2025-02-06,830,N20,VIIRS,n,2,,300.19,2.44,D,0
24.54708,69.15142,,338.66,0.38,0.36,2025-02-06,831,N20,VIIRS,n,2,,304.32,2.23,D,0
26.82232,81.91795,,343.61,0.59,0.7,2025-02-06,831,N20,VIIRS,n,2,,296.19,7.81,D,0
28.6291,70.70158,,331.33,0.43,0.38,2025-02-06,832,N20,VIIRS,n,2,,298.49,4.89,D,0
30.3691,70.87763,,334.55,0.45,0.39,2025-02-06,832,N20,VIIRS,n,2,,300.05,8.03,D,0
31.59677,77.94084,,367,0.38,0.59,2025-02-06,832,N20,VIIRS,h,2,,290.56,20.27,D,0
32.46387,69.88055,,356.02,0.43,0.38,2025-02-06,833,N20,VIIRS,n,2,,297.49,12.19,D,0
21.95996,83.99572,,325.38,0.45,0.63,2025-02-06,1917,N20,VIIRS,n,2,,289,3.25,N,0
23.55865,87.23915,,308.95,0.58,0.52,2025-02-06,1917,N20,VIIRS,n,2,,287.63,1.45,N,2
23.76181,86.39867,,320.96,0.33,0.55,2025-02-06,1917,N20,VIIRS,n,2,,293.01,2.17,N,2
20.96772,86.00848,,321.32,0.32,0.55,2025-02-06,1918,N20,VIIRS,n,2,,293.4,8.1,N,2
29.35426,81.03958,,309.41,0.32,0.55,2025-02-06,2056,N20,VIIRS,n,2,,277.61,0.9,N,0
21.39089,81.64577,,309.83,0.52,0.67,2025-02-06,2058,N20,VIIRS,n,2,,289.77,1.98,N,2
25.33879,68.75352,,296.76,0.4,0.37,2025-02-06,2058,N20,VIIRS,n,2,,282.11,0.74,N,0
13.41367,76.29606,,306.24,0.34,0.56,2025-02-06,2100,N20,VIIRS,n,2,,290,0.88,N,0
21.21557,86.49275,,337.84,0.65,0.73,2025-02-07,630,N20,VIIRS,n,2,,298.24,3.07,D,0
9.83853,76.96295,,336.48,0.39,0.36,2025-02-07,807,N20,VIIRS,n,2,,305.33,1.9,D,0
12.71873,74.97395,,335.17,0.41,0.37,2025-02-07,808,N20,VIIRS,l,2,,309.36,2.81,D,0
13.23708,77.3532,,336.21,0.39,0.36,2025-02-07,808,N20,VIIRS,l,2,,308.77,2.15,D,0
13.61599,77.02773,,340.27,0.39,0.36,2025-02-07,808,N20,VIIRS,l,2,,314.56,2.56,D,0
13.9394,77.90813,,347.3,0.4,0.37,2025-02-07,808,N20,VIIRS,n,2,,309.66,6.12,D,0
14.28391,77.50689,,343.96,0.39,0.36,2025-02-07,809,N20,VIIRS,l,2,,317.83,6.3,D,0
14.88827,76.57003,,347.66,0.38,0.36,2025-02-07,809,N20,VIIRS,n,2,,314.46,7.51,D,0
15.83576,78.97697,,335.56,0.45,0.39,2025-02-07,809,N20,VIIRS,n,2,,303.07,2.86,D,0
16.87917,76.5203,,340.88,0.39,0.36,2025-02-07,809,N20,VIIRS,n,2,,312.36,1.65,D,0
17.65375,76.50591,,354.04,0.39,0.36,2025-02-07,809,N20,VIIRS,n,2,,315.01,7.34,D,0
18.02724,74.95095,,334.59,0.39,0.36,2025-02-07,810,N20,VIIRS,n,2,,304.44,4.39,D,0
18.88391,73.2331,,338.55,0.41,0.37,2025-02-07,810,N20,VIIRS,n,2,,311.68,3.9,D,0
20.72131,76.2951,,330.65,0.4,0.37,2025-02-07,810,N20,VIIRS,n,2,,304.97,1.68,D,0
21.42899,82.02872,,341.91,0.52,0.5,2025-02-07,810,N20,VIIRS,n,2,,302.58,8.92,D,0
21.73184,83.88592,,333.62,0.35,0.57,2025-02-07,810,N20,VIIRS,n,2,,302.85,2.05,D,0
22.34563,87.01468,,350.38,0.56,0.69,2025-02-07,810,N20,VIIRS,n,2,,303.48,7.61,D,0
22.72868,76.85465,,334.57,0.43,0.38,2025-02-07,811,N20,VIIRS,n,2,,301.1,3.03,D,0
24.2488,77.24579,,339.32,0.46,0.39,2025-02-07,811,N20,VIIRS,n,2,,307.05,3.35,D,0
26.34604,83.28851,,331.28,0.36,0.57,2025-02-07,812,N20,VIIRS,n,2,,297.74,1.96,D,0
26.91799,71.57304,,339.56,0.4,0.37,2025-02-07,812,N20,VIIRS,n,2,,302.89,1.72,D,0
27.26077,84.42448,,326.25,0.43,0.62,2025-02-07,812,N20,VIIRS,n,2,,298.08,1.33,D,0
28.31085,85.3715,,333.26,0.51,0.66,2025-02-07,812,N20,VIIRS,n,2,,286.44,19.91,D,0
29.82531,72.66438,,329.97,0.38,0.36,2025-02-07,813,N20,VIIRS,n,2,,296.18,1.73,D,0
30.93217,73.09943,,330.08,0.39,0.36,2025-02-07,813,N20,VIIRS,n,2,,294.74,1.46,D,0
31.65373,73.37584,,330.36,0.4,0.37,2025-02-07,813,N20,VIIRS,n,2,,293.73,2.45,D,0
33.04733,74.24007,,327.12,0.42,0.38,2025-02-07,814,N20,VIIRS,n,2,,297.96,1.8,D,0
23.48733,87.35863,,297.15,0.57,0.69,2025-02-07,1858,N20,VIIRS,n,2,,284.87,1.1,N,2
20.97062,85.16881,,305.72,0.74,0.76,2025-02-07,1859,N20,VIIRS,n,2,,289.57,2.96,N,2
23.51573,87.32783,,297.25,0.54,0.68,2025-02-07,2038,N20,VIIRS,n,2,,285.02,0.45,N,0
24.12198,86.85748,,304.63,0.49,0.65,2025-02-07,2038,N20,VIIRS,n,2,,284.7,1.21,N,2
21.68091,84.03811,,323.61,0.36,0.58,2025-02-07,2039,N20,VIIRS,n,2,,292.04,0.97,N,2
22.36523,87.29924,,309.93,0.57,0.69,2025-02-07,2039,N20,VIIRS,n,2,,291.05,1.51,N,2
18.69098,73.04028,,326.3,0.39,0.36,2025-02-07,2040,N20,VIIRS,n,2,,294.54,1.34,N,2
15.17525,76.65752,,315.74,0.5,0.41,2025-02-07,2041,N20,VIIRS,n,2,,296.03,1.72,N,2
12.9557,75.61771,,338.19,0.47,0.4,2025-02-07,2042,N20,VIIRS,n,2,,291.69,2.5,N,0
9.80086,77.03819,,343.96,0.4,0.44,2025-02-08,748,N20,VIIRS,n,2,,308.34,6.42,D,0
12.492,77.53626,,331.23,0.51,0.41,2025-02-08,749,N20,VIIRS,n,2,,301.15,5.21,D,0
13.15842,80.28607,,333.18,0.39,0.36,2025-02-08,749,N20,VIIRS,l,2,,303.26,0.82,D,2
13.87402,77.93322,,340.24,0.47,0.39,2025-02-08,750,N20,VIIRS,n,2,,309.14,4.11,D,0
14.12592,77.2863,,340.96,0.5,0.41,2025-02-08,750,N20,VIIRS,n,2,,312.36,3.05,D,0
14.69242,75.69143,,340.3,0.4,0.44,2025-02-08,750,N20,VIIRS,n,2,,308.79,5.82,D,0
15.50932,74.84198,,343.51,0.44,0.46,2025-02-08,750,N20,VIIRS,n,2,,312.25,6.67,D,0
16.71404,77.6667,,334.2,0.45,0.39,2025-02-08,750,N20,VIIRS,l,2,,304.25,1.95,D,0
17.11567,76.30408,,334.59,0.51,0.41,2025-02-08,751,N20,VIIRS,n,2,,306.85,2.11,D,0
17.84911,73.42284,,350.07,0.49,0.49,2025-02-08,751,N20,VIIRS,n,2,,303.09,8.14,D,0
18.41424,78.21654,,346.23,0.41,0.37,2025-02-08,751,N20,VIIRS,n,2,,311.36,4.64,D,0
19.20533,77.32108,,336.78,0.43,0.38,2025-02-08,751,N20,VIIRS,n,2,,307.47,3.04,D,0
20.28975,83.03339,,334.68,0.46,0.39,2025-02-08,751,N20,VIIRS,n,2,,308.32,3.42,D,0
20.84389,85.18274,,332.7,0.41,0.45,2025-02-08,751,N20,VIIRS,n,2,,303.79,3.2,D,0
21.10664,86.17091,,336.02,0.47,0.48,2025-02-08,751,N20,VIIRS,n,2,,306.83,2.8,D,0
21.51307,82.21768,,335.61,0.44,0.38,2025-02-08,751,N20,VIIRS,l,2,,308.34,4.17,D,0
21.86145,84.43394,,339.91,0.57,0.43,2025-02-08,751,N20,VIIRS,n,2,,311.99,5,D,0
21.8477,82.5611,,341.01,0.46,0.39,2025-02-08,752,N20,VIIRS,n,2,,311.94,11,D,0
22.21029,82.22966,,339.55,0.45,0.39,2025-02-08,752,N20,VIIRS,n,2,,311.6,4.93,D,0
23.45623,79.21223,,347.45,0.38,0.36,2025-02-08,752,N20,VIIRS,n,2,,292.65,6.91,D,0
25.33047,80.7606,,327.38,0.42,0.38,2025-02-08,753,N20,VIIRS,n,2,,302.07,2.01,D,0
27.54594,81.7349,,332.5,0.48,0.4,2025-02-08,753,N20,VIIRS,n,2,,296.23,2.5,D,0
28.97434,78.0806,,338.36,0.39,0.36,2025-02-08,754,N20,VIIRS,n,2,,298.22,2.36,D,0
29.75763,82.08105,,329.82,0.53,0.42,2025-02-08,754,N20,VIIRS,n,2,,300.31,6.36,D,0
30.99067,73.48366,,331.51,0.45,0.39,2025-02-08,754,N20,VIIRS,n,2,,297.01,3.12,D,0
31.62391,70.86258,,334.74,0.39,0.44,2025-02-08,755,N20,VIIRS,n,2,,298.24,3.43,D,0
34.9256,72.71856,,330.08,0.43,0.38,2025-02-08,756,N20,VIIRS,n,2,,290.25,3.97,D,0
33.06541,69.73576,,296.84,0.46,0.64,2025-02-08,2018,N20,VIIRS,n,2,,274.2,1.74,N,0
21.37721,81.63881,,302.37,0.43,0.38,2025-02-08,2020,N20,VIIRS,n,2,,291.31,1.1,N,2
22.21013,84.86014,,309.92,0.4,0.45,2025-02-08,2020,N20,VIIRS,n,2,,289.31,1.8,N,2
23.66328,85.55051,,295.36,0.42,0.45,2025-02-08,2020,N20,VIIRS,n,2,,281.98,0.48,N,2
23.79391,86.23375,,302.47,0.46,0.47,2025-02-08,2020,N20,VIIRS,n,2,,285.59,1.2,N,2
18.8119,77.33583,,303.69,0.39,0.36,2025-02-08,2021,N20,VIIRS,n,2,,291.03,0.55,N,0
15.13862,76.70725,,302.16,0.39,0.36,2025-02-08,2022,N20,VIIRS,n,2,,291.11,0.3,N,2
17.67889,77.87843,,307.41,0.38,0.36,2025-02-08,2022,N20,VIIRS,n,2,,290.28,0.63,N,0
13.89963,77.65327,,314.84,0.39,0.36,2025-02-08,2023,N20,VIIRS,n,2,,290.08,1.31,N,0
9.68701,76.9293,,348.28,0.42,0.61,2025-02-09,730,N20,VIIRS,n,2,,299.98,6.21,D,0
13.16247,77.52872,,332.77,0.33,0.55,2025-02-09,731,N20,VIIRS,n,2,,302.19,1.19,D,0
13.98959,76.43486,,332.1,0.38,0.59,2025-02-09,731,N20,VIIRS,l,2,,302.44,2.4,D,0
14.70151,75.34377,,350.92,0.44,0.62,2025-02-09,731,N20,VIIRS,n,2,,301.75,8.44,D,0
15.97587,75.59244,,343.71,0.4,0.6,2025-02-09,731,N20,VIIRS,n,2,,306.12,8.85,D,0
17.43041,77.11671,,340.72,0.59,0.53,2025-02-09,732,N20,VIIRS,n,2,,304.39,4.92,D,0
17.98082,73.41863,,334.85,0.5,0.66,2025-02-09,732,N20,VIIRS,n,2,,301.22,5.23,D,0
18.90255,74.33577,,346.16,0.42,0.61,2025-02-09,732,N20,VIIRS,n,2,,300.96,3.51,D,0
20.02291,82.10509,,342.21,0.43,0.38,2025-02-09,732,N20,VIIRS,n,2,,314.49,6.27,D,0
20.90695,86.17938,,342.8,0.41,0.37,2025-02-09,732,N20,VIIRS,n,2,,309.89,5.32,D,0
21.02916,81.49913,,344.13,0.44,0.38,2025-02-09,733,N20,VIIRS,n,2,,312.79,5.11,D,0
21.56542,82.18547,,337.63,0.41,0.37,2025-02-09,733,N20,VIIRS,n,2,,310.95,2.8,D,0
21.80544,83.32031,,349.58,0.39,0.36,2025-02-09,733,N20,VIIRS,n,2,,313.56,7.03,D,0
22.04251,83.73129,,351.73,0.38,0.36,2025-02-09,733,N20,VIIRS,l,2,,321.79,5.68,D,2
22.30882,84.73523,,334.81,0.39,0.36,2025-02-09,733,N20,VIIRS,l,2,,309.17,2.89,D,0
23.47613,85.13855,,337.72,0.4,0.37,2025-02-09,733,N20,VIIRS,n,2,,307.17,2.8,D,0
24.47813,81.57974,,356.75,0.41,0.37,2025-02-09,733,N20,VIIRS,l,2,,308.29,11.48,D,0
25.23392,81.55882,,351.36,0.4,0.37,2025-02-09,734,N20,VIIRS,n,2,,309.98,10.56,D,0
27.07127,80.06707,,332,0.43,0.38,2025-02-09,734,N20,VIIRS,n,2,,301.35,4.89,D,0
28.29582,84.27482,,336.3,0.41,0.37,2025-02-09,734,N20,VIIRS,n,2,,294.31,4.7,D,0
29.01371,76.39194,,327.27,0.4,0.44,2025-02-09,735,N20,VIIRS,n,2,,296.77,2.05,D,0
29.78193,79.67615,,353.5,0.42,0.37,2025-02-09,735,N20,VIIRS,n,2,,296.61,12.14,D,0
30.48041,70.98733,,354.82,0.38,0.59,2025-02-09,736,N20,VIIRS,n,2,,296.17,4.97,D,0
31.66226,73.13067,,341.13,0.53,0.5,2025-02-09,736,N20,VIIRS,n,2,,297.66,15.71,D,0
32.80055,74.38351,,340.48,0.43,0.46,2025-02-09,736,N20,VIIRS,n,2,,300.21,10.3,D,0
21.02453,70.72547,,343.55,0.51,0.66,2025-02-09,913,N20,VIIRS,n,2,,307.63,9.49,D,0
31.02496,72.14374,,337.6,0.77,0.77,2025-02-09,916,N20,VIIRS,n,2,,292.55,4.64,D,0
27.72622,84.81476,,300.5,0.39,0.36,2025-02-09,2000,N20,VIIRS,n,2,,284.55,0.6,N,0
22.0456,83.73736,,303.36,0.38,0.36,2025-02-09,2001,N20,VIIRS,n,2,,291.72,1.73,N,2
23.16656,82.3339,,327.8,0.41,0.37,2025-02-09,2001,N20,VIIRS,n,2,,290.58,1.76,N,2
23.75123,86.41588,,312.57,0.41,0.37,2025-02-09,2001,N20,VIIRS,n,2,,291.15,2.43,N,2
24.11927,86.85888,,316.34,0.42,0.38,2025-02-09,2001,N20,VIIRS,n,2,,289.34,1.83,N,2
20.69749,78.63369,,304.88,0.56,0.43,2025-02-09,2002,N20,VIIRS,n,2,,292.55,1.68,N,2
21.21439,82.13825,,309.55,0.4,0.37,2025-02-09,2002,N20,VIIRS,n,2,,290.63,1.07,N,0
17.68745,73.84827,,302.36,0.34,0.56,2025-02-09,2003,N20,VIIRS,n,2,,290.53,0.66,N,0
29.86688,69.32376,,315.04,0.58,0.52,2025-02-09,2140,N20,VIIRS,n,2,,278.36,8.19,N,0
22.8314,79.0645,309.5,,1.7,1.3,2025-02-05,408,Terra,MODIS,63,61.03,294,,12,D,0
13.9706,76.144,320.6,,2.2,1.4,2025-02-05,851,Aqua,MODIS,57,61.03,307.5,,22.3,D,0
20.4574,77.7885,331.2,,1.3,1.1,2025-02-05,852,Aqua,MODIS,79,61.03,311.2,,20.7,D,0
27.5521,84.4606,327.5,,1.6,1.2,2025-02-05,854,Aqua,MODIS,84,61.03,297.9,,41.2,D,0
31.5555,73.2222,313.7,,1.6,1.2,2025-02-05,856,Aqua,MODIS,72,61.03,293.1,,19.1,D,0
29.9084,74.9518,307.7,,1,1,2025-02-06,446,Terra,MODIS,66,61.03,289.2,,8.8,D,0
18.0679,73.8147,324.9,,1,1,2025-02-06,449,Terra,MODIS,78,61.03,299.8,,17,D,0
28.3146,85.3648,301.8,,2.8,1.6,2025-02-06,756,Aqua,MODIS,49,61.03,285.1,,29.9,D,0
14.7349,76.3624,327.6,,1.4,1.2,2025-02-06,930,Aqua,MODIS,72,61.03,312.6,,18.1,D,0
26.6753,68.9253,335.4,,1,1,2025-02-06,934,Aqua,MODIS,85,61.03,300.3,,29.5,D,0
32.2022,73.4386,315.5,,1.6,1.2,2025-02-06,935,Aqua,MODIS,72,61.03,294.2,,20.9,D,0
34.5603,71.1016,328.5,,1.3,1.1,2025-02-07,524,Terra,MODIS,86,61.03,283.2,,41.9,D,0
13.7985,77.657,316.7,,4.2,1.9,2025-02-07,831,Aqua,MODIS,53,61.03,304.8,,30.8,D,0
21.7013,87.368,331.8,,1.1,1,2025-02-07,833,Aqua,MODIS,84,61.03,303.9,,27.7,D,0
27.4008,80.5079,308.4,,1.3,1.2,2025-02-07,835,Aqua,MODIS,64,61.03,295.8,,9.3,D,0
17.5196,75.577,313.5,,1,1,2025-02-07,1620,Terra,MODIS,87,61.03,292.2,,12,N,0
21.5151,82.217,315.3,,1.3,1.1,2025-02-08,429,Terra,MODIS,70,61.03,300.3,,11.4,D,0
16.1835,77.2332,315.8,,1,1,2025-02-08,431,Terra,MODIS,55,61.03,304.6,,5.4,D,0
13.4404,77.573,321.7,,1,1,2025-02-08,910,Aqua,MODIS,65,61.03,306.3,,7.9,D,0
16.1712,74.791,320.6,,1.2,1.1,2025-02-08,911,Aqua,MODIS,49,61.03,308.8,,7.5,D,0
22.036,83.7297,324.2,,2.7,1.6,2025-02-08,912,Aqua,MODIS,76,61.03,309.9,,55.1,D,2
30.7726,78.6351,321.4,,1.6,1.2,2025-02-08,915,Aqua,MODIS,46,61.03,300,,30.5,D,0
31.5881,70.7917,303.7,,1,1,2025-02-09,506,Terra,MODIS,35,61.03,288.3,,5.1,D,0
28.9489,77.2652,301.5,,2.1,1.4,2025-02-09,507,Terra,MODIS,47,61.03,291.2,,10.6,D,0
26.4817,68.2458,305.7,,1.1,1,2025-02-09,508,Terra,MODIS,43,61.03,292,,5.9,D,0
28.5823,82.8144,314.2,,1.9,1.3,2025-02-09,816,Aqua,MODIS,59,61.03,294.7,,31.8,D,0
19.3505,77.226,317.5,,1.1,1.1,2025-02-09,1602,Terra,MODIS,95,61.03,293,,18.5,N,0
16.55086,78.81794,,367,0.49,0.65,2025-02-10,713,N20,VIIRS,h,2,,301.03,10.92,D,0
20.00244,82.17075,,345.56,0.5,0.49,2025-02-10,713,N20,VIIRS,n,2,,311.94,6.17,D,0
21.027,82.36291,,334.24,0.47,0.48,2025-02-10,714,N20,VIIRS,l,2,,305.25,2.99,D,0
21.46341,81.831,,337.82,0.5,0.49,2025-02-10,714,N20,VIIRS,n,2,,306.89,7.88,D,0
21.84382,82.32865,,333.93,0.46,0.47,2025-02-10,714,N20,VIIRS,l,2,,307.82,4.58,D,0
22.2105,82.77639,,343.56,0.42,0.45,2025-02-10,714,N20,VIIRS,n,2,,308.26,4.17,D,0
23.43631,84.11866,,334.69,0.51,0.41,2025-02-10,714,N20,VIIRS,n,2,,309.09,10.58,D,0
25.88788,84.42617,,343.89,0.46,0.39,2025-02-10,715,N20,VIIRS,n,2,,301.2,7.39,D,0
29.14151,77.32285,,333.17,0.33,0.55,2025-02-10,716,N20,VIIRS,n,2,,298.06,4.11,D,0
32.07787,70.88614,,326.89,0.65,0.73,2025-02-10,717,N20,VIIRS,n,2,,291.7,3.71,D,0
13.81833,76.51585,,335.06,0.49,0.65,2025-02-10,852,N20,VIIRS,n,2,,302.89,1.78,D,0
16.34221,74.22704,,343.01,0.37,0.58,2025-02-10,853,N20,VIIRS,n,2,,301.6,3.2,D,0
18.78488,73.18789,,351.6,0.34,0.56,2025-02-10,854,N20,VIIRS,n,2,,305.09,6.53,D,0
22.45191,70.54548,,349.16,0.51,0.49,2025-02-10,855,N20,VIIRS,n,2,,314.85,8.61,D,0
28.47391,69.84958,,345.39,0.54,0.51,2025-02-10,857,N20,VIIRS,n,2,,298.75,5.46,D,0
30.89945,71.99458,,347.01,0.39,0.59,2025-02-10,857,N20,VIIRS,n,2,,296.63,10.71,D,0
32.5143,73.32369,,331.95,0.49,0.65,2025-02-10,858,N20,VIIRS,n,2,,293.21,2.93,D,0
22.32481,82.59398,,302.58,0.44,0.46,2025-02-10,1942,N20,VIIRS,n,2,,291.56,1.23,N,2
23.68853,86.38768,,308.64,0.43,0.38,2025-02-10,1942,N20,VIIRS,n,2,,295.97,2.19,N,2
23.79832,87.04949,,305.71,0.41,0.37,2025-02-10,1942,N20,VIIRS,n,2,,292.38,1.36,N,2
20.94258,86.06266,,328.5,0.42,0.38,2025-02-10,1943,N20,VIIRS,n,2,,294.35,2.74,N,2
21.97957,83.23965,,305.26,0.4,0.44,2025-02-10,1943,N20,VIIRS,n,2,,293.26,1.05,N,2
13.16471,77.54498,,302.17,0.35,0.57,2025-02-10,1945,N20,VIIRS,n,2,,289.45,0.35,N,0
27.08313,73.81686,,301.83,0.32,0.54,2025-02-10,2122,N20,VIIRS,n,2,,287.7,0.77,N,0
20.65127,86.62655,,337.03,0.51,0.5,2025-02-11,655,N20,VIIRS,n,2,,303.19,6.4,D,0
22.20304,84.02163,,334.71,0.35,0.57,2025-02-11,655,N20,VIIRS,n,2,,301.35,3.43,D,0
27.08919,82.12784,,332.53,0.36,0.57,2025-02-11,657,N20,VIIRS,n,2,,299.17,3.06,D,0
8.69328,77.82251,,342.84,0.49,0.48,2025-02-11,832,N20,VIIRS,n,2,,306.73,5.45,D,0
12.41513,77.42374,,352.72,0.52,0.5,2025-02-11,833,N20,VIIRS,n,2,,314.14,12.31,D,0
13.54081,76.94647,,342.72,0.5,0.49,2025-02-11,833,N20,VIIRS,n,2,,313.42,5.16,D,0
14.31643,76.81187,,348.52,0.5,0.49,2025-02-11,834,N20,VIIRS,n,2,,317.55,11.6,D,0
15.72738,74.57413,,342,0.57,0.43,2025-02-11,834,N20,VIIRS,n,2,,309.97,4.89,D,0
17.40402,76.26893,,344.66,0.51,0.49,2025-02-11,835,N20,VIIRS,n,2,,308.91,8.22,D,0
18.87813,73.36012,,343.24,0.53,0.42,2025-02-11,835,N20,VIIRS,n,2,,310.62,12.81,D,0
21.16951,76.67286,,339.91,0.6,0.53,2025-02-11,836,N20,VIIRS,n,2,,306.59,8.41,D,0
22.90719,77.3157,,336.19,0.35,0.56,2025-02-11,836,N20,VIIRS,n,2,,303.89,2.44,D,0
25.61757,68.57714,,334.03,0.4,0.37,2025-02-11,837,N20,VIIRS,n,2,,304.48,4.93,D,0
28.46073,70.24007,,332.69,0.47,0.4,2025-02-11,838,N20,VIIRS,n,2,,298.22,3.79,D,0
29.70281,79.47166,,344.81,0.56,0.69,2025-02-11,838,N20,VIIRS,n,2,,300.61,9.14,D,0
31.03617,72.07178,,341.18,0.42,0.45,2025-02-11,838,N20,VIIRS,n,2,,298.63,15.55,D,0
31.94889,72.2444,,331.6,0.43,0.46,2025-02-11,839,N20,VIIRS,n,2,,294.37,2.79,D,0
23.68972,86.39122,,305.81,0.52,0.5,2025-02-11,1923,N20,VIIRS,n,2,,292.21,2.6,N,2
20.78681,85.26145,,313.99,0.57,0.52,2025-02-11,1924,N20,VIIRS,n,2,,292.79,5.71,N,2
22.03424,83.36393,,301.02,0.39,0.59,2025-02-11,1924,N20,VIIRS,n,2,,290.38,0.85,N,2
30.98254,77.44811,,297.28,0.45,0.47,2025-02-11,2102,N20,VIIRS,n,2,,276.96,1.6,N,0
23.54407,72.40865,,307.78,0.49,0.4,2025-02-11,2104,N20,VIIRS,n,2,,288.53,1.03,N,0
15.07175,76.86445,,305.41,0.44,0.62,2025-02-11,2106,N20,VIIRS,n,2,,292.02,1.58,N,2
10.13573,77.27673,,303.16,0.58,0.7,2025-02-11,2108,N20,VIIRS,n,2,,278.39,4.52,N,0
9.66051,76.46461,,341.58,0.39,0.36,2025-02-12,814,N20,VIIRS,n,2,,301.69,4.39,D,0
12.81256,76.05967,,347.75,0.39,0.36,2025-02-12,814,N20,VIIRS,n,2,,316.8,6.52,D,0
13.41127,77.61101,,353.01,0.44,0.38,2025-02-12,815,N20,VIIRS,n,2,,319.06,16.46,D,0
13.89242,75.77129,,339.84,0.39,0.36,2025-02-12,815,N20,VIIRS,n,2,,313.14,2.89,D,0
14.26218,78.6704,,342.89,0.5,0.41,2025-02-12,815,N20,VIIRS,l,2,,313,16.57,D,0
15.13039,78.64233,,353.75,0.51,0.41,2025-02-12,815,N20,VIIRS,n,2,,312.69,13.5,D,0
16.15135,76.44947,,337.27,0.42,0.37,2025-02-12,815,N20,VIIRS,l,2,,311.58,2.37,D,0
17.59126,76.55929,,348.85,0.43,0.38,2025-02-12,816,N20,VIIRS,n,2,,317.63,11.76,D,0
18.01688,80.12759,,332.07,0.45,0.47,2025-02-12,816,N20,VIIRS,l,2,,303.45,7.25,D,0
18.88703,82.20621,,340.34,0.63,0.54,2025-02-12,816,N20,VIIRS,n,2,,298.82,6.07,D,0
21.0465,83.11404,,367,0.38,0.59,2025-02-12,816,N20,VIIRS,h,2,,300.13,7.49,D,0
21.4963,71.59954,,339.4,0.4,0.37,2025-02-12,817,N20,VIIRS,l,2,,312.76,2.83,D,0
21.98499,77.08932,,335.28,0.5,0.41,2025-02-12,817,N20,VIIRS,n,2,,308.73,4.31,D,0
22.65782,71.37383,,351.52,0.4,0.37,2025-02-12,817,N20,VIIRS,n,2,,309.37,12.62,D,0
24.52758,71.25987,,346.38,0.39,0.36,2025-02-12,818,N20,VIIRS,n,2,,307.82,3.74,D,0
26.07686,79.91264,,327.12,0.55,0.51,2025-02-12,818,N20,VIIRS,n,2,,301.15,2.04,D,0
28.12886,69.62561,,332.49,0.4,0.37,2025-02-12,819,N20,VIIRS,n,2,,300.53,1.46,D,0
28.98243,70.99321,,332.66,0.38,0.36,2025-02-12,819,N20,VIIRS,n,2,,301.73,2.66,D,0
30.02543,71.28464,,329.36,0.39,0.36,2025-02-12,819,N20,VIIRS,n,2,,296.94,1.81,D,0
30.95781,73.95667,,337.47,0.45,0.39,2025-02-12,819,N20,VIIRS,n,2,,301.94,5.41,D,0
31.45913,73.51456,,331.16,0.44,0.38,2025-02-12,820,N20,VIIRS,n,2,,297.78,2.73,D,0
32.635,70.19442,,338.44,0.38,0.36,2025-02-12,820,N20,VIIRS,n,2,,297.87,2.6,D,0
22.3795,87.27675,,317.22,0.44,0.63,2025-02-12,1904,N20,VIIRS,n,2,,292.53,2.92,N,2
20.78563,85.25714,,304.42,0.58,0.7,2025-02-12,1905,N20,VIIRS,n,2,,291.93,1.79,N,2
33.11246,74.77666,,301.62,0.39,0.36,2025-02-12,2043,N20,VIIRS,n,2,,281.46,0.86,N,0
30.31439,69.96794,,345.79,0.54,0.42,2025-02-12,2044,N20,VIIRS,n,2,,284.04,4.89,N,0
22.03804,83.35211,,315.2,0.41,0.61,2025-02-12,2045,N20,VIIRS,n,2,,292.61,1.8,N,2
23.65784,85.50677,,308.95,0.51,0.66,2025-02-12,2045,N20,VIIRS,n,2,,287.2,1.52,N,2
25.40006,68.56387,,298.2,0.56,0.43,2025-02-12,2045,N20,VIIRS,n,2,,284.02,0.7,N,2
21.10754,72.64877,,307.34,0.38,0.36,2025-02-12,2046,N20,VIIRS,n,2,,296.34,2.5,N,2
17.18857,73.91894,,304.37,0.42,0.38,2025-02-12,2047,N20,VIIRS,n,2,,289.48,1.07,N,0
12.72894,76.74184,,304.34,0.46,0.47,2025-02-12,2048,N20,VIIRS,n,2,,289.68,1.15,N,0
8.24888,79.85429,,335.1,0.39,0.36,2025-02-13,754,N20,VIIRS,n,2,,302.84,2.53,D,0
11.06854,76.49189,,338.92,0.5,0.41,2025-02-13,755,N20,VIIRS,n,2,,306.67,7.78,D,0
12.68321,76.01159,,341.67,0.5,0.41,2025-02-13,756,N20,VIIRS,n,2,,314.37,4.9,D,0
13.23921,77.58707,,355.79,0.42,0.38,2025-02-13,756,N20,VIIRS,n,2,,316.89,7.18,D,0
13.88327,78.19102,,349.29,0.4,0.37,2025-02-13,756,N20,VIIRS,n,2,,314.86,5.66,D,0
14.27291,77.44472,,341.38,0.42,0.37,2025-02-13,756,N20,VIIRS,l,2,,313.7,2.8,D,0
15.49252,78.41837,,343.32,0.39,0.36,2025-02-13,756,N20,VIIRS,n,2,,312.27,2.88,D,0
16.82935,77.14859,,340.81,0.41,0.37,2025-02-13,757,N20,VIIRS,n,2,,311.37,8.08,D,0
17.47808,73.90321,,351.65,0.56,0.43,2025-02-13,757,N20,VIIRS,n,2,,315.52,9.55,D,0
17.87132,80.30461,,342.81,0.4,0.37,2025-02-13,757,N20,VIIRS,l,2,,316.32,9.96,D,0
18.21813,76.63494,,347.05,0.41,0.37,2025-02-13,757,N20,VIIRS,n,2,,316.49,5.37,D,0
18.63823,73.25644,,345.27,0.39,0.44,2025-02-13,757,N20,VIIRS,n,2,,314.02,6.72,D,0
18.94902,78.6098,,333.7,0.38,0.36,2025-02-13,757,N20,VIIRS,n,2,,307.56,1.62,D,0
19.467,76.73906,,340.91,0.4,0.37,2025-02-13,757,N20,VIIRS,l,2,,315.17,6.04,D,0
20.58851,86.61901,,340.59,0.63,0.54,2025-02-13,757,N20,VIIRS,n,2,,300.76,7.33,D,0
20.6565,81.47206,,334.1,0.47,0.4,2025-02-13,758,N20,VIIRS,l,2,,308.68,2.45,D,0
21.16768,76.44018,,339.88,0.4,0.37,2025-02-13,758,N20,VIIRS,n,2,,309.4,2.56,D,0
21.40966,76.42683,,341.15,0.4,0.37,2025-02-13,758,N20,VIIRS,n,2,,313.59,4.83,D,0
21.72931,78.89698,,334.01,0.39,0.36,2025-02-13,758,N20,VIIRS,l,2,,307.55,5.38,D,0
21.90739,70.20116,,336.95,0.53,0.5,2025-02-13,758,N20,VIIRS,n,2,,309.05,3.54,D,0
22.30916,71.28088,,343.52,0.44,0.46,2025-02-13,758,N20,VIIRS,n,2,,308.32,3.24,D,0
22.96448,74.3638,,333.3,0.45,0.39,2025-02-13,758,N20,VIIRS,l,2,,307.76,0.65,D,0
24.09575,79.97009,,342.08,0.44,0.38,2025-02-13,758,N20,VIIRS,n,2,,310.31,13.31,D,0
24.86816,78.0491,,336.29,0.39,0.36,2025-02-13,759,N20,VIIRS,l,2,,311,2.6,D,0
27.35336,83.91086,,335.82,0.51,0.49,2025-02-13,759,N20,VIIRS,n,2,,297.63,3.27,D,0
28.55693,81.24737,,344.84,0.56,0.43,2025-02-13,800,N20,VIIRS,n,2,,303.43,11.79,D,0
29.71453,70.90685,,346.11,0.52,0.42,2025-02-13,800,N20,VIIRS,n,2,,300.5,7.39,D,0
30.77616,76.31178,,331.66,0.39,0.36,2025-02-13,801,N20,VIIRS,n,2,,287.28,3.09,D,0
31.75904,70.78381,,343.11,0.49,0.4,2025-02-13,801,N20,VIIRS,n,2,,293.59,13.56,D,0
33.06475,72.83258,,336.87,0.4,0.37,2025-02-13,801,N20,VIIRS,n,2,,299.6,2.59,D,0
33.94186,71.02698,,338.39,0.45,0.39,2025-02-13,802,N20,VIIRS,n,2,,302.38,4.79,D,0
33.62078,70.40763,,297.47,0.34,0.56,2025-02-13,2024,N20,VIIRS,n,2,,274.14,0.95,N,0
21.82048,83.89201,,309.25,0.45,0.47,2025-02-13,2026,N20,VIIRS,n,2,,288.55,1.48,N,0
22.38039,87.28034,,317.38,0.36,0.57,2025-02-13,2026,N20,VIIRS,n,2,,292.73,3.52,N,2
23.76216,86.39488,,307.89,0.59,0.53,2025-02-13,2026,N20,VIIRS,n,2,,295.23,2.75,N,2
18.59256,80.57542,,341.06,0.49,0.4,2025-02-13,2027,N20,VIIRS,n,2,,296.14,4.41,N,0
20.0046,79.18367,,303.8,0.42,0.37,2025-02-13,2027,N20,VIIRS,n,2,,290.52,0.87,N,2
21.31679,81.57993,,300.79,0.51,0.41,2025-02-13,2027,N20,VIIRS,n,2,,290.41,0.79,N,0
17.24715,73.90228,,342.61,0.43,0.38,2025-02-13,2028,N20,VIIRS,n,2,,292.67,2.55,N,0
18.61172,73.64532,,300.91,0.45,0.39,2025-02-13,2028,N20,VIIRS,n,2,,290.06,0.63,N,0
13.35278,76.51929,,310.87,0.39,0.36,2025-02-13,2029,N20,VIIRS,n,2,,292.5,0.92,N,0
14.29196,78.5881,,311.06,0.45,0.39,2025-02-13,2029,N20,VIIRS,n,2,,292.2,0.67,N,0
33.20672,70.15963,,296.43,0.61,0.71,2025-02-13,2204,N20,VIIRS,n,2,,277.38,0.65,N,0
12.79179,76.31336,,330.97,0.32,0.54,2025-02-14,737,N20,VIIRS,l,2,,305.06,1.35,D,0
13.62479,78.36248,,336.24,0.45,0.47,2025-02-14,737,N20,VIIRS,l,2,,306.35,5.89,D,0
14.20472,77.0968,,350.27,0.53,0.5,2025-02-14,737,N20,VIIRS,n,2,,310.45,13.05,D,0
15.14885,78.63573,,334.85,0.41,0.45,2025-02-14,737,N20,VIIRS,l,2,,308.78,2.32,D,0
16.46989,77.72044,,335.77,0.44,0.46,2025-02-14,738,N20,VIIRS,l,2,,308.08,1.78,D,0
17.41119,76.37697,,344.37,0.52,0.5,2025-02-14,738,N20,VIIRS,n,2,,313.79,7.2,D,0
17.88689,81.8567,,332.3,0.4,0.37,2025-02-14,738,N20,VIIRS,n,2,,303.93,5.72,D,0
18.20744,75.43151,,336.5,0.58,0.52,2025-02-14,738,N20,VIIRS,l,2,,308.66,9.19,D,0
18.7065,80.42398,,344.01,0.44,0.38,2025-02-14,738,N20,VIIRS,n,2,,313.35,4.74,D,0
19.39432,80.925,,336.62,0.42,0.37,2025-02-14,738,N20,VIIRS,n,2,,303.83,2.95,D,0
20.15026,82.32846,,336.28,0.39,0.36,2025-02-14,738,N20,VIIRS,n,2,,309.54,2.76,D,0
20.42468,82.43121,,340.43,0.39,0.36,2025-02-14,739,N20,VIIRS,n,2,,308.91,4.77,D,0
20.92731,85.83673,,338.28,0.45,0.39,2025-02-14,739,N20,VIIRS,n,2,,311.78,3.01,D,0
21.14568,78.53685,,340.91,0.5,0.41,2025-02-14,739,N20,VIIRS,n,2,,311.45,7.64,D,0
21.35385,83.30231,,336.83,0.39,0.36,2025-02-14,739,N20,VIIRS,l,2,,309.25,2.04,D,0
21.60524,82.22136,,335.81,0.38,0.36,2025-02-14,739,N20,VIIRS,l,2,,310.54,2.6,D,0
21.79853,84.29468,,333.65,0.41,0.37,2025-02-14,739,N20,VIIRS,l,2,,307.52,4.13,D,0
21.98909,84.23188,,335.1,0.41,0.37,2025-02-14,739,N20,VIIRS,n,2,,308.15,7.63,D,0
22.22498,84.62083,,339.48,0.42,0.38,2025-02-14,739,N20,VIIRS,n,2,,312.35,4.48,D,0
22.67781,86.1554,,340.2,0.49,0.4,2025-02-14,739,N20,VIIRS,n,2,,309.16,2.89,D,0
23.72375,86.07936,,343.62,0.5,0.41,2025-02-14,739,N20,VIIRS,n,2,,306.73,6.27,D,0
24.57195,73.77428,,342.95,0.55,0.51,2025-02-14,740,N20,VIIRS,n,2,,304.84,7.82,D,0
26.39575,84.75398,,330.52,0.46,0.39,2025-02-14,740,N20,VIIRS,n,2,,297.35,2.27,D,0
28.016,81.4231,,328.81,0.39,0.36,2025-02-14,741,N20,VIIRS,n,2,,297.88,1.63,D,0
29.05111,79.21975,,341.69,0.4,0.37,2025-02-14,741,N20,VIIRS,n,2,,296.82,9.81,D,0
30.17029,79.6146,,337.41,0.39,0.36,2025-02-14,741,N20,VIIRS,n,2,,296,6.42,D,0
30.80584,77.12387,,331.25,0.44,0.38,2025-02-14,742,N20,VIIRS,n,2,,297.34,3.52,D,0
31.51221,73.62765,,339.96,0.41,0.45,2025-02-14,742,N20,VIIRS,n,2,,298.54,7.61,D,0
32.41661,73.55412,,325.22,0.4,0.44,2025-02-14,742,N20,VIIRS,n,2,,295.31,1.86,D,0
30.99625,77.73944,,295.05,0.46,0.47,2025-02-14,2005,N20,VIIRS,n,2,,258.51,0.47,N,0
23.66556,86.92159,,329.15,0.5,0.41,2025-02-14,2007,N20,VIIRS,n,2,,287.21,4.91,N,2
23.79198,86.35503,,301.03,0.47,0.4,2025-02-14,2007,N20,VIIRS,n,2,,290.09,1.18,N,2
19.09896,82.16536,,300.33,0.39,0.36,2025-02-14,2008,N20,VIIRS,n,2,,288.62,0.74,N,0
20.96174,86.0154,,300.11,0.49,0.4,2025-02-14,2008,N20,VIIRS,n,2,,290.08,1.43,N,2
21.41032,81.67413,,300.53,0.39,0.36,2025-02-14,2008,N20,VIIRS,n,2,,289.09,0.79,N,0
22.00571,82.67195,,316.9,0.38,0.36,2025-02-14,2008,N20,VIIRS,n,2,,291.33,2.09,N,2
23.32963,70.21469,,301.98,0.54,0.68,2025-02-14,2008,N20,VIIRS,n,2,,290.77,0.77,N,2
17.76622,80.26855,,305.41,0.39,0.36,2025-02-14,2009,N20,VIIRS,n,2,,291.12,0.74,N,0
18.04161,80.1545,,313.22,0.39,0.37,2025-02-14,2009,N20,VIIRS,n,2,,292.84,1.16,N,0
18.56964,80.59129,,312.77,0.39,0.36,2025-02-14,2009,N20,VIIRS,n,2,,294.5,2.09,N,0
18.76382,78.5218,,303.04,0.45,0.39,2025-02-14,2009,N20,VIIRS,n,2,,292.52,1.2,N,0
13.44757,80.09799,,308.51,0.38,0.36,2025-02-14,2010,N20,VIIRS,n,2,,293.62,0.7,N,0
15.16823,76.67376,,304.99,0.51,0.41,2025-02-14,2010,N20,VIIRS,n,2,,294.7,2.29,N,2
27.2402,84.5934,305.4,,1,1,2025-02-10,409,Terra,MODIS,61,61.03,291.4,,5.1,D,0
13.8222,76.5063,333.4,,2.1,1.4,2025-02-10,851,Aqua,MODIS,83,61.03,307,,66.1,D,0
20.2199,80.9923,318.8,,1,1,2025-02-10,853,Aqua,MODIS,61,61.03,307.4,,6.1,D,0
22.0044,84.1181,327.1,,1.3,1.1,2025-02-10,853,Aqua,MODIS,77,61.03,306.1,,22.1,D,0
29.1457,70.5325,314.7,,2.7,1.6,2025-02-10,855,Aqua,MODIS,65,61.03,296.9,,39.5,D,0
22.0431,83.7461,303.4,,1.1,1,2025-02-10,2101,Aqua,MODIS,55,61.03,292.5,,7.6,N,2
16.6541,76.4794,315.9,,1.5,1.2,2025-02-11,451,Terra,MODIS,53,61.03,303.7,,9.1,D,0
14.5132,76.4994,322.7,,1.6,1.3,2025-02-11,452,Terra,MODIS,75,61.03,305.7,,21,D,0
14.4711,78.0816,326,,1.8,1.3,2025-02-11,930,Aqua,MODIS,67,61.03,314.4,,21.1,D,0
26.4951,68.0916,317.5,,1.1,1,2025-02-11,934,Aqua,MODIS,47,61.03,285.3,,16.1,D,0
31.9331,72.9829,315.5,,1.4,1.2,2025-02-11,935,Aqua,MODIS,71,61.03,295.2,,18.1,D,0
30.141,71.0425,303.8,,1.7,1.3,2025-02-12,527,Terra,MODIS,56,61.03,293.2,,8.5,D,0
25.9974,68.9476,315,,1.5,1.2,2025-02-12,529,Terra,MODIS,67,61.03,295.7,,17.1,D,0
21.9093,84.0789,341.7,,1.1,1,2025-02-12,833,Aqua,MODIS,90,61.03,307.6,,39.2,D,0
29.3885,82.2134,302.1,,1.1,1,2025-02-12,835,Aqua,MODIS,51,61.03,283.3,,8.1,D,0
18.8747,77.7275,304.1,,1.3,1.1,2025-02-12,1622,Terra,MODIS,59,61.03,292.4,,8.3,N,2
21.2308,75.7176,310.7,,1.1,1.1,2025-02-13,431,Terra,MODIS,43,61.03,300.5,,5,D,0
18.4537,74.5963,313.3,,1.2,1.1,2025-02-13,432,Terra,MODIS,53,61.03,301.1,,6.9,D,0
12.9771,77.2493,315.2,,1,1,2025-02-13,434,Terra,MODIS,60,61.03,303.6,,5.8,D,0
12.8286,77.9446,322,,1,1,2025-02-13,910,Aqua,MODIS,61,61.03,310.9,,6.3,D,0
14.2851,78.5701,324.3,,1,1,2025-02-13,911,Aqua,MODIS,47,61.03,309,,9.8,D,0
18.0284,73.4237,327.9,,1.3,1.1,2025-02-13,912,Aqua,MODIS,67,61.03,313.2,,17.7,D,0
20.4841,78.9412,327,,1.2,1.1,2025-02-13,912,Aqua,MODIS,72,61.03,314.1,,12.9,D,0
23.9705,78.4635,316.7,,1.2,1.1,2025-02-13,913,Aqua,MODIS,64,61.03,302.2,,11.5,D,0
29.8889,72.8218,320,,1,1,2025-02-13,915,Aqua,MODIS,77,61.03,299.4,,14.2,D,0
32.9723,74.3098,321.2,,1,1,2025-02-13,916,Aqua,MODIS,79,61.03,299.9,,15.7,D,0
30.8939,72.0742,306.7,,1.1,1,2025-02-14,508,Terra,MODIS,63,61.03,289.8,,8,D,0
27.9596,69.4559,305.1,,1,1,2025-02-14,509,Terra,MODIS,41,61.03,293.1,,3.8,D,0
30.2699,68.4605,307.2,,1.1,1,2025-02-14,509,Terra,MODIS,65,61.03,291.2,,7,D,0
18.6467,74.2,312.9,,2.3,1.5,2025-02-14,512,Terra,MODIS,48,61.03,301.3,,18.2,D,0
16.481,75.2537,320.6,,2.8,1.6,2025-02-14,951,Aqua,MODIS,48,61.03,307.3,,24.7,D,0
18.7677,74.6284,302.7,,1.5,1.2,2025-02-14,1604,Terra,MODIS,51,61.03,290.1,,9.9,N,0
10.26427,77.39185,,333.96,0.63,0.72,2025-02-15,717,N20,VIIRS,n,2,,297.94,6.16,D,0
13.94602,77.40373,,338.31,0.53,0.67,2025-02-15,718,N20,VIIRS,n,2,,306.39,3.15,D,0
15.00818,78.56676,,347.33,0.43,0.62,2025-02-15,718,N20,VIIRS,n,2,,306.02,5.7,D,0
17.07535,80.41762,,350.28,0.59,0.53,2025-02-15,719,N20,VIIRS,n,2,,312.12,7.1,D,0
17.73349,80.63837,,344.26,0.55,0.51,2025-02-15,719,N20,VIIRS,n,2,,311.65,9.72,D,0
18.09299,80.05138,,345.28,0.59,0.53,2025-02-15,719,N20,VIIRS,n,2,,306.1,6.95,D,0
18.668,80.44616,,336.86,0.55,0.51,2025-02-15,719,N20,VIIRS,l,2,,308.02,6.3,D,0
19.28962,74.87296,,367,0.61,0.71,2025-02-15,720,N20,VIIRS,h,2,,306.56,10.77,D,0
19.89585,81.16668,,341.46,0.47,0.47,2025-02-15,720,N20,VIIRS,n,2,,308.76,5.42,D,0
20.44453,82.36906,,346.31,0.39,0.44,2025-02-15,720,N20,VIIRS,n,2,,305.68,5.43,D,0
20.87009,84.99605,,339.69,0.43,0.38,2025-02-15,720,N20,VIIRS,l,2,,309.72,5.94,D,2
21.08693,86.35407,,349.26,0.39,0.36,2025-02-15,720,N20,VIIRS,n,2,,311.74,6.85,D,0
21.34151,84.08893,,332.07,0.46,0.39,2025-02-15,720,N20,VIIRS,n,2,,306.47,1.99,D,0
21.62928,81.88888,,336.81,0.39,0.44,2025-02-15,720,N20,VIIRS,l,2,,309.64,3.9,D,0
21.87632,86.81509,,333.62,0.39,0.36,2025-02-15,720,N20,VIIRS,l,2,,306.38,14.26,D,0
22.09965,86.89699,,337.86,0.38,0.36,2025-02-15,720,N20,VIIRS,l,2,,309.61,4.47,D,0
22.80824,86.05505,,342.19,0.39,0.36,2025-02-15,720,N20,VIIRS,n,2,,307.39,2.67,D,0
21.45704,73.7469,,330.38,0.64,0.72,2025-02-15,721,N20,VIIRS,n,2,,305.23,2.77,D,0
24.69843,83.9184,,337.97,0.43,0.38,2025-02-15,721,N20,VIIRS,n,2,,307.13,4.02,D,0
27.89732,80.17049,,328.25,0.38,0.43,2025-02-15,722,N20,VIIRS,n,2,,293.59,1.44,D,0
31.04129,73.3336,,367,0.41,0.61,2025-02-15,723,N20,VIIRS,h,2,,296.12,6.8,D,0
32.85316,73.72808,,332.05,0.35,0.57,2025-02-15,724,N20,VIIRS,n,2,,301.88,2.52,D,0
9.48956,77.27496,,332.44,0.62,0.72,2025-02-15,857,N20,VIIRS,l,2,,305.18,7.15,D,0
13.76431,77.94166,,367,0.78,0.78,2025-02-15,859,N20,VIIRS,h,2,,304.38,25.69,D,0
17.40939,73.895,,339.54,0.46,0.64,2025-02-15,900,N20,VIIRS,n,2,,309.09,3.19,D,0
19.17066,73.2126,,341.18,0.44,0.62,2025-02-15,900,N20,VIIRS,n,2,,309.22,3.01,D,0
23.07952,72.0439,,338.74,0.41,0.6,2025-02-15,901,N20,VIIRS,n,2,,305.01,2.79,D,0
30.1213,68.0274,,347.92,0.55,0.51,2025-02-15,903,N20,VIIRS,n,2,,303.63,5.65,D,0
32.92726,73.91093,,341.18,0.65,0.73,2025-02-15,904,N20,VIIRS,n,2,,291.96,7.08,D,0
23.64971,85.56865,,298.24,0.41,0.37,2025-02-15,1948,N20,VIIRS,n,2,,288.13,0.53,N,0
23.76742,86.37405,,311.16,0.39,0.36,2025-02-15,1948,N20,VIIRS,n,2,,296.39,2.11,N,2
19.60092,82.47234,,298.61,0.5,0.41,2025-02-15,1949,N20,VIIRS,n,2,,287.77,0.66,N,0
21.07732,85.04123,,311.58,0.41,0.37,2025-02-15,1949,N20,VIIRS,n,2,,291.65,1.4,N,2
21.98416,83.23074,,315.31,0.49,0.4,2025-02-15,1949,N20,VIIRS,n,2,,291.74,3.13,N,2
16.55525,79.68736,,308.05,0.44,0.46,2025-02-15,1950,N20,VIIRS,n,2,,289.82,0.91,N,0
17.77592,80.26556,,321.35,0.42,0.46,2025-02-15,1950,N20,VIIRS,n,2,,294.8,2.63,N,0
18.11511,80.13934,,308.34,0.44,0.46,2025-02-15,1950,N20,VIIRS,n,2,,293.38,2.77,N,0
18.60613,80.50581,,304.28,0.42,0.45,2025-02-15,1950,N20,VIIRS,n,2,,291.56,0.87,N,0
19.29315,74.11263,,318.14,0.56,0.69,2025-02-15,1950,N20,VIIRS,n,2,,289.32,3.21,N,0
15.04169,75.37725,,309.13,0.41,0.61,2025-02-15,1951,N20,VIIRS,n,2,,290.14,1.04,N,0
9.57253,77.20345,,314.9,0.52,0.5,2025-02-15,1952,N20,VIIRS,n,2,,288.31,4.05,N,0
23.49779,68.57858,,302.65,0.45,0.47,2025-02-15,2129,N20,VIIRS,n,2,,292.48,1.19,N,2
17.59511,80.14928,,338.43,0.61,0.71,2025-02-16,700,N20,VIIRS,n,2,,302.72,5.01,D,0
19.68195,82.39194,,333.2,0.4,0.6,2025-02-16,701,N20,VIIRS,n,2,,306.3,2.16,D,0
20.21761,85.75455,,336.86,0.47,0.48,2025-02-16,701,N20,VIIRS,n,2,,306.23,2.88,D,0
21.07291,81.86518,,367,0.4,0.6,2025-02-16,701,N20,VIIRS,h,2,,309.54,7.69,D,0
21.54959,82.21807,,355.62,0.37,0.58,2025-02-16,701,N20,VIIRS,n,2,,312.73,8.56,D,0
21.90161,82.08029,,343.17,0.37,0.58,2025-02-16,701,N20,VIIRS,n,2,,310.84,5.87,D,0
22.75562,86.1398,,355.05,0.4,0.44,2025-02-16,701,N20,VIIRS,n,2,,308.08,6.49,D,0
26.63542,81.46692,,367,0.32,0.55,2025-02-16,703,N20,VIIRS,h,2,,294.69,8.31,D,0
29.65545,77.37013,,328.59,0.49,0.65,2025-02-16,704,N20,VIIRS,n,2,,288.91,2.53,D,0
12.41338,77.39224,,333.86,0.33,0.55,2025-02-16,839,N20,VIIRS,l,2,,308.62,2.1,D,0
13.20845,77.26875,,337.82,0.33,0.55,2025-02-16,840,N20,VIIRS,n,2,,307.27,1.25,D,0
13.7821,76.55644,,342.46,0.6,0.53,2025-02-16,840,N20,VIIRS,n,2,,311.51,7.97,D,0
14.18305,77.20537,,338.31,0.34,0.56,2025-02-16,840,N20,VIIRS,l,2,,312.2,2.85,D,0
14.95162,76.74686,,345.95,0.32,0.55,2025-02-16,840,N20,VIIRS,n,2,,309.04,2.19,D,0
15.88118,75.22976,,350.02,0.52,0.5,2025-02-16,840,N20,VIIRS,n,2,,313.36,7.82,D,0
16.82458,73.64929,,341,0.43,0.46,2025-02-16,841,N20,VIIRS,l,2,,313.55,5.57,D,0
17.455,77.45122,,350.88,0.39,0.59,2025-02-16,841,N20,VIIRS,n,2,,310.13,3.03,D,0
17.80638,80.35869,,338,0.61,0.71,2025-02-16,841,N20,VIIRS,n,2,,299.8,16.57,D,0
18.27588,78.62704,,341.22,0.47,0.64,2025-02-16,841,N20,VIIRS,n,2,,306.52,5.9,D,0
18.70532,72.90601,,338.96,0.41,0.45,2025-02-16,841,N20,VIIRS,n,2,,312.8,1.39,D,0
19.31808,78.63677,,333.82,0.49,0.65,2025-02-16,841,N20,VIIRS,l,2,,305.48,6.16,D,0
21.006,81.3817,,331.05,0.76,0.77,2025-02-16,842,N20,VIIRS,n,2,,301.54,1.64,D,0
24.26904,78.95433,,331.12,0.58,0.69,2025-02-16,843,N20,VIIRS,n,2,,299.7,6.75,D,0
28.95549,70.67213,,339.04,0.4,0.44,2025-02-16,844,N20,VIIRS,n,2,,283.78,3.56,D,0
23.54965,86.54516,,303.2,0.41,0.45,2025-02-16,1929,N20,VIIRS,n,2,,290.25,1.01,N,2
23.77968,86.34513,,314.4,0.42,0.45,2025-02-16,1929,N20,VIIRS,n,2,,293.16,2.08,N,2
20.99981,86.01357,,303.67,0.41,0.45,2025-02-16,1930,N20,VIIRS,n,2,,293.57,1.2,N,2
22.20993,84.86249,,303.41,0.5,0.49,2025-02-16,1930,N20,VIIRS,n,2,,292.31,1.56,N,2
18.72271,80.44933,,303.09,0.44,0.62,2025-02-16,1931,N20,VIIRS,n,2,,292.88,1.69,N,0
10.02314,76.95995,,312.98,0.58,0.7,2025-02-16,1933,N20,VIIRS,n,2,,289.39,2.11,N,0
33.63018,73.31082,,297.64,0.46,0.39,2025-02-16,2108,N20,VIIRS,n,2,,283.86,0.96,N,0
21.10956,72.64525,,309.97,0.45,0.47,2025-02-16,2111,N20,VIIRS,n,2,,294.44,1.57,N,2
17.56566,73.63229,,307.84,0.61,0.53,2025-02-16,2112,N20,VIIRS,n,2,,292.17,2.46,N,0
20.53313,85.99818,,340.74,0.45,0.63,2025-02-17,642,N20,VIIRS,n,2,,300.43,3.39,D,0
6.24393,80.33479,,333.43,0.41,0.45,2025-02-17,819,N20,VIIRS,n,2,,295.93,6.3,D,0
12.20052,76.46918,,349.52,0.44,0.39,2025-02-17,820,N20,VIIRS,n,2,,317.76,10.56,D,0
13.36647,76.91422,,333.61,0.48,0.4,2025-02-17,821,N20,VIIRS,l,2,,308.22,1.99,D,0
14.01213,78.11273,,351.93,0.57,0.43,2025-02-17,821,N20,VIIRS,n,2,,313.17,9.46,D,0
14.64335,76.62928,,351.25,0.48,0.4,2025-02-17,821,N20,VIIRS,n,2,,315.15,8.85,D,0
15.88884,78.94201,,346.24,0.45,0.47,2025-02-17,821,N20,VIIRS,n,2,,308.58,4.1,D,0
17.13913,73.98431,,343.96,0.4,0.37,2025-02-17,822,N20,VIIRS,n,2,,313.74,8.71,D,0
17.79136,76.89513,,343.98,0.53,0.42,2025-02-17,822,N20,VIIRS,n,2,,313.7,5.38,D,0
18.28219,73.96266,,340.18,0.4,0.37,2025-02-17,822,N20,VIIRS,n,2,,311.81,3.64,D,0
18.72213,80.46992,,330.59,0.61,0.54,2025-02-17,822,N20,VIIRS,l,2,,303.09,4.59,D,0
19.26455,78.74784,,337.73,0.48,0.48,2025-02-17,822,N20,VIIRS,n,2,,304.52,6.49,D,0
20.20748,82.8526,,367,0.46,0.63,2025-02-17,822,N20,VIIRS,h,2,,305.19,15.66,D,0
20.8623,85.21886,,356.81,0.66,0.73,2025-02-17,823,N20,VIIRS,n,2,,299.47,16.73,D,0
21.32722,72.89799,,335.08,0.4,0.37,2025-02-17,823,N20,VIIRS,n,2,,308.14,4.66,D,0
22.53612,78.59664,,335.92,0.52,0.5,2025-02-17,823,N20,VIIRS,n,2,,303.1,5.94,D,0
25.83136,69.34861,,333.14,0.39,0.36,2025-02-17,825,N20,VIIRS,n,2,,300.29,1.92,D,0
28.54515,79.71773,,326.85,0.36,0.57,2025-02-17,825,N20,VIIRS,n,2,,294.93,1.53,D,0
30.44745,71.05051,,336.8,0.41,0.37,2025-02-17,826,N20,VIIRS,n,2,,298.41,2.77,D,0
31.72593,73.28998,,333,0.5,0.41,2025-02-17,826,N20,VIIRS,n,2,,299.47,3.06,D,0
33.4122,72.48544,,338.27,0.48,0.4,2025-02-17,826,N20,VIIRS,n,2,,303.12,15.26,D,0
23.78245,85.56605,,305.51,0.47,0.64,2025-02-17,1910,N20,VIIRS,n,2,,289.41,1.52,N,0
21.92882,85.21957,,299.02,0.47,0.64,2025-02-17,1911,N20,VIIRS,n,2,,286.72,0.74,N,2
32.20319,74.22055,,297.02,0.38,0.36,2025-02-17,2049,N20,VIIRS,n,2,,286.17,0.67,N,0
21.99014,82.57911,,301.26,0.46,0.64,2025-02-17,2051,N20,VIIRS,n,2,,288.83,0.41,N,0
24.14094,82.63333,,306.18,0.42,0.61,2025-02-17,2051,N20,VIIRS,n,2,,286.74,0.93,N,0
21.11151,72.63649,,312.74,0.4,0.37,2025-02-17,2052,N20,VIIRS,n,2,,296.01,1.94,N,2
17.60331,73.50907,,323.11,0.47,0.39,2025-02-17,2053,N20,VIIRS,n,2,,293.59,3.29,N,0
13.94799,77.72946,,340.07,0.32,0.55,2025-02-17,2054,N20,VIIRS,n,2,,290.79,2.03,N,0
9.39337,78.72863,,335.91,0.39,0.36,2025-02-18,801,N20,VIIRS,l,2,,309.64,2.78,D,0
12.25371,77.32568,,367,0.39,0.36,2025-02-18,802,N20,VIIRS,l,2,,329.47,106.43,D,0
13.07802,80.14231,,333.73,0.41,0.37,2025-02-18,802,N20,VIIRS,n,2,,303.39,2.6,D,0
13.78295,78.23969,,351.39,0.38,0.36,2025-02-18,802,N20,VIIRS,n,2,,317.76,7.7,D,0
14.24144,78.33157,,348.44,0.38,0.36,2025-02-18,802,N20,VIIRS,n,2,,315.62,6.55,D,0
15.2645,77.8912,,336.79,0.38,0.36,2025-02-18,802,N20,VIIRS,l,2,,311.17,3.89,D,0
16.10838,79.03606,,339.79,0.4,0.37,2025-02-18,803,N20,VIIRS,n,2,,308.46,9.8,D,0
17.13819,74.51463,,335.46,0.44,0.38,2025-02-18,803,N20,VIIRS,l,2,,310.11,3.12,D,0
17.6042,76.01424,,339.69,0.39,0.36,2025-02-18,803,N20,VIIRS,l,2,,314.56,3.9,D,0
17.94897,76.00024,,339.31,0.39,0.36,2025-02-18,803,N20,VIIRS,l,2,,314.17,2.62,D,0
18.23381,77.77693,,335.57,0.39,0.36,2025-02-18,803,N20,VIIRS,l,2,,309.8,1.69,D,0
18.69618,78.57703,,342.93,0.4,0.37,2025-02-18,803,N20,VIIRS,n,2,,307.86,4.54,D,0
19.25638,78.63108,,353.76,0.41,0.37,2025-02-18,803,N20,VIIRS,n,2,,308.24,10.47,D,0
19.31137,73.44279,,341.09,0.46,0.39,2025-02-18,804,N20,VIIRS,l,2,,313.49,7.3,D,0
20.04576,81.95359,,336.06,0.39,0.44,2025-02-18,804,N20,VIIRS,n,2,,304.7,3.27,D,0
20.704,74.42154,,345.71,0.41,0.37,2025-02-18,804,N20,VIIRS,l,2,,316.13,7.44,D,0
21.08204,86.1869,,349.92,0.38,0.59,2025-02-18,804,N20,VIIRS,n,2,,302.17,9.6,D,0
21.56283,72.22326,,336.18,0.5,0.41,2025-02-18,804,N20,VIIRS,n,2,,307.93,2.67,D,0
22.21955,81.95146,,333.43,0.42,0.45,2025-02-18,804,N20,VIIRS,l,2,,305.02,3.58,D,0
23.65227,69.68827,,336.36,0.42,0.45,2025-02-18,805,N20,VIIRS,n,2,,307.58,2.14,D,0
27.43316,72.41454,,336.06,0.42,0.37,2025-02-18,806,N20,VIIRS,l,2,,308.15,1.57,D,0
28.18764,73.31715,,348.42,0.39,0.36,2025-02-18,806,N20,VIIRS,n,2,,308.86,4.51,D,0
28.23259,73.23408,,356.26,0.39,0.36,2025-02-18,806,N20,VIIRS,l,2,,309.28,8.35,D,0
28.25669,73.26158,,346.42,0.39,0.36,2025-02-18,806,N20,VIIRS,n,2,,309.29,2.92,D,0
28.26696,73.32502,,352.3,0.39,0.36,2025-02-18,806,N20,VIIRS,n,2,,310.65,4.19,D,0
28.35781,73.40041,,340.14,0.39,0.36,2025-02-18,806,N20,VIIRS,l,2,,310.14,1.92,D,0
30.0657,79.77654,,340.32,0.39,0.44,2025-02-18,806,N20,VIIRS,n,2,,299.5,4.47,D,0
30.96611,73.69556,,327.7,0.38,0.36,2025-02-18,807,N20,VIIRS,n,2,,298.18,2.7,D,0
31.90293,76.13134,,331.03,0.42,0.38,2025-02-18,807,N20,VIIRS,n,2,,300.95,1.81,D,0
34.29707,73.0366,,343.17,0.38,0.36,2025-02-18,808,N20,VIIRS,n,2,,270.57,5.14,D,0
29.55399,79.65778,,302.14,0.4,0.37,2025-02-18,2031,N20,VIIRS,n,2,,279.72,1.06,N,0
23.82896,84.93136,,301.58,0.59,0.53,2025-02-18,2032,N20,VIIRS,n,2,,288.05,3.98,N,2
20.9658,85.18942,,307.83,0.35,0.57,2025-02-18,2033,N20,VIIRS,n,2,,290.72,1.29,N,2
21.9334,85.22028,,310.02,0.34,0.56,2025-02-18,2033,N20,VIIRS,n,2,,288.03,1.25,N,2
17.53538,73.96437,,304.44,0.39,0.36,2025-02-18,2034,N20,VIIRS,n,2,,292.33,0.76,N,0
19.26171,78.62666,,302.89,0.46,0.39,2025-02-18,2034,N20,VIIRS,n,2,,291.52,0.9,N,0
14.82042,76.48506,,314.58,0.42,0.38,2025-02-18,2035,N20,VIIRS,n,2,,294.96,1.47,N,0
12.93382,76.48404,,299.73,0.44,0.38,2025-02-18,2036,N20,VIIRS,n,2,,289.43,0.55,N,0
10.94593,79.54179,,333.01,0.51,0.41,2025-02-19,742,N20,VIIRS,n,2,,303.83,3.86,D,0
12.87733,77.99152,,338.97,0.39,0.44,2025-02-19,743,N20,VIIRS,n,2,,313.71,3.64,D,0
13.75129,78.59324,,335.42,0.52,0.42,2025-02-19,743,N20,VIIRS,l,2,,310.34,1.62,D,0
14.25546,77.51235,,345.79,0.4,0.44,2025-02-19,743,N20,VIIRS,n,2,,315.03,5.91,D,0
15.90382,76.79475,,342.01,0.41,0.45,2025-02-19,744,N20,VIIRS,n,2,,311.77,8.38,D,0
17.08531,79.23482,,338.62,0.44,0.39,2025-02-19,744,N20,VIIRS,l,2,,311.78,3.47,D,0
17.66265,80.83173,,338,0.39,0.36,2025-02-19,744,N20,VIIRS,l,2,,310.79,4.55,D,0
18.56696,80.63993,,334.28,0.39,0.36,2025-02-19,744,N20,VIIRS,n,2,,306.04,1.89,D,0
18.63802,73.44955,,334.3,0.6,0.53,2025-02-19,745,N20,VIIRS,n,2,,304.09,3.52,D,0
19.25477,78.6144,,333.48,0.45,0.39,2025-02-19,745,N20,VIIRS,l,2,,307.62,2.28,D,0
20.02389,79.28826,,334.2,0.41,0.37,2025-02-19,745,N20,VIIRS,n,2,,307.18,2.19,D,0
20.72669,83.77399,,350.44,0.43,0.38,2025-02-19,745,N20,VIIRS,n,2,,306.88,3.92,D,0
21.37095,82.91157,,347.6,0.41,0.37,2025-02-19,745,N20,VIIRS,n,2,,307.56,5.34,D,0
21.9109,80.77121,,332.32,0.38,0.36,2025-02-19,745,N20,VIIRS,n,2,,305.1,2.94,D,0
23.12804,77.83511,,332.61,0.44,0.38,2025-02-19,746,N20,VIIRS,l,2,,305.3,1.4,D,0
25.34413,68.87336,,345.16,0.43,0.62,2025-02-19,747,N20,VIIRS,n,2,,299.61,4.62,D,0
28.33087,80.94203,,333.89,0.4,0.37,2025-02-19,747,N20,VIIRS,n,2,,298.55,2.03,D,0
30.80225,78.4428,,356.43,0.38,0.36,2025-02-19,748,N20,VIIRS,n,2,,309.02,7.72,D,0
33.14549,70.35227,,328.1,0.53,0.67,2025-02-19,2011,N20,VIIRS,n,2,,278.14,3.41,N,0
24.73406,82.21317,,298.65,0.39,0.36,2025-02-19,2013,N20,VIIRS,n,2,,288.05,0.78,N,0
21.75477,84.02345,,307.8,0.46,0.39,2025-02-19,2014,N20,VIIRS,n,2,,291.43,1.5,N,2
23.98838,79.39069,,302.4,0.41,0.37,2025-02-19,2014,N20,VIIRS,n,2,,289.86,1.47,N,2
19.13754,78.44802,,304.09,0.4,0.37,2025-02-19,2015,N20,VIIRS,n,2,,293.29,0.86,N,0
19.80416,78.36826,,303.35,0.41,0.37,2025-02-19,2015,N20,VIIRS,n,2,,292.28,1.02,N,0
14.06311,78.3194,,307.56,0.39,0.36,2025-02-19,2016,N20,VIIRS,n,2,,295.45,1.11,N,0
17.12486,75.81704,,302.21,0.49,0.4,2025-02-19,2016,N20,VIIRS,n,2,,291.96,0.69,N,0
21.9191,83.3486,316.7,,1,1,2025-02-15,412,Terra,MODIS,66,61.03,302.2,,8.3,D,2
16.5496,76.4284,321.6,,1.7,1.3,2025-02-15,414,Terra,MODIS,71,61.03,307.8,,16.5,D,0
14.6202,77.9294,334,,1.6,1.2,2025-02-15,851,Aqua,MODIS,81,61.03,310.1,,40.2,D,0
18.0278,79.9933,328.4,,1.1,1,2025-02-15,852,Aqua,MODIS,48,61.03,310.1,,16.2,D,0
18.3926,73.8789,323.7,,2.8,1.6,2025-02-15,853,Aqua,MODIS,62,61.03,308.7,,42.1,D,0
20.3295,79.0977,325.6,,1.1,1.1,2025-02-15,853,Aqua,MODIS,69,61.03,309.9,,12.5,D,0
21.4485,83.4239,321.5,,1.1,1.1,2025-02-15,853,Aqua,MODIS,68,61.03,309.3,,10.7,D,0
22.8327,77.7209,317.8,,1.2,1.1,2025-02-15,854,Aqua,MODIS,66,61.03,303.5,,10,D,0
29.3929,78.1805,306.4,,1,1,2025-02-15,855,Aqua,MODIS,58,61.03,294.9,,3.8,D,0
19.8774,73.4638,309.1,,1.6,1.2,2025-02-15,1644,Terra,MODIS,77,61.03,292.4,,16,N,0
16.1377,75.4559,322,,1.4,1.2,2025-02-16,453,Terra,MODIS,69,61.03,307.8,,14.3,D,0
15.9524,74.4348,320.1,,1.2,1.1,2025-02-16,454,Terra,MODIS,67,61.03,305.7,,12.9,D,0
14.2049,78.6705,329.3,,2,1.4,2025-02-16,930,Aqua,MODIS,74,61.03,310.3,,33.7,D,0
18.2545,73.2883,331.5,,1.1,1,2025-02-16,932,Aqua,MODIS,71,61.03,319.3,,14.3,D,0
33.1788,72.4906,310.4,,1.4,1.2,2025-02-16,936,Aqua,MODIS,65,61.03,283.8,,15.8,D,0
23.8295,84.9359,313.1,,1.2,1.1,2025-02-17,353,Terra,MODIS,61,61.03,298.4,,8.4,D,0
25.3423,68.2831,314.7,,1.5,1.2,2025-02-17,531,Terra,MODIS,62,61.03,296.1,,14.1,D,0
21.1821,82.8519,327.3,,1.3,1.1,2025-02-17,834,Aqua,MODIS,76,61.03,309.8,,21.2,D,0
30.0986,79.442,306.8,,1.4,1.2,2025-02-17,836,Aqua,MODIS,50,61.03,293.8,,11.7,D,0
18.6931,74.6347,322.5,,1,1,2025-02-17,1624,Terra,MODIS,100,61.03,291.8,,21.1,N,0
17.5863,75.4119,318.3,,1,1,2025-02-18,434,Terra,MODIS,60,61.03,301.9,,9.6,D,0
12.1024,78.514,321,,1.3,1.1,2025-02-18,436,Terra,MODIS,73,61.03,301.9,,17.3,D,0
13.8334,78.2239,328.1,,1,1,2025-02-18,911,Aqua,MODIS,71,61.03,313.8,,10,D,0
18.0764,73.5704,333.2,,1.3,1.1,2025-02-18,912,Aqua,MODIS,79,61.03,313,,28,D,0
21.3105,81.9255,323.4,,1.9,1.3,2025-02-18,913,Aqua,MODIS,72,61.03,298.5,,28.4,D,0
29.1366,77.5226,314.6,,1.2,1.1,2025-02-18,915,Aqua,MODIS,48,61.03,298.6,,10.6,D,0
10.1843,77.1709,305,,1,1,2025-02-18,2124,Aqua,MODIS,63,61.03,282.6,,9.2,N,0
26.097,68.1379,312,,1,1,2025-02-19,512,Terra,MODIS,44,61.03,297.1,,7.6,D,0
13.9004,77.893,322.9,,1.1,1,2025-02-19,1604,Terra,MODIS,100,61.03,296.8,,20.1,N,0
6.22427,81.15673,,331.26,0.32,0.54,2025-02-20,722,N20,VIIRS,l,2,,304.9,4.03,D,0
12.43601,77.76625,,336.12,0.42,0.61,2025-02-20,724,N20,VIIRS,n,2,,306.54,1.74,D,0
13.75442,78.46593,,344.25,0.36,0.57,2025-02-20,724,N20,VIIRS,n,2,,305.34,4.63,D,0
14.7269,79.10023,,331.07,0.62,0.54,2025-02-20,725,N20,VIIRS,n,2,,302.41,1.52,D,0
16.50675,75.33744,,331.5,0.51,0.66,2025-02-20,725,N20,VIIRS,n,2,,300.53,3.45,D,0
17.58903,82.26147,,334.76,0.53,0.42,2025-02-20,725,N20,VIIRS,n,2,,302.96,2.98,D,0
18.08348,75.51393,,331.18,0.46,0.64,2025-02-20,726,N20,VIIRS,n,2,,302.62,1.69,D,0
19.18909,78.82242,,330.72,0.54,0.51,2025-02-20,726,N20,VIIRS,l,2,,302.64,6.72,D,0
19.8951,82.27689,,343.05,0.49,0.4,2025-02-20,726,N20,VIIRS,n,2,,307.47,4.92,D,0
20.79685,85.2589,,330.01,0.39,0.36,2025-02-20,726,N20,VIIRS,l,2,,300.06,2.67,D,2
22.09502,82.71571,,330.98,0.44,0.38,2025-02-20,726,N20,VIIRS,n,2,,300.54,2.6,D,0
24.7366,83.92854,,331.12,0.39,0.36,2025-02-20,727,N20,VIIRS,l,2,,303.32,2.08,D,0
29.22992,77.21248,,329.7,0.43,0.46,2025-02-20,729,N20,VIIRS,n,2,,291.9,2.69,D,0
19.63162,73.43497,,340.25,0.58,0.7,2025-02-20,907,N20,VIIRS,n,2,,304,6.54,D,0
28.50105,70.10914,,351.32,0.44,0.62,2025-02-20,909,N20,VIIRS,n,2,,301.97,5.46,D,0
23.69972,86.07324,,322.95,0.38,0.36,2025-02-20,1954,N20,VIIRS,n,2,,290.55,1.87,N,2
23.82744,85.49703,,305.39,0.39,0.36,2025-02-20,1954,N20,VIIRS,n,2,,290.45,0.9,N,2
20.97217,85.03233,,311.64,0.38,0.36,2025-02-20,1955,N20,VIIRS,n,2,,290.76,0.99,N,0
22.0213,83.38076,,312.51,0.42,0.37,2025-02-20,1955,N20,VIIRS,n,2,,294,1,N,2
22.85915,86.05521,,303.03,0.38,0.36,2025-02-20,1955,N20,VIIRS,n,2,,289.97,0.66,N,2
18.73974,78.94024,,317.71,0.42,0.45,2025-02-20,1956,N20,VIIRS,n,2,,293.18,1.4,N,0
20.70551,78.61903,,303.53,0.47,0.48,2025-02-20,1956,N20,VIIRS,n,2,,292.03,1.65,N,2
10.85971,76.98532,,303.38,0.44,0.46,2025-02-20,1958,N20,VIIRS,n,2,,292.28,0.24,N,0
18.69396,73.84142,,298.97,0.77,0.77,2025-02-20,2137,N20,VIIRS,n,2,,287.07,0.59,N,0
19.10371,78.27259,,332.96,0.59,0.7,2025-02-21,707,N20,VIIRS,n,2,,302.82,3.34,D,0
20.88312,84.98508,,341.07,0.41,0.45,2025-02-21,707,N20,VIIRS,n,2,,304.95,4.34,D,2
22.13153,83.42989,,341.54,0.48,0.48,2025-02-21,708,N20,VIIRS,n,2,,302.77,10.54,D,0
28.5134,81.23953,,352.53,0.49,0.49,2025-02-21,709,N20,VIIRS,n,2,,301.24,12.09,D,0
12.15949,77.69551,,367,0.44,0.62,2025-02-21,846,N20,VIIRS,h,2,,307.29,17.28,D,0
12.84562,77.32222,,341.75,0.42,0.61,2025-02-21,846,N20,VIIRS,n,2,,305.19,5.21,D,0
13.98024,76.64101,,337.38,0.39,0.59,2025-02-21,846,N20,VIIRS,l,2,,310.32,4.2,D,0
15.74333,76.8965,,330.3,0.43,0.62,2025-02-21,847,N20,VIIRS,n,2,,299.31,3.52,D,0
17.86868,73.44264,,341.61,0.54,0.51,2025-02-21,847,N20,VIIRS,n,2,,306.5,8.9,D,0
19.19229,76.19649,,337.56,0.42,0.61,2025-02-21,848,N20,VIIRS,n,2,,307.43,1.76,D,0
21.21358,72.70248,,331.93,0.53,0.5,2025-02-21,848,N20,VIIRS,l,2,,304.7,2.81,D,0
24.99197,69.20198,,329.26,0.55,0.43,2025-02-21,849,N20,VIIRS,n,2,,280.38,3.55,D,0
20.80823,85.25346,,303.05,0.54,0.42,2025-02-21,1936,N20,VIIRS,n,2,,292.79,1.9,N,2
22.10849,83.52618,,313.46,0.48,0.48,2025-02-21,1936,N20,VIIRS,n,2,,292.15,2.12,N,2
23.69162,87.12171,,308.28,0.47,0.4,2025-02-21,1936,N20,VIIRS,n,2,,292.92,1.77,N,2
17.95914,80.78608,,310.77,0.32,0.54,2025-02-21,1937,N20,VIIRS,n,2,,294.68,1.01,N,0
11.03583,76.74731,,299.92,0.49,0.65,2025-02-21,1939,N20,VIIRS,n,2,,288.22,0.52,N,0
22.13023,73.85397,,322.22,0.32,0.55,2025-02-21,2117,N20,VIIRS,n,2,,291.11,1.05,N,0
19.28336,71.4341,,315.41,0.51,0.5,2025-02-21,2118,N20,VIIRS,n,2,,294.39,1.51,N,3
21.28951,81.93437,,348.15,0.63,0.72,2025-02-22,649,N20,VIIRS,n,2,,302.5,8.6,D,0
7.17387,81.81929,,354.78,0.34,0.56,2025-02-22,825,N20,VIIRS,n,2,,304.54,5.62,D,0
11.89637,77.02691,,343.59,0.57,0.43,2025-02-22,827,N20,VIIRS,n,2,,311.18,18.16,D,0
12.84646,77.7425,,337.48,0.43,0.46,2025-02-22,827,N20,VIIRS,l,2,,310.98,2.82,D,0
13.44941,77.57892,,343.59,0.43,0.46,2025-02-22,827,N20,VIIRS,n,2,,309.9,5.91,D,0
14.18518,78.09747,,337.68,0.47,0.48,2025-02-22,827,N20,VIIRS,n,2,,306.47,6.96,D,0
15.10671,76.50854,,334.47,0.39,0.44,2025-02-22,828,N20,VIIRS,l,2,,307.23,4.17,D,0
16.66833,79.29345,,351.38,0.61,0.54,2025-02-22,828,N20,VIIRS,n,2,,302.38,23.28,D,0
17.73801,78.50642,,333.23,0.56,0.52,2025-02-22,828,N20,VIIRS,l,2,,305.33,3.74,D,0
18.44666,79.93005,,337.2,0.36,0.57,2025-02-22,828,N20,VIIRS,n,2,,299.13,3.82,D,0
18.88526,73.34138,,349.05,0.44,0.38,2025-02-22,829,N20,VIIRS,n,2,,318.05,7.86,D,0
19.49913,74.62785,,333.87,0.51,0.41,2025-02-22,829,N20,VIIRS,l,2,,308.38,1.64,D,0
19.88902,81.41654,,335.17,0.46,0.64,2025-02-22,829,N20,VIIRS,n,2,,301.78,2.42,D,0
20.83229,82.55271,,330.41,0.56,0.69,2025-02-22,829,N20,VIIRS,n,2,,299.66,3.77,D,0
21.99959,77.15705,,331.6,0.52,0.5,2025-02-22,829,N20,VIIRS,l,2,,306.55,1.51,D,0
23.46583,79.7765,,333.42,0.4,0.6,2025-02-22,830,N20,VIIRS,n,2,,300.05,1.39,D,0
26.4602,68.89215,,340.15,0.38,0.36,2025-02-22,831,N20,VIIRS,n,2,,305.11,4.02,D,0
28.99938,79.7976,,325.34,0.46,0.63,2025-02-22,831,N20,VIIRS,n,2,,295.79,2.25,D,0
30.51611,70.046,,331.42,0.42,0.38,2025-02-22,832,N20,VIIRS,n,2,,295.77,3.31,D,0
32.42955,72.71542,,331.15,0.57,0.43,2025-02-22,832,N20,VIIRS,n,2,,296.88,4.42,D,0
22.20749,84.54926,,305.37,0.42,0.61,2025-02-22,1917,N20,VIIRS,n,2,,290.36,1.07,N,0
23.73872,86.43223,,310.1,0.33,0.55,2025-02-22,1917,N20,VIIRS,n,2,,290.72,1.51,N,2
20.97047,85.17555,,308.82,0.37,0.58,2025-02-22,1918,N20,VIIRS,n,2,,290.03,1.41,N,2
25.7904,69.19686,,332.86,0.4,0.37,2025-02-22,2057,N20,VIIRS,n,2,,288.68,2.54,N,0
22.10943,83.52309,,299.92,0.66,0.73,2025-02-22,2058,N20,VIIRS,n,2,,288.52,1.26,N,2
18.55928,80.4403,,302.97,0.5,0.66,2025-02-22,2059,N20,VIIRS,n,2,,291.54,1.05,N,0
20.86739,70.56426,,305.85,0.39,0.36,2025-02-22,2059,N20,VIIRS,n,2,,294.37,1.01,N,0
27.53569,84.51253,,331.11,0.61,0.71,2025-02-23,632,N20,VIIRS,n,2,,290.74,3.41,D,0
9.04441,76.86545,,334.48,0.39,0.36,2025-02-23,807,N20,VIIRS,n,2,,305.74,2.93,D,0
11.00364,77.72054,,335.34,0.39,0.36,2025-02-23,808,N20,VIIRS,l,2,,309.22,1.23,D,0
12.6326,76.5527,,334.21,0.38,0.36,2025-02-23,808,N20,VIIRS,l,2,,305.39,2.22,D,0
13.28927,77.92279,,336.84,0.4,0.37,2025-02-23,808,N20,VIIRS,l,2,,311.21,2.83,D,0
13.73986,78.27257,,336.69,0.41,0.37,2025-02-23,808,N20,VIIRS,n,2,,310.46,2.09,D,0
14.11801,78.66488,,344.2,0.42,0.38,2025-02-23,808,N20,VIIRS,l,2,,317.28,3.12,D,0
14.84191,78.27678,,343.46,0.41,0.37,2025-02-23,809,N20,VIIRS,l,2,,314.56,4.38,D,0
15.85971,79.07061,,338.46,0.45,0.39,2025-02-23,809,N20,VIIRS,l,2,,308.79,2.42,D,0
17.19518,73.89659,,342.37,0.41,0.37,2025-02-23,809,N20,VIIRS,n,2,,310.68,5.55,D,0
17.92837,76.96009,,347.07,0.4,0.37,2025-02-23,809,N20,VIIRS,l,2,,320.8,10.03,D,0
18.39844,82.17979,,337.1,0.49,0.48,2025-02-23,809,N20,VIIRS,n,2,,306.98,1.94,D,0
18.67303,80.42878,,336.15,0.57,0.43,2025-02-23,809,N20,VIIRS,l,2,,308.3,7.67,D,0
18.46681,73.61807,,346.7,0.41,0.37,2025-02-23,810,N20,VIIRS,n,2,,313.42,4.5,D,0
18.88573,80.80551,,343.92,0.4,0.45,2025-02-23,810,N20,VIIRS,n,2,,313.86,9.16,D,0
19.17673,78.43874,,336.53,0.46,0.39,2025-02-23,810,N20,VIIRS,l,2,,308.63,3.48,D,0
19.39203,77.51243,,342.99,0.42,0.38,2025-02-23,810,N20,VIIRS,l,2,,313.34,3.99,D,0
19.80925,75.47733,,337.18,0.39,0.36,2025-02-23,810,N20,VIIRS,n,2,,311.81,2.64,D,0
20.1138,82.1311,,336.08,0.51,0.49,2025-02-23,810,N20,VIIRS,l,2,,308.63,4.58,D,0
20.91798,83.07011,,340.34,0.6,0.53,2025-02-23,810,N20,VIIRS,n,2,,305.95,4.97,D,0
21.3743,76.42463,,342.31,0.4,0.37,2025-02-23,810,N20,VIIRS,l,2,,315.74,9.74,D,0
21.9019,84.00539,,350.05,0.35,0.57,2025-02-23,810,N20,VIIRS,n,2,,304.19,5.05,D,0
22.36584,75.75069,,336.72,0.4,0.37,2025-02-23,811,N20,VIIRS,l,2,,311.07,3.56,D,0
23.682,86.39643,,333.73,0.53,0.67,2025-02-23,811,N20,VIIRS,n,2,,300.22,7.73,D,2
26.24121,84.32262,,326.9,0.41,0.61,2025-02-23,812,N20,VIIRS,n,2,,293.84,1.89,D,0
26.5185,71.5948,,344.98,0.4,0.37,2025-02-23,812,N20,VIIRS,n,2,,313.74,4.04,D,0
26.55872,71.43221,,345.39,0.41,0.37,2025-02-23,812,N20,VIIRS,n,2,,313.62,5.16,D,0
26.65477,71.27016,,339.61,0.41,0.37,2025-02-23,812,N20,VIIRS,l,2,,310.51,1.71,D,0
26.80487,71.49567,,338.47,0.4,0.37,2025-02-23,812,N20,VIIRS,l,2,,309.75,5.5,D,0
26.86805,71.49928,,338.67,0.4,0.37,2025-02-23,812,N20,VIIRS,l,2,,312.27,4.14,D,0
28.02268,80.26401,,342.43,0.49,0.48,2025-02-23,812,N20,VIIRS,n,2,,298.36,4.19,D,0
29.20815,70.54248,,335.66,0.41,0.37,2025-02-23,813,N20,VIIRS,n,2,,299.83,7.21,D,0
30.62804,72.35555,,343.93,0.38,0.36,2025-02-23,813,N20,VIIRS,n,2,,303.83,17.76,D,0
31.60749,72.54435,,343.52,0.39,0.36,2025-02-23,813,N20,VIIRS,n,2,,303.28,9.19,D,0
32.4343,73.16933,,334.16,0.4,0.37,2025-02-23,814,N20,VIIRS,n,2,,294.14,18.33,D,0
23.69259,87.09622,,300.35,0.6,0.7,2025-02-23,1858,N20,VIIRS,n,2,,287.38,1.78,N,2
31.2588,76.92448,,295.88,0.38,0.36,2025-02-23,2037,N20,VIIRS,n,2,,282.09,0.43,N,2
23.79321,86.35274,,300.65,0.46,0.63,2025-02-23,2038,N20,VIIRS,n,2,,290.37,1.21,N,2
20.97142,85.17106,,315.35,0.44,0.63,2025-02-23,2039,N20,VIIRS,n,2,,292.45,3.55,N,2
22.04601,83.72985,,367,0.34,0.56,2025-02-23,2039,N20,VIIRS,h,2,,295.35,5.62,N,2
17.59546,75.78594,,304.5,0.43,0.38,2025-02-23,2040,N20,VIIRS,n,2,,289.92,0.79,N,0
18.16408,73.42678,,311.43,0.38,0.36,2025-02-23,2040,N20,VIIRS,n,2,,294.57,1.35,N,0
18.75547,79.29652,,307.7,0.41,0.45,2025-02-23,2040,N20,VIIRS,n,2,,293.39,1.04,N,0
19.2718,78.64233,,301.09,0.56,0.43,2025-02-23,2040,N20,VIIRS,n,2,,290.68,0.88,N,0
13.15876,80.2881,,305.81,0.6,0.53,2025-02-23,2041,N20,VIIRS,n,2,,294.76,1.32,N,2
15.31363,76.27004,,304.85,0.47,0.4,2025-02-23,2041,N20,VIIRS,n,2,,294.45,0.67,N,0
13.02207,75.56279,,310.06,0.47,0.39,2025-02-23,2042,N20,VIIRS,n,2,,291.22,1.56,N,0
8.64462,80.34594,,339.49,0.42,0.38,2025-02-24,748,N20,VIIRS,n,2,,307.18,5.66,D,0
11.58681,79.63799,,335.11,0.42,0.38,2025-02-24,749,N20,VIIRS,l,2,,305.49,13.46,D,0
12.52091,76.76719,,367,0.56,0.43,2025-02-24,749,N20,VIIRS,h,2,,374,89.29,D,0
12.94948,78.07787,,342.33,0.47,0.4,2025-02-24,749,N20,VIIRS,n,2,,309.58,3.04,D,0
13.25741,79.31269,,337.06,0.42,0.37,2025-02-24,749,N20,VIIRS,l,2,,308.37,1.49,D,0
13.69837,77.91171,,353.22,0.47,0.4,2025-02-24,749,N20,VIIRS,n,2,,319.94,24.65,D,0
13.96052,75.92782,,341.27,0.4,0.44,2025-02-24,750,N20,VIIRS,n,2,,310.47,3.78,D,0
14.66867,78.42589,,345.34,0.44,0.38,2025-02-24,750,N20,VIIRS,n,2,,318.73,6,D,0
15.43252,78.28431,,342.31,0.43,0.38,2025-02-24,750,N20,VIIRS,l,2,,315.64,6.9,D,0
16.10712,78.80807,,367,0.41,0.37,2025-02-24,750,N20,VIIRS,l,2,,368.31,212.02,D,0
16.93076,73.62444,,344.5,0.5,0.49,2025-02-24,750,N20,VIIRS,n,2,,311.12,6.61,D,0
17.7532,80.241,,335.65,0.38,0.36,2025-02-24,750,N20,VIIRS,l,2,,307.83,2.37,D,0
17.97491,80.13653,,340.74,0.38,0.36,2025-02-24,750,N20,VIIRS,n,2,,310.73,4.31,D,0
18.1922,80.722,,354.31,0.39,0.36,2025-02-24,750,N20,VIIRS,n,2,,316.34,5.4,D,0
18.09192,73.74148,,333.57,0.47,0.48,2025-02-24,751,N20,VIIRS,n,2,,306.73,2.34,D,0
18.41041,80.59294,,350.29,0.39,0.36,2025-02-24,751,N20,VIIRS,n,2,,318.55,8.28,D,0
18.52233,81.98034,,342.41,0.41,0.37,2025-02-24,751,N20,VIIRS,l,2,,312.83,6.18,D,0
18.64584,80.39677,,342.13,0.38,0.36,2025-02-24,751,N20,VIIRS,n,2,,313.95,6.16,D,0
18.8575,73.17914,,338.11,0.49,0.49,2025-02-24,751,N20,VIIRS,l,2,,311.95,4.47,D,0
19.08953,80.05396,,340.73,0.38,0.36,2025-02-24,751,N20,VIIRS,n,2,,313.22,7.74,D,0
19.25429,78.729,,349.37,0.39,0.37,2025-02-24,751,N20,VIIRS,n,2,,315.73,17.94,D,0
19.45816,73.56105,,344.22,0.45,0.47,2025-02-24,751,N20,VIIRS,n,2,,313.36,49.52,D,0
19.68388,81.61279,,343.08,0.41,0.37,2025-02-24,751,N20,VIIRS,n,2,,310.57,3.2,D,0
19.95193,82.25312,,344.74,0.43,0.38,2025-02-24,751,N20,VIIRS,n,2,,315.59,5.34,D,0
20.15685,81.23622,,339.21,0.4,0.37,2025-02-24,751,N20,VIIRS,n,2,,310.33,2.8,D,0
20.34017,81.41131,,337.42,0.4,0.37,2025-02-24,751,N20,VIIRS,n,2,,312.09,2.48,D,0
20.69665,83.14539,,343.55,0.47,0.4,2025-02-24,751,N20,VIIRS,n,2,,312.32,4.84,D,0
21.02554,84.02014,,340.68,0.53,0.42,2025-02-24,751,N20,VIIRS,n,2,,308.12,5.31,D,0
21.2769,83.97678,,341.26,0.53,0.42,2025-02-24,751,N20,VIIRS,n,2,,310.49,6.62,D,0
21.60611,79.38502,,340.21,0.38,0.36,2025-02-24,751,N20,VIIRS,n,2,,310.44,3.27,D,0
22.00969,83.70845,,336.09,0.52,0.42,2025-02-24,751,N20,VIIRS,n,2,,307.87,4.59,D,0
21.58822,74.10152,,341.46,0.39,0.44,2025-02-24,752,N20,VIIRS,n,2,,303.44,3.25,D,0
23.24257,79.1564,,334.3,0.38,0.36,2025-02-24,752,N20,VIIRS,n,2,,307.74,1.53,D,0
25.6477,77.64815,,335.15,0.39,0.36,2025-02-24,753,N20,VIIRS,n,2,,308.57,7.72,D,0
28.67039,70.65243,,342.36,0.46,0.47,2025-02-24,754,N20,VIIRS,n,2,,298.83,44.25,D,0
29.75184,70.9276,,340.31,0.42,0.45,2025-02-24,754,N20,VIIRS,n,2,,296.73,19.47,D,0
31.68103,73.13454,,335.17,0.46,0.39,2025-02-24,755,N20,VIIRS,n,2,,288.62,3.68,D,0
23.68942,86.39135,,305.11,0.47,0.48,2025-02-24,2019,N20,VIIRS,n,2,,293.12,2.94,N,2
28.42846,69.69817,,304.03,0.42,0.61,2025-02-24,2019,N20,VIIRS,n,2,,286.8,0.94,N,0
21.57626,82.02318,,310.79,0.44,0.39,2025-02-24,2020,N20,VIIRS,n,2,,295.71,2.04,N,2
22.22168,84.75719,,302.2,0.4,0.44,2025-02-24,2020,N20,VIIRS,n,2,,290.14,1.13,N,2
23.70037,86.07674,,300.35,0.45,0.47,2025-02-24,2020,N20,VIIRS,n,2,,287.14,0.69,N,2
18.22303,78.0863,,302.39,0.38,0.36,2025-02-24,2021,N20,VIIRS,n,2,,292.11,0.51,N,0
18.59849,80.62491,,305.71,0.42,0.38,2025-02-24,2021,N20,VIIRS,n,2,,294.48,1.08,N,0
18.95083,79.01186,,313.69,0.39,0.36,2025-02-24,2021,N20,VIIRS,n,2,,293.5,1.2,N,0
19.15402,80.04176,,324.58,0.4,0.37,2025-02-24,2021,N20,VIIRS,n,2,,296.1,1.68,N,0
19.26195,78.72625,,313.65,0.38,0.36,2025-02-24,2021,N20,VIIRS,n,2,,293.72,0.93,N,0
19.66018,82.54733,,299.74,0.49,0.41,2025-02-24,2021,N20,VIIRS,n,2,,286.64,0.54,N,0
20.42939,72.86165,,302.74,0.43,0.46,2025-02-24,2021,N20,VIIRS,n,2,,292.61,0.47,N,0
14.38646,78.12869,,309.52,0.39,0.36,2025-02-24,2022,N20,VIIRS,n,2,,294.92,1,N,0
15.92792,75.16841,,310.15,0.43,0.38,2025-02-24,2022,N20,VIIRS,n,2,,288.08,1.29,N,0
17.98211,73.77975,,326.9,0.53,0.42,2025-02-24,2022,N20,VIIRS,n,2,,289.63,1.64,N,0
13.29674,75.90459,,312.35,0.39,0.37,2025-02-24,2023,N20,VIIRS,n,2,,290.71,0.97,N,0
9.5366,76.9973,,305.14,0.39,0.36,2025-02-24,2024,N20,VIIRS,n,2,,294.15,2.25,N,0
11.5291,78.9852,315.8,,1,1,2025-02-20,417,Terra,MODIS,44,61.03,302.2,,6,D,0
18.4643,77.2936,327.7,,1.5,1.2,2025-02-20,853,Aqua,MODIS,74,61.03,311.5,,17.3,D,0
23.1581,78.698,327.1,,1.1,1,2025-02-20,854,Aqua,MODIS,73,61.03,305.6,,15.6,D,0
29.0511,77.1329,305,,1.2,1.1,2025-02-21,452,Terra,MODIS,60,61.03,292.1,,6.3,D,0
10.775,76.7767,322.3,,1.3,1.1,2025-02-21,930,Aqua,MODIS,43,61.03,309.3,,10.2,D,0
18.6105,80.4502,326.6,,3.2,1.7,2025-02-21,932,Aqua,MODIS,75,61.03,302.9,,73,D,0
19.258,77.0076,314.2,,2,1.4,2025-02-21,1547,Terra,MODIS,89,61.03,290.6,,35.3,N,0
27.9072,69.1286,316.4,,1.7,1.3,2025-02-22,532,Terra,MODIS,72,61.03,292.6,,25.4,D,0
21.0558,82.8052,323.1,,1.3,1.1,2025-02-22,834,Aqua,MODIS,71,61.03,306.8,,14.1,D,0
28.563,81.2659,323.7,,1.2,1.1,2025-02-22,836,Aqua,MODIS,74,61.03,296.1,,22.3,D,0
20.1121,75.3262,305.4,,1.2,1.1,2025-02-22,1627,Terra,MODIS,64,61.03,287.8,,9.7,N,0
17.3121,76.641,323.7,,1,1,2025-02-23,436,Terra,MODIS,68,61.03,307.9,,9.3,D,0
8.9283,77.8509,318.5,,1.4,1.2,2025-02-23,438,Terra,MODIS,20,61.03,301.8,,9.1,D,0
8.0399,81.399,318.1,,1.1,1.1,2025-02-23,909,Aqua,MODIS,48,61.03,301.2,,9.4,D,0
13.7721,77.527,339,,1,1,2025-02-23,911,Aqua,MODIS,85,61.03,310.7,,26.5,D,0
17.8028,76.1054,331.4,,1,1,2025-02-23,912,Aqua,MODIS,47,61.03,314.9,,14.9,D,0
18.466,73.6134,323.6,,1.3,1.1,2025-02-23,913,Aqua,MODIS,58,61.03,310.3,,13.2,D,0
21.3956,82.115,321.6,,1.9,1.4,2025-02-23,913,Aqua,MODIS,68,61.03,307.1,,18.9,D,0
26.8088,71.4834,331.9,,1.3,1.1,2025-02-23,915,Aqua,MODIS,52,61.03,311.9,,19.3,D,0
31.9863,70.6042,317.6,,1.2,1.1,2025-02-23,916,Aqua,MODIS,68,61.03,302.9,,11,D,0
10.0993,77.0916,303.6,,1,1,2025-02-23,2124,Aqua,MODIS,56,61.03,287.6,,7.7,N,0
29.9714,72.4366,333.1,,1.3,1.1,2025-02-24,513,Terra,MODIS,88,61.03,294.1,,43.2,D,0
14.8032,75.5965,318.8,,2.8,1.6,2025-02-24,951,Aqua,MODIS,33,61.03,304.5,,19.9,D,0
18.0847,76.9742,304.7,,1,1,2025-02-24,1607,Terra,MODIS,61,61.03,291.5,,6.6,N,0
8.32535,77.46242,,367,0.41,0.61,2025-02-25,729,N20,VIIRS,h,2,,303.03,12.65,D,0
12.80407,77.59213,,335.12,0.34,0.56,2025-02-25,730,N20,VIIRS,n,2,,300.98,2.11,D,0
13.56698,77.68916,,330.49,0.32,0.55,2025-02-25,731,N20,VIIRS,l,2,,302.16,1.79,D,0
14.63233,79.97085,,335.23,0.43,0.46,2025-02-25,731,N20,VIIRS,n,2,,304.15,4.9,D,0
15.95873,78.69989,,340.22,0.5,0.49,2025-02-25,731,N20,VIIRS,n,2,,306.78,5.28,D,0
17.38253,76.75617,,331.2,0.63,0.54,2025-02-25,732,N20,VIIRS,l,2,,306.17,4.84,D,0
18.39669,81.80976,,336.03,0.45,0.39,2025-02-25,732,N20,VIIRS,l,2,,308.88,4.16,D,0
19.0839,78.52887,,335.77,0.45,0.47,2025-02-25,732,N20,VIIRS,n,2,,303.9,3.56,D,0
19.75302,74.98328,,355.65,0.37,0.58,2025-02-25,732,N20,VIIRS,n,2,,301.56,5.77,D,0
20.04136,81.65348,,330.8,0.44,0.39,2025-02-25,732,N20,VIIRS,l,2,,305.43,2.86,D,0
20.34861,80.93611,,340.89,0.47,0.4,2025-02-25,732,N20,VIIRS,n,2,,309.22,4.29,D,0
20.75512,83.79232,,337.09,0.39,0.36,2025-02-25,732,N20,VIIRS,l,2,,308.09,2.45,D,0
21.00421,81.78642,,336.98,0.43,0.38,2025-02-25,732,N20,VIIRS,n,2,,311.52,5.14,D,0
21.34764,83.08244,,352.5,0.39,0.36,2025-02-25,732,N20,VIIRS,n,2,,312.39,7.58,D,0
20.93741,75.58698,,333.15,0.64,0.54,2025-02-25,733,N20,VIIRS,l,2,,306.82,1.68,D,0
21.8918,83.36449,,335.79,0.39,0.36,2025-02-25,733,N20,VIIRS,l,2,,309.93,2.09,D,0
22.10896,82.7605,,334.41,0.4,0.37,2025-02-25,733,N20,VIIRS,l,2,,307.67,3.17,D,0
23.06372,77.33726,,341.63,0.45,0.47,2025-02-25,733,N20,VIIRS,n,2,,306.74,6.65,D,0
25.85597,81.88652,,334.26,0.39,0.36,2025-02-25,734,N20,VIIRS,n,2,,305.39,4.5,D,0
28.35106,81.08281,,329.15,0.39,0.37,2025-02-25,734,N20,VIIRS,n,2,,299.11,3.72,D,0
17.61663,73.55121,,347.17,0.71,0.75,2025-02-25,912,N20,VIIRS,n,2,,302.81,9.35,D,0
11.8893,77.37579,,337.95,0.75,0.77,2025-02-26,711,N20,VIIRS,n,2,,296.09,7.29,D,0
15.74365,78.94125,,337.65,0.5,0.66,2025-02-26,712,N20,VIIRS,n,2,,300,7.09,D,0
18.05311,80.03415,,339.86,0.38,0.59,2025-02-26,713,N20,VIIRS,n,2,,301.64,4.27,D,0
19.30643,82.70463,,340.27,0.48,0.48,2025-02-26,713,N20,VIIRS,n,2,,305.88,4.54,D,0
20.02726,82.04469,,345.53,0.52,0.5,2025-02-26,713,N20,VIIRS,n,2,,308.04,8.92,D,0
20.79763,82.61279,,334.07,0.46,0.47,2025-02-26,713,N20,VIIRS,l,2,,306.43,3.78,D,0
21.15329,83.97147,,338.12,0.57,0.43,2025-02-26,714,N20,VIIRS,n,2,,302.58,6.86,D,0
21.7033,81.78569,,337.58,0.5,0.49,2025-02-26,714,N20,VIIRS,l,2,,311.04,1.75,D,0
22.07777,83.43983,,342.59,0.39,0.44,2025-02-26,714,N20,VIIRS,n,2,,311.64,4.45,D,0
25.38372,88.34174,,333.84,0.38,0.36,2025-02-26,714,N20,VIIRS,n,2,,297.28,4.54,D,0
11.21499,76.9591,,336.46,0.48,0.65,2025-02-26,852,N20,VIIRS,n,2,,298.76,12.59,D,0
12.66521,77.55432,,367,0.56,0.68,2025-02-26,852,N20,VIIRS,h,2,,301.78,8.07,D,0
13.79011,77.48086,,331.27,0.57,0.69,2025-02-26,852,N20,VIIRS,l,2,,302.57,1.39,D,0
14.5724,77.17693,,342.07,0.55,0.68,2025-02-26,852,N20,VIIRS,n,2,,307.67,7.11,D,0
16.29108,74.35265,,367,0.38,0.58,2025-02-26,853,N20,VIIRS,h,2,,309.28,8.96,D,0
17.551,76.30072,,335.63,0.53,0.67,2025-02-26,853,N20,VIIRS,n,2,,305.99,2.7,D,0
18.47275,73.62975,,355.48,0.36,0.57,2025-02-26,854,N20,VIIRS,n,2,,306.79,5.65,D,0
19.3569,74.09065,,367,0.39,0.6,2025-02-26,854,N20,VIIRS,h,2,,314.43,8.35,D,0
21.0301,70.75501,,353.98,0.5,0.49,2025-02-26,855,N20,VIIRS,n,2,,317.1,24.61,D,0
21.92134,83.35192,,323,0.39,0.44,2025-02-26,1942,N20,VIIRS,n,2,,298.86,3.99,N,2
22.79935,86.20602,,308.7,0.43,0.38,2025-02-26,1942,N20,VIIRS,n,2,,292.22,1.51,N,2
23.73557,86.43217,,305.12,0.43,0.38,2025-02-26,1942,N20,VIIRS,n,2,,292.95,1.63,N,2
24.1586,82.67454,,316.18,0.46,0.47,2025-02-26,1942,N20,VIIRS,n,2,,288.58,2.02,N,2
19.18682,80.11693,,305.33,0.58,0.52,2025-02-26,1943,N20,VIIRS,n,2,,295,2.03,N,0
20.2339,82.4718,,306.76,0.42,0.45,2025-02-26,1943,N20,VIIRS,n,2,,293.64,1.6,N,0
21.26834,80.79257,,301.32,0.55,0.51,2025-02-26,1943,N20,VIIRS,n,2,,290.12,0.69,N,0
17.46499,77.82676,,306.98,0.39,0.59,2025-02-26,1944,N20,VIIRS,n,2,,291.85,0.81,N,0
13.65534,77.19225,,307.44,0.38,0.59,2025-02-26,1945,N20,VIIRS,n,2,,291.74,1.36,N,0
10.86408,76.63406,,324.75,0.38,0.59,2025-02-26,1946,N20,VIIRS,n,2,,293.91,4.75,N,0
19.37136,71.35274,,367,0.32,0.54,2025-02-26,2124,N20,VIIRS,h,2,,296.27,9.63,N,3
20.18725,82.51839,,330.79,0.48,0.65,2025-02-27,655,N20,VIIRS,l,2,,304.06,3.84,D,0
21.04119,81.62108,,338.37,0.53,0.67,2025-02-27,655,N20,VIIRS,n,2,,304.68,7.8,D,0
21.68645,82.9848,,342.35,0.42,0.61,2025-02-27,655,N20,VIIRS,n,2,,308.12,5.24,D,0
22.29084,83.94228,,331.12,0.35,0.57,2025-02-27,655,N20,VIIRS,l,2,,305.08,2.15,D,0
9.30976,76.97632,,347.59,0.43,0.46,2025-02-27,832,N20,VIIRS,n,2,,305.2,4.32,D,0
11.96424,77.36868,,343.68,0.5,0.49,2025-02-27,833,N20,VIIRS,n,2,,309.77,42.77,D,0
12.90992,78.19347,,336.53,0.59,0.53,2025-02-27,833,N20,VIIRS,l,2,,306.57,4.55,D,0
13.40394,76.68818,,332.2,0.47,0.48,2025-02-27,833,N20,VIIRS,l,2,,304.84,2.55,D,0
13.75224,76.50917,,333.95,0.47,0.47,2025-02-27,833,N20,VIIRS,l,2,,305.13,2.45,D,0
14.20543,75.75562,,354.14,0.42,0.45,2025-02-27,834,N20,VIIRS,n,2,,307.02,19.39,D,0
15.92737,74.10118,,331.47,0.53,0.42,2025-02-27,834,N20,VIIRS,l,2,,304.06,2.56,D,0
17.34338,73.92294,,338.55,0.54,0.42,2025-02-27,834,N20,VIIRS,l,2,,312.17,6.37,D,0
18.00205,73.50166,,349.25,0.52,0.42,2025-02-27,835,N20,VIIRS,n,2,,314.55,10.24,D,0
18.51272,78.31047,,335.78,0.35,0.57,2025-02-27,835,N20,VIIRS,l,2,,306.61,2.88,D,0
19.21795,80.07697,,333.76,0.47,0.64,2025-02-27,835,N20,VIIRS,n,2,,303.31,3.79,D,0
19.81971,77.24071,,345.7,0.63,0.54,2025-02-27,835,N20,VIIRS,n,2,,313.03,8.47,D,0
21.53188,82.05324,,344.16,0.67,0.74,2025-02-27,835,N20,VIIRS,n,2,,303.14,7.14,D,0
22.05619,88.1249,,311.55,0.39,0.44,2025-02-27,1923,N20,VIIRS,n,2,,296.21,1.91,N,2
23.75704,86.39531,,302.36,0.52,0.5,2025-02-27,1923,N20,VIIRS,n,2,,291.67,1.27,N,2
20.97817,85.13692,,316.18,0.58,0.52,2025-02-27,1924,N20,VIIRS,n,2,,293.84,2.68,N,2
9.96914,76.91859,,311.79,0.75,0.77,2025-02-27,1927,N20,VIIRS,n,2,,284.56,2.94,N,0
18.6203,73.62277,,307.54,0.46,0.47,2025-02-27,2105,N20,VIIRS,n,2,,290.38,0.94,N,0
14.7179,76.18299,,299.12,0.4,0.6,2025-02-27,2106,N20,VIIRS,n,2,,288.57,0.66,N,0
21.56696,84.39297,,346.79,0.69,0.74,2025-02-28,636,N20,VIIRS,n,2,,291.81,11.58,D,0
12.30905,76.8931,,343.49,0.4,0.37,2025-02-28,814,N20,VIIRS,n,2,,313.47,7.36,D,0
12.97661,78.21693,,338.05,0.46,0.39,2025-02-28,814,N20,VIIRS,n,2,,285.92,5.27,D,0
13.82157,77.3192,,338.3,0.43,0.38,2025-02-28,815,N20,VIIRS,l,2,,311.04,5.09,D,0
14.56956,76.24643,,343.03,0.4,0.37,2025-02-28,815,N20,VIIRS,n,2,,310.07,6.26,D,0
15.33835,76.50849,,341.11,0.41,0.37,2025-02-28,815,N20,VIIRS,n,2,,301.6,4.41,D,0
16.64856,74.50317,,334.49,0.38,0.36,2025-02-28,815,N20,VIIRS,l,2,,308.18,1.66,D,0
17.56676,80.66272,,330.66,0.48,0.48,2025-02-28,815,N20,VIIRS,l,2,,304.53,3.39,D,0
17.62002,75.93724,,339.82,0.41,0.37,2025-02-28,816,N20,VIIRS,l,2,,313.33,13.91,D,0
18.22838,81.79944,,330.72,0.58,0.52,2025-02-28,816,N20,VIIRS,l,2,,305.37,2.56,D,0
18.71162,80.33331,,334.8,0.47,0.48,2025-02-28,816,N20,VIIRS,n,2,,304.25,2.63,D,0
19.18722,82.52344,,367,0.33,0.55,2025-02-28,816,N20,VIIRS,h,2,,311.89,7.3,D,0
19.59415,82.66405,,343.99,0.34,0.56,2025-02-28,816,N20,VIIRS,n,2,,305.78,3.61,D,0
19.9823,79.14834,,334.65,0.41,0.45,2025-02-28,816,N20,VIIRS,l,2,,307.81,2.47,D,0
20.42632,83.58697,,336.71,0.4,0.6,2025-02-28,816,N20,VIIRS,n,2,,303.5,8.45,D,0
20.87366,81.31187,,342.13,0.58,0.52,2025-02-28,816,N20,VIIRS,n,2,,299.68,9.7,D,0
21.33972,83.05354,,335.71,0.38,0.59,2025-02-28,816,N20,VIIRS,l,2,,307.4,3.78,D,0
20.93881,74.22227,,335.28,0.39,0.36,2025-02-28,817,N20,VIIRS,l,2,,308.84,2.41,D,0
22.01081,82.76205,,337.21,0.37,0.58,2025-02-28,817,N20,VIIRS,n,2,,305.5,4.01,D,0
24.5236,71.28563,,340.42,0.39,0.36,2025-02-28,818,N20,VIIRS,n,2,,307.29,2.13,D,0
28.28671,69.66867,,334.57,0.4,0.37,2025-02-28,819,N20,VIIRS,n,2,,303.11,2.83,D,0
31.07031,71.03207,,330.43,0.39,0.36,2025-02-28,819,N20,VIIRS,n,2,,299.3,2.75,D,0
23.5546,87.24381,,315.68,0.46,0.64,2025-02-28,1904,N20,VIIRS,n,2,,292.13,3.68,N,3
21.92128,83.34425,,309.36,0.79,0.78,2025-02-28,1905,N20,VIIRS,n,2,,290.6,5.11,N,2
23.79809,86.34946,,308.44,0.57,0.69,2025-02-28,2044,N20,VIIRS,n,2,,291.15,2.83,N,2
21.36787,81.67728,,309.27,0.33,0.55,2025-02-28,2045,N20,VIIRS,n,2,,293.16,1.22,N,2
23.16632,82.33203,,326.58,0.33,0.55,2025-02-28,2045,N20,VIIRS,n,2,,291.62,5.01,N,2
18.85963,73.82603,,312.82,0.41,0.37,2025-02-28,2046,N20,VIIRS,n,2,,291.68,1.31,N,0
21.11312,72.63649,,308.21,0.38,0.36,2025-02-28,2046,N20,VIIRS,n,2,,297.11,1.99,N,2
17.1406,77.18248,,304.65,0.41,0.45,2025-02-28,2047,N20,VIIRS,n,2,,291.48,0.88,N,2
10.99253,76.25398,,340.38,0.52,0.41,2025-03-01,755,N20,VIIRS,n,2,,294.85,5.57,D,0
14.08955,75.79365,,342.34,0.5,0.41,2025-03-01,756,N20,VIIRS,n,2,,310.6,5.94,D,0
15.72149,79.07031,,340.09,0.38,0.36,2025-03-01,756,N20,VIIRS,l,2,,312.89,3.24,D,0
16.0949,78.45034,,339.85,0.39,0.36,2025-03-01,756,N20,VIIRS,l,2,,310.84,4.27,D,0
16.42796,74.1557,,342.97,0.57,0.43,2025-03-01,757,N20,VIIRS,l,2,,314.45,6.33,D,0
17.7044,82.22015,,342.46,0.47,0.4,2025-03-01,757,N20,VIIRS,l,2,,312.64,8.64,D,0
18.04264,80.38945,,336.52,0.4,0.37,2025-03-01,757,N20,VIIRS,l,2,,310.54,3.57,D,0
18.38727,78.7169,,348.25,0.38,0.36,2025-03-01,757,N20,VIIRS,n,2,,312.77,6.83,D,0
18.66531,80.59244,,342.75,0.41,0.37,2025-03-01,757,N20,VIIRS,n,2,,309.37,5.86,D,0
18.97272,82.37786,,339.19,0.49,0.41,2025-03-01,757,N20,VIIRS,n,2,,309.88,4.3,D,0
19.3088,81.75991,,337.44,0.47,0.39,2025-03-01,757,N20,VIIRS,n,2,,305.56,4.49,D,0
19.76672,79.95467,,344.91,0.4,0.37,2025-03-01,757,N20,VIIRS,n,2,,311.39,3.26,D,0
20.15626,82.59062,,342.23,0.52,0.42,2025-03-01,757,N20,VIIRS,n,2,,311.54,5.69,D,0
20.53699,83.66418,,336.11,0.41,0.45,2025-03-01,757,N20,VIIRS,l,2,,309.29,4.15,D,0
20.89358,81.77515,,338.92,0.48,0.4,2025-03-01,757,N20,VIIRS,n,2,,310.88,5.67,D,0
21.14381,83.07516,,347.44,0.57,0.43,2025-03-01,757,N20,VIIRS,n,2,,312.87,9.21,D,0
21.57511,84.56347,,332.78,0.47,0.48,2025-03-01,757,N20,VIIRS,n,2,,304.06,3,D,0
21.43049,82.8134,,336.84,0.56,0.43,2025-03-01,758,N20,VIIRS,n,2,,311.6,4.42,D,0
21.81407,82.40176,,342.71,0.53,0.42,2025-03-01,758,N20,VIIRS,n,2,,311.43,7.85,D,0
22.05039,86.9995,,345.16,0.34,0.56,2025-03-01,758,N20,VIIRS,n,2,,305.5,2.7,D,0
22.43278,80.46252,,341.88,0.44,0.38,2025-03-01,758,N20,VIIRS,n,2,,308.49,9.43,D,0
23.31738,78.72876,,343.92,0.4,0.37,2025-03-01,758,N20,VIIRS,n,2,,309.24,3,D,0
24.86993,75.40819,,345.15,0.4,0.37,2025-03-01,759,N20,VIIRS,n,2,,309.95,4.36,D,0
29.34062,71.46186,,335.01,0.5,0.41,2025-03-01,800,N20,VIIRS,n,2,,302.37,6.25,D,0
31.52157,72.7191,,330.09,0.42,0.38,2025-03-01,801,N20,VIIRS,n,2,,295.39,2.42,D,0
32.43073,73.06887,,326.71,0.4,0.37,2025-03-01,801,N20,VIIRS,n,2,,296.18,2.04,D,0
20.96572,85.17298,,317.25,0.55,0.51,2025-03-01,2026,N20,VIIRS,n,2,,295.51,3.08,N,2
22.33539,82.57586,,312.48,0.55,0.43,2025-03-01,2026,N20,VIIRS,n,2,,292.53,1.52,N,2
23.68379,86.39105,,318.36,0.59,0.53,2025-03-01,2026,N20,VIIRS,n,2,,293.04,3.51,N,2
18.54877,78.01049,,307.12,0.39,0.37,2025-03-01,2027,N20,VIIRS,n,2,,295.4,1.36,N,0
19.69691,78.23709,,308.36,0.39,0.36,2025-03-01,2027,N20,VIIRS,n,2,,292.85,0.78,N,0
21.19438,81.21414,,305.36,0.48,0.4,2025-03-01,2027,N20,VIIRS,n,2,,293.69,1.45,N,0
15.23401,77.87849,,298.52,0.41,0.37,2025-03-01,2028,N20,VIIRS,n,2,,276.78,0.27,N,0
18.72534,73.57304,,311.27,0.46,0.39,2025-03-01,2028,N20,VIIRS,n,2,,291.96,1.9,N,0
21.232,81.8215,314.8,,1,1,2025-02-25,416,Terra,MODIS,62,61.03,302.6,,4.8,D,0
16.1153,78.8082,337.3,,1.1,1,2025-02-25,418,Terra,MODIS,83,61.03,304.9,,34.6,D,0
16.1681,79.1657,319.6,,1.3,1.1,2025-02-25,852,Aqua,MODIS,22,61.03,308.5,,6.5,D,0
20.9068,81.4788,322.5,,1,1,2025-02-25,853,Aqua,MODIS,44,61.03,310.2,,7.1,D,0
22.0763,83.5438,326.5,,1.2,1.1,2025-02-25,854,Aqua,MODIS,75,61.03,309.4,,15.1,D,0
23.7787,86.3885,305.5,,1.6,1.3,2025-02-25,1510,Terra,MODIS,39,61.03,293.3,,11.4,N,2
17.5604,73.9447,315.7,,1.3,1.1,2025-02-26,457,Terra,MODIS,52,61.03,304,,9,D,0
13.3366,75.9424,324.5,,1.2,1.1,2025-02-26,931,Aqua,MODIS,49,61.03,308.4,,9.3,D,0
17.9687,73.4513,332.4,,1,1,2025-02-26,932,Aqua,MODIS,78,61.03,311.2,,17,D,0
26.3276,68.9353,321.3,,1,1,2025-02-26,934,Aqua,MODIS,61,61.03,295.7,,13.9,D,0
10.5661,76.2291,311.7,,1.2,1.1,2025-02-26,2144,Aqua,MODIS,83,61.03,296.5,,10.7,N,0
19.6644,81.6891,315.7,,1.6,1.3,2025-02-27,834,Aqua,MODIS,42,61.03,304.7,,9.7,D,0
21.9203,83.3508,320.9,,1.2,1.1,2025-02-27,834,Aqua,MODIS,52,61.03,308.2,,8.8,D,2
17.9751,73.4229,306.9,,1,1,2025-02-27,1628,Terra,MODIS,70,61.03,295.4,,5.6,N,0
17.4349,74.2224,320.4,,1,1,2025-02-28,438,Terra,MODIS,66,61.03,304,,9.9,D,0
14.0951,76.4032,317.6,,1.1,1,2025-02-28,911,Aqua,MODIS,50,61.03,297.3,,5.5,D,0
18.7799,80.3122,324.7,,1.3,1.1,2025-02-28,912,Aqua,MODIS,66,61.03,306,,15.9,D,0
29.2094,71.076,316.6,,1.2,1.1,2025-02-28,916,Aqua,MODIS,65,61.03,298.8,,13.7,D,0
22.0447,83.7371,316.2,,2.5,1.5,2025-03-01,338,Terra,MODIS,67,61.03,300.7,,27.4,D,2
20.984,70.514,315,,1.5,1.2,2025-03-01,517,Terra,MODIS,53,61.03,303.7,,9.5,D,0
15.1283,75.0838,312.4,,1.3,1.1,2025-03-01,1608,Terra,MODIS,85,61.03,286.1,,16.6,N,0
12.2988,77.74675,,336.61,0.52,0.5,2025-03-02,736,N20,VIIRS,n,2,,299.4,10.48,D,0
13.61795,77.75054,,352.05,0.5,0.49,2025-03-02,737,N20,VIIRS,n,2,,310.8,24.02,D,0
14.50919,77.81612,,340.93,0.47,0.48,2025-03-02,737,N20,VIIRS,l,2,,313.26,3.63,D,0
15.93692,78.77257,,355.24,0.39,0.44,2025-03-02,737,N20,VIIRS,n,2,,312.16,7.51,D,0
16.2208,73.84461,,349.04,0.4,0.6,2025-03-02,738,N20,VIIRS,n,2,,304.94,4.98,D,0
17.18508,77.37039,,341.14,0.46,0.47,2025-03-02,738,N20,VIIRS,l,2,,312.17,5,D,0
17.74593,76.91695,,340.23,0.48,0.48,2025-03-02,738,N20,VIIRS,n,2,,308.72,5.38,D,0
18.30944,83.10531,,330.3,0.38,0.36,2025-03-02,738,N20,VIIRS,n,2,,296.54,3.88,D,0
18.90169,78.51807,,333.52,0.55,0.42,2025-03-02,738,N20,VIIRS,l,2,,306.29,5.68,D,0
19.26456,78.58604,,336.79,0.54,0.42,2025-03-02,738,N20,VIIRS,n,2,,306.44,3.91,D,0
19.75443,81.32076,,349.5,0.4,0.37,2025-03-02,738,N20,VIIRS,n,2,,304.57,7.55,D,0
20.193,80.82528,,332.83,0.42,0.37,2025-03-02,738,N20,VIIRS,l,2,,306.54,2.75,D,0
20.95144,86.0489,,340.34,0.46,0.39,2025-03-02,738,N20,VIIRS,n,2,,311.23,3.4,D,2
20.34898,78.39639,,336.43,0.53,0.42,2025-03-02,739,N20,VIIRS,n,2,,304.39,6.11,D,0
21.22003,84.17989,,339.13,0.4,0.37,2025-03-02,739,N20,VIIRS,n,2,,298,4.18,D,0
21.63722,76.67869,,334.74,0.42,0.45,2025-03-02,739,N20,VIIRS,l,2,,307.29,4.68,D,0
22.01399,82.25507,,336.17,0.38,0.36,2025-03-02,739,N20,VIIRS,l,2,,308.43,2.31,D,0
22.31751,84.87772,,335.89,0.43,0.38,2025-03-02,739,N20,VIIRS,l,2,,307.04,5.49,D,0
23.21528,78.74519,,338.18,0.46,0.39,2025-03-02,739,N20,VIIRS,l,2,,310.87,4.16,D,0
25.17598,87.74216,,335,0.42,0.45,2025-03-02,739,N20,VIIRS,n,2,,303.08,1.71,D,0
26.49299,84.53523,,338.03,0.45,0.39,2025-03-02,740,N20,VIIRS,l,2,,309.86,4.69,D,0
27.92746,79.37357,,342.14,0.4,0.37,2025-03-02,741,N20,VIIRS,n,2,,304.82,8.84,D,0
28.87615,70.31662,,330.12,0.36,0.58,2025-03-02,741,N20,VIIRS,n,2,,294.8,1.34,D,0
30.75334,72.57438,,327.21,0.49,0.49,2025-03-02,742,N20,VIIRS,n,2,,297.42,1.58,D,0
31.71183,71.05549,,353.69,0.57,0.52,2025-03-02,742,N20,VIIRS,n,2,,297.65,19.52,D,0
20.88689,70.49237,,348.77,0.62,0.71,2025-03-02,920,N20,VIIRS,n,2,,296.81,8.09,D,0
21.98615,83.23293,,318.48,0.39,0.36,2025-03-02,2007,N20,VIIRS,n,2,,295.97,2.02,N,2
23.25178,78.91827,,301.7,0.48,0.4,2025-03-02,2007,N20,VIIRS,n,2,,290.7,0.41,N,0
24.16667,82.68577,,309.22,0.38,0.36,2025-03-02,2007,N20,VIIRS,n,2,,292.21,0.92,N,0
19.71109,75.26609,,304.76,0.47,0.48,2025-03-02,2008,N20,VIIRS,n,2,,289.39,0.74,N,0
20.86426,84.99371,,318.84,0.44,0.39,2025-03-02,2008,N20,VIIRS,n,2,,297.27,2.66,N,2
21.38303,81.69032,,303.79,0.39,0.36,2025-03-02,2008,N20,VIIRS,n,2,,292.78,1.21,N,0
16.19944,78.89203,,330.11,0.42,0.37,2025-03-02,2009,N20,VIIRS,n,2,,296.84,2.63,N,0
18.28207,80.61704,,308.01,0.39,0.36,2025-03-02,2009,N20,VIIRS,n,2,,296.68,1.13,N,0
13.9049,78.61954,,304.75,0.41,0.37,2025-03-02,2010,N20,VIIRS,n,2,,294.73,0.39,N,0
12.89048,78.22228,,333.11,0.5,0.66,2025-03-03,718,N20,VIIRS,n,2,,302.2,6.67,D,0
15.17498,76.52269,,346.38,0.58,0.7,2025-03-03,718,N20,VIIRS,n,2,,303.61,18.39,D,0
16.87896,76.62152,,334.1,0.53,0.67,2025-03-03,719,N20,VIIRS,l,2,,306.45,4.72,D,0
17.96252,77.55384,,332.67,0.44,0.62,2025-03-03,719,N20,VIIRS,l,2,,305.08,1.14,D,0
18.6041,81.80552,,332.88,0.45,0.47,2025-03-03,719,N20,VIIRS,l,2,,307.01,3.73,D,0
19.20984,78.83102,,341.33,0.34,0.56,2025-03-03,719,N20,VIIRS,n,2,,309.78,3.33,D,0
20.05561,82.42782,,335.38,0.39,0.44,2025-03-03,719,N20,VIIRS,n,2,,305.99,1.62,D,0
19.99532,80.57877,,331.58,0.51,0.49,2025-03-03,720,N20,VIIRS,l,2,,305.27,3.94,D,0
20.48002,82.62245,,339.57,0.56,0.43,2025-03-03,720,N20,VIIRS,n,2,,311.63,8,D,0
20.89475,83.31129,,335.03,0.51,0.41,2025-03-03,720,N20,VIIRS,l,2,,309.68,4.11,D,0
21.11906,83.03773,,334.39,0.52,0.42,2025-03-03,720,N20,VIIRS,l,2,,308.83,3.75,D,0
21.36332,83.20312,,333.5,0.51,0.41,2025-03-03,720,N20,VIIRS,l,2,,305.55,3.57,D,0
21.66477,83.1712,,348.12,0.5,0.41,2025-03-03,720,N20,VIIRS,n,2,,310.12,6.75,D,0
21.93323,84.30472,,347.2,0.44,0.39,2025-03-03,720,N20,VIIRS,n,2,,313,14.1,D,0
22.08177,87.05229,,333.57,0.38,0.36,2025-03-03,720,N20,VIIRS,l,2,,304.45,3.59,D,0
22.37044,82.79932,,337.78,0.52,0.41,2025-03-03,720,N20,VIIRS,n,2,,305.35,7.11,D,0
23.648,87.62633,,343.03,0.39,0.36,2025-03-03,720,N20,VIIRS,n,2,,307.14,5.84,D,0
25.01831,87.67231,,334.47,0.39,0.36,2025-03-03,721,N20,VIIRS,n,2,,307.4,2.06,D,0
27.53519,84.25024,,337.95,0.4,0.37,2025-03-03,721,N20,VIIRS,n,2,,304.6,7.26,D,0
31.23045,73.86502,,354.11,0.38,0.59,2025-03-03,723,N20,VIIRS,n,2,,290.95,9.56,D,0
17.89865,73.34949,,338.2,0.43,0.62,2025-03-03,900,N20,VIIRS,n,2,,296.13,7.49,D,0
20.51226,76.39958,,352.21,0.73,0.76,2025-03-03,900,N20,VIIRS,n,2,,302.51,22.34,D,0
28.66395,70.28033,,332.9,0.36,0.57,2025-03-03,903,N20,VIIRS,n,2,,297.15,4.47,D,0
32.02455,72.32225,,338.5,0.52,0.66,2025-03-03,904,N20,VIIRS,n,2,,292.65,6.42,D,0
23.65872,86.79643,,300.98,0.39,0.36,2025-03-03,1948,N20,VIIRS,n,2,,290.96,0.48,N,0
23.78087,86.34583,,331.75,0.39,0.37,2025-03-03,1948,N20,VIIRS,n,2,,298.5,3.85,N,2
19.72484,81.68001,,305.31,0.56,0.43,2025-03-03,1949,N20,VIIRS,n,2,,290.95,1.46,N,0
20.96366,85.16306,,310.64,0.4,0.37,2025-03-03,1949,N20,VIIRS,n,2,,296.13,1.17,N,2
21.79415,83.98817,,304.76,0.45,0.39,2025-03-03,1949,N20,VIIRS,n,2,,293.57,1.13,N,2
17.21045,74.04264,,308.31,0.54,0.68,2025-03-03,1950,N20,VIIRS,n,2,,290.45,1.43,N,0
18.69481,80.50507,,306.7,0.43,0.46,2025-03-03,1950,N20,VIIRS,n,2,,294.99,2.29,N,0
19.19567,80.0619,,308.97,0.46,0.47,2025-03-03,1950,N20,VIIRS,n,2,,296.92,3.74,N,0
14.39773,78.60859,,309.38,0.49,0.49,2025-03-03,1951,N20,VIIRS,n,2,,289.9,1.71,N,0
20.73219,70.73924,,310.97,0.35,0.56,2025-03-03,2130,N20,VIIRS,n,2,,289.78,0.77,N,0
18.58278,80.56265,,342.6,0.55,0.68,2025-03-04,700,N20,VIIRS,n,2,,307.98,5.88,D,0
19.35036,78.71741,,334.36,0.7,0.75,2025-03-04,701,N20,VIIRS,n,2,,302.72,3.06,D,0
20.11764,81.72015,,333.83,0.43,0.62,2025-03-04,701,N20,VIIRS,n,2,,305.56,2.09,D,0
20.42398,81.57207,,339.03,0.44,0.62,2025-03-04,701,N20,VIIRS,n,2,,307.22,4.3,D,0
20.70572,83.73608,,345.1,0.62,0.54,2025-03-04,701,N20,VIIRS,n,2,,309.8,11.81,D,0
20.96581,82.42034,,355.71,0.37,0.58,2025-03-04,701,N20,VIIRS,n,2,,308.36,6.49,D,0
21.14069,83.13267,,347.89,0.33,0.56,2025-03-04,701,N20,VIIRS,n,2,,309.75,4.59,D,0
21.40189,82.13458,,340.6,0.38,0.59,2025-03-04,701,N20,VIIRS,n,2,,307.4,2.31,D,0
21.66961,79.75436,,341.42,0.53,0.67,2025-03-04,701,N20,VIIRS,n,2,,303.46,5.57,D,0
21.94897,82.82101,,335.2,0.34,0.56,2025-03-04,701,N20,VIIRS,n,2,,306.94,3,D,0
22.12665,83.9749,,353.78,0.57,0.52,2025-03-04,701,N20,VIIRS,n,2,,310.18,10.63,D,0
22.49741,82.60482,,341.66,0.34,0.56,2025-03-04,701,N20,VIIRS,n,2,,307.87,3.17,D,0
23.8193,85.47253,,341.63,0.42,0.46,2025-03-04,702,N20,VIIRS,n,2,,308.46,6.35,D,0
27.55155,84.17686,,328.91,0.43,0.46,2025-03-04,703,N20,VIIRS,n,2,,299.34,3.72,D,0
12.12568,77.51886,,367,0.33,0.55,2025-03-04,839,N20,VIIRS,h,2,,316.12,13.94,D,0
13.25722,75.92364,,342.46,0.53,0.5,2025-03-04,839,N20,VIIRS,n,2,,303.41,5.17,D,0
16.11313,74.28249,,338.38,0.45,0.47,2025-03-04,840,N20,VIIRS,l,2,,311.33,3.08,D,0
17.65747,80.41531,,330.5,0.6,0.71,2025-03-04,841,N20,VIIRS,n,2,,291.36,8.85,D,0
18.9038,77.09396,,342.99,0.38,0.59,2025-03-04,841,N20,VIIRS,n,2,,311.85,3.07,D,0
19.4474,73.46017,,343.12,0.44,0.46,2025-03-04,841,N20,VIIRS,l,2,,316.58,7.26,D,0
20.5682,80.37217,,332.79,0.65,0.73,2025-03-04,841,N20,VIIRS,n,2,,302.57,4.77,D,0
22.60967,75.99968,,335.48,0.36,0.57,2025-03-04,842,N20,VIIRS,n,2,,306.33,2.69,D,0
25.91707,73.07016,,341.02,0.51,0.49,2025-03-04,843,N20,VIIRS,n,2,,312.3,3.89,D,0
28.76196,70.30508,,338.25,0.57,0.43,2025-03-04,844,N20,VIIRS,n,2,,306.29,18.52,D,0
31.49905,70.3273,,330.02,0.41,0.45,2025-03-04,845,N20,VIIRS,l,2,,304.88,2.84,D,0
23.16934,82.33882,,314.06,0.37,0.58,2025-03-04,1929,N20,VIIRS,n,2,,291.38,2.01,N,2
23.77335,86.1966,,307.72,0.43,0.46,2025-03-04,1929,N20,VIIRS,n,2,,294.32,1.64,N,2
20.3049,82.44456,,304.5,0.34,0.56,2025-03-04,1930,N20,VIIRS,n,2,,292.16,0.8,N,0
21.39149,81.64493,,314.37,0.39,0.6,2025-03-04,1930,N20,VIIRS,n,2,,293.57,2.11,N,2
23.28987,78.63099,,299.09,0.65,0.73,2025-03-04,1930,N20,VIIRS,n,2,,288.9,0.46,N,0
19.15741,78.67809,,308.52,0.58,0.7,2025-03-04,1931,N20,VIIRS,n,2,,293.73,1.59,N,0
10.14942,77.00281,,307.38,0.59,0.7,2025-03-04,1933,N20,VIIRS,n,2,,282.69,3.79,N,0
30.25443,69.66783,,305.53,0.39,0.36,2025-03-04,2109,N20,VIIRS,n,2,,277.44,0.74,N,0
18.73132,79.40714,,309.97,0.68,0.74,2025-03-04,2111,N20,VIIRS,n,2,,293.98,2.67,N,0
21.29086,72.83636,,305.64,0.46,0.47,2025-03-04,2111,N20,VIIRS,n,2,,287.09,0.92,N,0
13.80321,75.63622,,308.11,0.48,0.65,2025-03-04,2113,N20,VIIRS,n,2,,290.18,1.36,N,0
21.27598,83.16579,,355.16,0.66,0.73,2025-03-05,642,N20,VIIRS,n,2,,309.04,14.8,D,0
21.86205,84.84528,,342.31,0.51,0.66,2025-03-05,642,N20,VIIRS,n,2,,309.13,14.34,D,0
22.81703,86.06746,,335.04,0.4,0.6,2025-03-05,642,N20,VIIRS,l,2,,305.56,2.92,D,0
26.52443,84.46996,,348.18,0.42,0.61,2025-03-05,644,N20,VIIRS,n,2,,301.31,12.04,D,0
9.77704,78.45398,,340.37,0.52,0.42,2025-03-05,820,N20,VIIRS,l,2,,314.43,4.86,D,0
12.47125,77.56939,,346.11,0.5,0.41,2025-03-05,820,N20,VIIRS,n,2,,315.55,13.35,D,0
13.03262,78.63357,,344.17,0.39,0.44,2025-03-05,820,N20,VIIRS,n,2,,308.83,3.3,D,0
13.66032,77.48709,,330.19,0.51,0.41,2025-03-05,821,N20,VIIRS,n,2,,294.17,3.94,D,0
14.40643,74.91037,,333.78,0.41,0.37,2025-03-05,821,N20,VIIRS,n,2,,301.54,1.61,D,0
15.74684,79.00958,,349.04,0.45,0.47,2025-03-05,821,N20,VIIRS,n,2,,307.78,7.06,D,0
16.13427,78.59914,,347.98,0.43,0.46,2025-03-05,821,N20,VIIRS,n,2,,306.3,5.2,D,0
16.87581,77.94672,,335.59,0.4,0.44,2025-03-05,822,N20,VIIRS,n,2,,309.34,3.59,D,0
17.56963,80.11639,,342.81,0.56,0.51,2025-03-05,822,N20,VIIRS,n,2,,309.9,8.05,D,0
17.83017,80.31815,,338.03,0.58,0.52,2025-03-05,822,N20,VIIRS,l,2,,311,3.76,D,0
18.07686,75.40994,,346.78,0.45,0.39,2025-03-05,822,N20,VIIRS,n,2,,315.29,8.01,D,0
18.35068,80.24017,,348.93,0.58,0.52,2025-03-05,822,N20,VIIRS,n,2,,310.42,13.88,D,0
18.54304,80.56473,,335.85,0.61,0.54,2025-03-05,822,N20,VIIRS,l,2,,310.7,3.98,D,0
18.77079,80.22031,,342.37,0.59,0.53,2025-03-05,822,N20,VIIRS,n,2,,309.94,8.51,D,0
19.07038,79.14828,,346.71,0.5,0.49,2025-03-05,822,N20,VIIRS,n,2,,310.92,4.59,D,0
19.17532,79.00742,,340.91,0.5,0.49,2025-03-05,822,N20,VIIRS,n,2,,312.34,10.61,D,0
19.53156,73.71484,,340.14,0.4,0.37,2025-03-05,822,N20,VIIRS,l,2,,312.34,4.65,D,0
19.9571,82.37494,,338.56,0.42,0.61,2025-03-05,822,N20,VIIRS,n,2,,307.99,2.55,D,0
20.19768,80.55653,,337.29,0.32,0.55,2025-03-05,822,N20,VIIRS,l,2,,309.49,3.7,D,0
20.37166,82.53176,,335.3,0.44,0.62,2025-03-05,822,N20,VIIRS,l,2,,306.06,4.86,D,0
20.64429,80.07941,,337.4,0.61,0.53,2025-03-05,822,N20,VIIRS,n,2,,312.09,7.04,D,0
20.84534,73.55722,,342.98,0.41,0.37,2025-03-05,823,N20,VIIRS,l,2,,313.31,8.11,D,0
21.16591,82.88918,,335.07,0.47,0.64,2025-03-05,823,N20,VIIRS,n,2,,309.77,2.23,D,0
21.37952,83.20837,,332.87,0.49,0.65,2025-03-05,823,N20,VIIRS,n,2,,306.91,6.6,D,0
21.66916,84.30841,,337.1,0.59,0.7,2025-03-05,823,N20,VIIRS,n,2,,303.11,4.94,D,0
21.93576,84.11382,,337.81,0.57,0.69,2025-03-05,823,N20,VIIRS,n,2,,306.26,5.08,D,0
22.2596,79.99112,,347.6,0.63,0.54,2025-03-05,823,N20,VIIRS,n,2,,307.62,9.69,D,0
22.78003,76.70318,,338.38,0.4,0.44,2025-03-05,823,N20,VIIRS,n,2,,312.41,2.16,D,0
23.7105,79.79369,,334.7,0.63,0.54,2025-03-05,823,N20,VIIRS,l,2,,307.78,2.11,D,0
24.91498,75.66307,,337.76,0.55,0.43,2025-03-05,824,N20,VIIRS,l,2,,311.31,4.89,D,0
27.53942,84.21946,,326.62,0.66,0.73,2025-03-05,824,N20,VIIRS,n,2,,293.77,4.78,D,0
28.53033,70.48839,,341.1,0.39,0.36,2025-03-05,825,N20,VIIRS,n,2,,306.48,6.5,D,0
30.05634,68.24246,,344.96,0.39,0.36,2025-03-05,826,N20,VIIRS,n,2,,298.45,5.34,D,0
31.69757,70.74447,,334.65,0.4,0.37,2025-03-05,826,N20,VIIRS,n,2,,304.56,3.21,D,0
33.5915,72.10841,,336.58,0.46,0.39,2025-03-05,826,N20,VIIRS,n,2,,305.56,3.24,D,0
23.73101,85.00362,,302.26,0.52,0.66,2025-03-05,1910,N20,VIIRS,n,2,,284.26,1.06,N,2
20.32758,82.50657,,304.16,0.69,0.74,2025-03-05,1911,N20,VIIRS,n,2,,291.94,1.59,N,0
21.59851,83.53591,,303.05,0.61,0.71,2025-03-05,1911,N20,VIIRS,n,2,,290.61,2.54,N,0
22.37788,87.2775,,326.01,0.36,0.57,2025-03-05,1911,N20,VIIRS,n,2,,295.2,3.69,N,2
28.36882,77.26548,,299.48,0.5,0.41,2025-03-05,2050,N20,VIIRS,n,2,,286.19,0.37,N,0
21.3698,81.64169,,298.87,0.41,0.61,2025-03-05,2051,N20,VIIRS,n,2,,288.69,1,N,2
22.13683,85.38185,,300.86,0.68,0.74,2025-03-05,2051,N20,VIIRS,n,2,,285.11,1.2,N,0
23.55217,86.54382,,298.23,0.75,0.77,2025-03-05,2051,N20,VIIRS,n,2,,287.24,1.33,N,2
24.22015,74.29883,,309.41,0.42,0.38,2025-03-05,2051,N20,VIIRS,n,2,,283.44,1.08,N,0
17.92409,80.7445,,306.53,0.42,0.61,2025-03-05,2052,N20,VIIRS,n,2,,291.42,1.36,N,0
18.25607,80.04161,,311.46,0.38,0.58,2025-03-05,2052,N20,VIIRS,n,2,,294.1,1.43,N,0
18.60009,79.61379,,303.99,0.35,0.56,2025-03-05,2052,N20,VIIRS,n,2,,293.38,1,N,0
19.008,80.32446,,310.12,0.38,0.59,2025-03-05,2052,N20,VIIRS,n,2,,293.66,1.18,N,0
19.1338,80.29936,,305.58,0.37,0.58,2025-03-05,2052,N20,VIIRS,n,2,,293.06,0.85,N,0
19.1847,78.99423,,306.75,0.61,0.54,2025-03-05,2052,N20,VIIRS,n,2,,294.61,3.04,N,0
19.36213,79.11929,,304.56,0.62,0.54,2025-03-05,2052,N20,VIIRS,n,2,,291,1.89,N,0
19.62026,78.28535,,306.29,0.54,0.51,2025-03-05,2052,N20,VIIRS,n,2,,290.6,2.8,N,0
20.04323,81.48291,,305.17,0.43,0.62,2025-03-05,2052,N20,VIIRS,n,2,,288.3,0.72,N,0
20.50961,80.58112,,299.45,0.37,0.58,2025-03-05,2052,N20,VIIRS,n,2,,287.73,0.81,N,0
21.3679,73.39291,,302.48,0.42,0.38,2025-03-05,2052,N20,VIIRS,n,2,,290.61,0.88,N,0
15.74863,79.04766,,308.14,0.36,0.57,2025-03-05,2053,N20,VIIRS,n,2,,293.67,0.77,N,0
17.25128,73.90923,,303.39,0.49,0.4,2025-03-05,2053,N20,VIIRS,n,2,,292.29,0.83,N,0
17.71876,80.20487,,307.46,0.39,0.6,2025-03-05,2053,N20,VIIRS,n,2,,294.05,1.22,N,0
18.21994,73.83694,,322.62,0.47,0.4,2025-03-05,2053,N20,VIIRS,n,2,,291.72,2.22,N,0
12.88167,79.16099,,303.06,0.42,0.61,2025-03-05,2054,N20,VIIRS,n,2,,292.13,0.54,N,0
21.38858,86.883,,336.3,0.77,0.77,2025-03-06,623,N20,VIIRS,n,2,,305.19,5.04,D,0
9.5969,78.68884,,340.41,0.39,0.36,2025-03-06,801,N20,VIIRS,l,2,,314.74,5.15,D,0
12.18463,77.78529,,351.46,0.39,0.36,2025-03-06,801,N20,VIIRS,n,2,,307.79,5.12,D,0
12.73022,78.55807,,350.73,0.38,0.36,2025-03-06,802,N20,VIIRS,n,2,,306.63,7.07,D,0
13.14519,75.32812,,346.01,0.45,0.39,2025-03-06,802,N20,VIIRS,n,2,,305.62,6.74,D,0
13.57123,79.30494,,345.91,0.39,0.36,2025-03-06,802,N20,VIIRS,n,2,,312.22,3.75,D,0
14.18971,76.9165,,341.37,0.39,0.36,2025-03-06,802,N20,VIIRS,n,2,,313.35,3.58,D,0
15.0055,77.75826,,344.02,0.38,0.36,2025-03-06,802,N20,VIIRS,l,2,,318.22,4.99,D,0
15.54208,78.64325,,343.66,0.39,0.36,2025-03-06,802,N20,VIIRS,n,2,,310.91,3.48,D,0
15.89854,78.90003,,336.8,0.4,0.37,2025-03-06,802,N20,VIIRS,l,2,,311.26,1.65,D,0
16.07938,78.56054,,345,0.39,0.36,2025-03-06,802,N20,VIIRS,l,2,,316.44,8.69,D,0
16.20746,78.64779,,340.28,0.39,0.36,2025-03-06,802,N20,VIIRS,n,2,,309.42,4.87,D,0
16.72248,80.5062,,347.85,0.45,0.39,2025-03-06,803,N20,VIIRS,n,2,,315.99,4.77,D,0
17.28949,80.57651,,338.97,0.46,0.39,2025-03-06,803,N20,VIIRS,n,2,,311.36,3.28,D,0
17.55583,73.89256,,345.58,0.47,0.39,2025-03-06,803,N20,VIIRS,n,2,,316.42,8.42,D,0
17.68941,82.29944,,338.28,0.38,0.43,2025-03-06,803,N20,VIIRS,l,2,,311.22,2.49,D,0
17.76542,80.40981,,341.85,0.46,0.39,2025-03-06,803,N20,VIIRS,l,2,,315.59,6.07,D,0
17.84459,80.43905,,341.4,0.46,0.39,2025-03-06,803,N20,VIIRS,l,2,,313.67,6.8,D,0
17.94364,80.73107,,343.69,0.48,0.4,2025-03-06,803,N20,VIIRS,n,2,,313.97,5,D,0
18.06346,80.13759,,342.9,0.45,0.39,2025-03-06,803,N20,VIIRS,n,2,,311.74,2.6,D,0
18.15658,80.78979,,332.36,0.48,0.4,2025-03-06,803,N20,VIIRS,l,2,,307.2,2.42,D,0
18.2563,80.61858,,339.25,0.48,0.4,2025-03-06,803,N20,VIIRS,l,2,,313.12,5.25,D,0
18.35209,80.06207,,338.82,0.45,0.39,2025-03-06,803,N20,VIIRS,l,2,,311.44,3.48,D,0
18.45472,80.6533,,346.61,0.48,0.4,2025-03-06,803,N20,VIIRS,n,2,,314.22,8.13,D,0
18.53083,78.49798,,353.68,0.4,0.37,2025-03-06,803,N20,VIIRS,n,2,,316.36,11.31,D,0
18.65305,80.46709,,340.32,0.47,0.4,2025-03-06,803,N20,VIIRS,l,2,,314,5.48,D,0
18.83264,73.15798,,338.15,0.49,0.4,2025-03-06,803,N20,VIIRS,l,2,,312.67,2.76,D,0
18.98996,78.82523,,347.43,0.41,0.37,2025-03-06,803,N20,VIIRS,n,2,,315.65,5.39,D,0
19.05148,78.59874,,349.5,0.4,0.37,2025-03-06,803,N20,VIIRS,n,2,,315.94,4.72,D,0
19.1451,79.00962,,341.47,0.42,0.37,2025-03-06,803,N20,VIIRS,l,2,,313.41,3.6,D,0
19.1745,78.4264,,354.25,0.4,0.37,2025-03-06,803,N20,VIIRS,n,2,,321.35,12.22,D,0
19.23543,80.06131,,345.44,0.46,0.39,2025-03-06,803,N20,VIIRS,l,2,,317.85,6.99,D,0
19.41722,83.36873,,347.53,0.47,0.48,2025-03-06,803,N20,VIIRS,n,2,,311.06,11.78,D,0
19.6545,81.95113,,343.24,0.39,0.44,2025-03-06,803,N20,VIIRS,n,2,,310.93,2.74,D,0
19.86724,80.64657,,342.33,0.5,0.41,2025-03-06,803,N20,VIIRS,n,2,,311.96,8.35,D,0
20.02018,82.44387,,344.17,0.42,0.45,2025-03-06,803,N20,VIIRS,n,2,,310.32,5.15,D,0
20.15417,81.02962,,342.8,0.52,0.42,2025-03-06,803,N20,VIIRS,n,2,,311.68,10.8,D,0
20.27384,83.31951,,340.56,0.48,0.48,2025-03-06,803,N20,VIIRS,n,2,,310.28,4.54,D,0
20.36419,82.52131,,354.17,0.43,0.46,2025-03-06,803,N20,VIIRS,n,2,,312.07,11.47,D,0
20.54471,83.59665,,352.26,0.5,0.49,2025-03-06,803,N20,VIIRS,n,2,,313.67,9.59,D,0
20.31535,76.88558,,343.03,0.38,0.36,2025-03-06,804,N20,VIIRS,l,2,,316.53,5.2,D,0
20.55074,82.35421,,340.84,0.42,0.45,2025-03-06,804,N20,VIIRS,n,2,,307.1,2.83,D,0
20.65949,83.33753,,340.93,0.49,0.48,2025-03-06,804,N20,VIIRS,l,2,,313.54,5.13,D,0
20.83442,82.3969,,349.57,0.43,0.46,2025-03-06,804,N20,VIIRS,n,2,,316.78,14.9,D,0
20.93369,82.36378,,343.34,0.43,0.46,2025-03-06,804,N20,VIIRS,n,2,,313.39,4.12,D,0
21.03596,84.06248,,337.56,0.55,0.51,2025-03-06,804,N20,VIIRS,l,2,,312.5,6.48,D,0
21.13676,83.05549,,341.07,0.47,0.48,2025-03-06,804,N20,VIIRS,n,2,,315.06,3.54,D,0
21.20061,84.67363,,340.87,0.6,0.53,2025-03-06,804,N20,VIIRS,n,2,,308.09,2.68,D,0
21.27155,83.02453,,367,0.47,0.48,2025-03-06,804,N20,VIIRS,h,2,,315.84,8.6,D,0
21.35804,84.09451,,336.21,0.55,0.51,2025-03-06,804,N20,VIIRS,l,2,,309.94,6.47,D,0
21.47617,83.16978,,339.07,0.48,0.48,2025-03-06,804,N20,VIIRS,l,2,,312.39,4.64,D,0
21.56328,82.0985,,355.43,0.42,0.45,2025-03-06,804,N20,VIIRS,n,2,,321.66,7.69,D,0
21.73677,82.25051,,349.32,0.43,0.46,2025-03-06,804,N20,VIIRS,n,2,,316.37,6.27,D,0
21.9162,77.52795,,342.66,0.4,0.37,2025-03-06,804,N20,VIIRS,n,2,,315.8,2.83,D,0
22.05388,82.79719,,341.37,0.47,0.48,2025-03-06,804,N20,VIIRS,l,2,,312.66,4.43,D,0
22.13786,82.98847,,343.42,0.48,0.48,2025-03-06,804,N20,VIIRS,n,2,,308.75,2.49,D,0
22.29453,73.34569,,343.11,0.44,0.38,2025-03-06,804,N20,VIIRS,n,2,,317.32,17.69,D,0
22.60747,86.0303,,349.95,0.38,0.59,2025-03-06,804,N20,VIIRS,n,2,,310.57,4.29,D,0
22.98491,87.43057,,331.8,0.48,0.64,2025-03-06,804,N20,VIIRS,n,2,,301.51,2.67,D,0
23.67852,79.90739,,344.14,0.5,0.41,2025-03-06,804,N20,VIIRS,n,2,,311.94,7.9,D,0
24.23138,74.40839,,342.92,0.39,0.36,2025-03-06,805,N20,VIIRS,l,2,,315.07,9.45,D,0
24.94186,81.22256,,340.84,0.41,0.45,2025-03-06,805,N20,VIIRS,n,2,,305.96,5.92,D,0
26.11873,80.75057,,331.68,0.4,0.44,2025-03-06,805,N20,VIIRS,n,2,,301.55,1.8,D,0
27.95404,76.05161,,337.72,0.4,0.37,2025-03-06,806,N20,VIIRS,n,2,,308.58,2.38,D,0
28.24046,73.00503,,342.67,0.4,0.37,2025-03-06,806,N20,VIIRS,n,2,,312.01,2.02,D,0
28.29814,73.25357,,342.29,0.39,0.36,2025-03-06,806,N20,VIIRS,l,2,,312.5,5.26,D,0
29.32897,70.14539,,340.79,0.49,0.4,2025-03-06,806,N20,VIIRS,l,2,,315.41,4.69,D,0
31.02477,76.22424,,336.1,0.42,0.38,2025-03-06,807,N20,VIIRS,n,2,,295.85,2.95,D,0
31.84874,71.00203,,330.74,0.42,0.38,2025-03-06,807,N20,VIIRS,n,2,,304.45,2.59,D,0
33.3533,70.90771,,330.28,0.41,0.37,2025-03-06,807,N20,VIIRS,n,2,,298.79,4.87,D,0
32.56409,71.83371,,343.29,0.45,0.47,2025-03-06,2030,N20,VIIRS,n,2,,281.35,11.18,N,0
21.7574,84.02359,,320.11,0.57,0.52,2025-03-06,2032,N20,VIIRS,n,2,,293.42,2.32,N,2
22.30954,81.36021,,298.63,0.38,0.43,2025-03-06,2032,N20,VIIRS,n,2,,287.18,0.64,N,0
22.92858,77.45403,,299.85,0.39,0.36,2025-03-06,2032,N20,VIIRS,n,2,,289.27,0.68,N,0
23.67773,86.0858,,312.76,0.35,0.57,2025-03-06,2032,N20,VIIRS,n,2,,292.18,1.64,N,2
23.82586,81.9983,,308.51,0.39,0.44,2025-03-06,2032,N20,VIIRS,n,2,,288.79,1.7,N,0
24.69971,73.66579,,298.55,0.45,0.39,2025-03-06,2032,N20,VIIRS,n,2,,288.31,1.28,N,0
18.86161,80.13604,,305.33,0.56,0.43,2025-03-06,2033,N20,VIIRS,n,2,,293.46,1.42,N,0
19.00899,79.23447,,324.88,0.49,0.41,2025-03-06,2033,N20,VIIRS,n,2,,297.19,2.45,N,0
19.1006,82.16561,,300.61,0.49,0.48,2025-03-06,2033,N20,VIIRS,n,2,,287.91,2.72,N,2
19.16089,80.22183,,305.19,0.56,0.43,2025-03-06,2033,N20,VIIRS,n,2,,292.17,3.26,N,0
19.20302,79.87724,,302.45,0.53,0.42,2025-03-06,2033,N20,VIIRS,n,2,,290.67,1.2,N,0
19.26772,78.39198,,306.11,0.45,0.39,2025-03-06,2033,N20,VIIRS,n,2,,290.03,0.53,N,0
19.50157,82.6491,,302.74,0.51,0.5,2025-03-06,2033,N20,VIIRS,n,2,,291.87,1.47,N,0
19.66387,84.279,,311.69,0.32,0.55,2025-03-06,2033,N20,VIIRS,n,2,,291.99,1.12,N,0
19.87176,82.20107,,295.56,0.47,0.48,2025-03-06,2033,N20,VIIRS,n,2,,282.82,0.85,N,0
20.12913,81.544,,301.88,0.43,0.46,2025-03-06,2033,N20,VIIRS,n,2,,288.26,0.93,N,0
20.33192,82.34273,,309.99,0.47,0.48,2025-03-06,2033,N20,VIIRS,n,2,,292.05,1.39,N,0
20.46309,80.53493,,301.28,0.55,0.43,2025-03-06,2033,N20,VIIRS,n,2,,289.97,0.99,N,0
20.8668,84.98917,,309.05,0.34,0.56,2025-03-06,2033,N20,VIIRS,n,2,,292.43,1.61,N,2
21.12642,76.45294,,303.05,0.39,0.36,2025-03-06,2033,N20,VIIRS,n,2,,292.62,1.06,N,0
21.29934,81.60705,,305.41,0.41,0.45,2025-03-06,2033,N20,VIIRS,n,2,,289.32,0.71,N,2
21.49738,82.06621,,298.95,0.43,0.46,2025-03-06,2033,N20,VIIRS,n,2,,285.23,0.44,N,0
22.12066,73.8747,,305.12,0.42,0.37,2025-03-06,2033,N20,VIIRS,n,2,,291.2,0.73,N,0
15.43558,78.69073,,311.57,0.52,0.41,2025-03-06,2034,N20,VIIRS,n,2,,293.19,1.87,N,0
15.96942,76.84244,,302.84,0.42,0.38,2025-03-06,2034,N20,VIIRS,n,2,,288.13,0.78,N,0
16.11768,78.49149,,311.18,0.5,0.41,2025-03-06,2034,N20,VIIRS,n,2,,295.48,1.89,N,0
16.48225,77.32929,,309.46,0.43,0.38,2025-03-06,2034,N20,VIIRS,n,2,,288.27,0.58,N,0
17.32512,80.60407,,312.04,0.42,0.45,2025-03-06,2034,N20,VIIRS,n,2,,294.83,1.69,N,0
17.63491,80.10076,,320.93,0.39,0.44,2025-03-06,2034,N20,VIIRS,n,2,,296.57,1.82,N,0
17.75513,80.70043,,304.92,0.42,0.45,2025-03-06,2034,N20,VIIRS,n,2,,292.79,0.75,N,0
17.88113,80.18565,,303.08,0.39,0.44,2025-03-06,2034,N20,VIIRS,n,2,,292.52,1.25,N,0
17.97683,80.70617,,302.75,0.41,0.45,2025-03-06,2034,N20,VIIRS,n,2,,291.16,0.73,N,0
18.08428,80.29014,,307.63,0.39,0.44,2025-03-06,2034,N20,VIIRS,n,2,,291.99,1.32,N,0
18.19165,80.25665,,309.59,0.39,0.44,2025-03-06,2034,N20,VIIRS,n,2,,295.33,1.37,N,0
18.3062,80.12074,,306.53,0.57,0.43,2025-03-06,2034,N20,VIIRS,n,2,,294.03,1.64,N,0
18.45881,80.66902,,310.13,0.4,0.45,2025-03-06,2034,N20,VIIRS,n,2,,296.41,2.2,N,0
18.55122,79.55463,,306.39,0.52,0.42,2025-03-06,2034,N20,VIIRS,n,2,,294.69,2.12,N,0
18.70827,73.3472,,326.8,0.41,0.37,2025-03-06,2034,N20,VIIRS,n,2,,296.58,3.84,N,0
19.30437,73.29102,,309.97,0.42,0.37,2025-03-06,2034,N20,VIIRS,n,2,,291.53,1.08,N,0
19.92297,72.81554,,308.47,0.44,0.38,2025-03-06,2034,N20,VIIRS,n,2,,296.58,1.33,N,0
13.88862,75.88533,,303.13,0.41,0.37,2025-03-06,2035,N20,VIIRS,n,2,,289.91,0.83,N,0
14.85161,79.11044,,303.06,0.56,0.43,2025-03-06,2035,N20,VIIRS,n,2,,286.55,0.6,N,0
15.19019,78.6901,,314.05,0.52,0.42,2025-03-06,2035,N20,VIIRS,n,2,,294.79,2.33,N,0
22.1069,81.4766,314.8,,1,1,2025-03-02,418,Terra,MODIS,60,61.03,301.3,,6.3,D,0
15.5784,79.3047,337.3,,1.3,1.1,2025-03-02,852,Aqua,MODIS,83,61.03,310.5,,37.7,D,0
19.7105,81.8014,322.7,,1,1,2025-03-02,853,Aqua,MODIS,71,61.03,303.9,,9,D,0
27.0225,84.1672,318.9,,1.4,1.2,2025-03-02,855,Aqua,MODIS,71,61.03,304.8,,13.2,D,0
20.795,85.2575,307.5,,1,1,2025-03-02,2102,Aqua,MODIS,68,61.03,295.3,,7.2,N,2
19.0613,73.0531,324.3,,1.2,1.1,2025-03-03,458,Terra,MODIS,73,61.03,305.2,,17.1,D,0
19.2464,73.5231,343.5,,1.1,1,2025-03-03,932,Aqua,MODIS,89,61.03,313.9,,33.3,D,0
30.8366,71.9716,313.1,,1.2,1.1,2025-03-03,935,Aqua,MODIS,61,61.03,296.3,,8.3,D,0
20.8635,83.7005,316,,1.1,1,2025-03-04,359,Terra,MODIS,59,61.03,304,,6.6,D,0
21.3146,70.4433,314,,3.5,1.8,2025-03-04,537,Terra,MODIS,57,61.03,301.5,,29.1,D,0
20.8108,84.2223,328.3,,1.1,1.1,2025-03-04,834,Aqua,MODIS,73,61.03,311,,16.1,D,0
21.6854,83.7816,326.5,,1.1,1.1,2025-03-04,834,Aqua,MODIS,71,61.03,309.7,,15.2,D,0
22.3389,84.5726,322.1,,1.1,1,2025-03-04,834,Aqua,MODIS,0,61.03,309.2,,5.9,D,0
28.526,80.5681,333,,1.4,1.2,2025-03-04,836,Aqua,MODIS,87,61.03,300.2,,42,D,0
29.0526,77.6414,302.9,,1,1,2025-03-05,437,Terra,MODIS,54,61.03,292.3,,3.4,D,0
21.2825,70.4778,314.1,,1.7,1.3,2025-03-05,439,Terra,MODIS,56,61.03,301.5,,13.4,D,0
11.9932,76.8852,329.3,,1.1,1,2025-03-05,911,Aqua,MODIS,65,61.03,312.9,,15,D,0
13.8416,78.51,352.6,,1,1,2025-03-05,911,Aqua,MODIS,96,61.03,304.4,,57.2,D,0
17.6525,73.5589,328.4,,1.4,1.2,2025-03-05,912,Aqua,MODIS,64,61.03,310.8,,18.9,D,0
18.3695,73.3504,331.7,,1.4,1.2,2025-03-05,912,Aqua,MODIS,76,61.03,319,,16.8,D,0
19.1419,78.7952,325.8,,1.1,1,2025-03-05,912,Aqua,MODIS,63,61.03,314.2,,9.3,D,0
19.9735,79.3531,325.8,,1.2,1.1,2025-03-05,913,Aqua,MODIS,53,61.03,313.1,,12.2,D,0
21.4286,83.3127,320.8,,2.3,1.5,2025-03-05,913,Aqua,MODIS,63,61.03,309,,21.2,D,0
23.6503,79.4101,353.9,,1.3,1.1,2025-03-05,914,Aqua,MODIS,97,61.03,315.7,,81.9,D,0
29.09,78.0306,322.9,,1.3,1.1,2025-03-05,915,Aqua,MODIS,80,61.03,297.5,,24.1,D,0
20.1292,82.779,307,,1.4,1.2,2025-03-05,1532,Terra,MODIS,70,61.03,296.7,,9.3,N,0
12.7796,78.4979,314.3,,1,1,2025-03-05,2123,Aqua,MODIS,89,61.03,291.3,,12.9,N,0
26.6843,68.0467,315.7,,1,1,2025-03-06,517,Terra,MODIS,58,61.03,298.5,,10,D,0
20.5885,82.4055,316.8,,3.3,1.7,2025-03-06,814,Aqua,MODIS,55,61.03,306,,34.9,D,0
23.0141,88.3557,314.5,,1.2,1.1,2025-03-06,814,Aqua,MODIS,50,61.03,304.4,,7.8,D,0
20.4229,73.0433,326,,2,1.4,2025-03-06,952,Aqua,MODIS,64,61.03,311.9,,31.2,D,0
14.847,75.7099,308.5,,1.1,1,2025-03-06,1610,Terra,MODIS,75,61.03,294.7,,8.8,N,0
19.1419,77.3776,312.1,,1,1,2025-03-06,1611,Terra,MODIS,84,61.03,290,,12.2,N,0
19.5258,71.3078,312.1,,1,1,2025-03-06,2201,Aqua,MODIS,77,61.03,298.2,,8.5,N,3
12.00831,79.75565,,335.75,0.48,0.4,2025-03-07,742,N20,VIIRS,l,2,,308.36,4.36,D,0
12.6125,79.80129,,335.6,0.47,0.4,2025-03-07,743,N20,VIIRS,l,2,,309.24,2.55,D,0
13.17575,77.21507,,343.03,0.43,0.46,2025-03-07,743,N20,VIIRS,n,2,,310.06,4.31,D,0
13.53624,77.18287,,343.34,0.43,0.46,2025-03-07,743,N20,VIIRS,l,2,,314.69,5.6,D,0
14.09321,77.60678,,341.99,0.4,0.44,2025-03-07,743,N20,VIIRS,l,2,,314.67,6.11,D,0
14.58111,77.0452,,342.72,0.42,0.45,2025-03-07,743,N20,VIIRS,l,2,,315.78,7.05,D,0
15.11586,78.70913,,333.5,0.5,0.41,2025-03-07,743,N20,VIIRS,l,2,,307.4,2.95,D,0
15.61537,78.99445,,342.22,0.47,0.4,2025-03-07,743,N20,VIIRS,l,2,,314.23,6.91,D,0
15.87767,78.79087,,341.83,0.48,0.4,2025-03-07,744,N20,VIIRS,n,2,,309.79,8.82,D,0
16.07421,78.51345,,348.91,0.49,0.41,2025-03-07,744,N20,VIIRS,n,2,,313.59,15.3,D,0
16.17555,78.6414,,342.3,0.49,0.4,2025-03-07,744,N20,VIIRS,l,2,,312.99,9.63,D,0
16.31715,74.09923,,343.14,0.61,0.53,2025-03-07,744,N20,VIIRS,n,2,,315.69,13.45,D,0
17.24309,73.82321,,351.2,0.61,0.54,2025-03-07,744,N20,VIIRS,n,2,,314.96,11.39,D,0
17.61077,82.08194,,336.18,0.38,0.36,2025-03-07,744,N20,VIIRS,l,2,,309.55,4.51,D,0
17.73464,80.14294,,334.5,0.41,0.37,2025-03-07,744,N20,VIIRS,l,2,,307.96,2.29,D,0
17.83374,81.52011,,338.15,0.39,0.36,2025-03-07,744,N20,VIIRS,l,2,,312.23,0.8,D,0
17.91997,80.61633,,337.41,0.4,0.37,2025-03-07,744,N20,VIIRS,l,2,,308.95,3.89,D,0
18.00987,80.41278,,338.45,0.4,0.37,2025-03-07,744,N20,VIIRS,l,2,,309.35,4.89,D,0
18.09682,80.29756,,337,0.4,0.37,2025-03-07,744,N20,VIIRS,l,2,,310.63,2.36,D,0
18.15446,80.33376,,335.8,0.4,0.37,2025-03-07,744,N20,VIIRS,l,2,,310.67,4.35,D,0
18.26196,80.3261,,341.77,0.4,0.37,2025-03-07,744,N20,VIIRS,l,2,,315.1,11.62,D,0
18.36788,80.58799,,349.66,0.39,0.37,2025-03-07,744,N20,VIIRS,n,2,,316.73,6.77,D,0
18.43619,78.62112,,341.23,0.46,0.39,2025-03-07,744,N20,VIIRS,n,2,,314.42,2.96,D,0
18.52416,80.56373,,347.97,0.39,0.37,2025-03-07,744,N20,VIIRS,n,2,,316.99,7.43,D,0
18.65957,80.53649,,344.52,0.39,0.37,2025-03-07,744,N20,VIIRS,n,2,,313.56,5.35,D,0
18.81048,77.17586,,349.41,0.53,0.42,2025-03-07,744,N20,VIIRS,l,2,,320.85,14.64,D,0
18.93899,83.14971,,335.86,0.4,0.37,2025-03-07,744,N20,VIIRS,l,2,,310.82,3.46,D,0
19.01061,80.17867,,349.32,0.4,0.37,2025-03-07,744,N20,VIIRS,n,2,,311.67,3.99,D,0
19.08267,82.32572,,349.79,0.39,0.36,2025-03-07,744,N20,VIIRS,l,2,,320.63,8.55,D,0
19.1405,80.76611,,338.99,0.39,0.36,2025-03-07,744,N20,VIIRS,n,2,,313.61,5.32,D,0
19.18307,79.96091,,342.5,0.4,0.37,2025-03-07,744,N20,VIIRS,n,2,,316.09,4.97,D,0
19.21748,84.23661,,337.12,0.43,0.38,2025-03-07,744,N20,VIIRS,n,2,,309.05,1.82,D,0
19.29027,78.75535,,344.49,0.44,0.38,2025-03-07,744,N20,VIIRS,l,2,,316.95,4.55,D,0
19.49153,83.26884,,340.47,0.4,0.37,2025-03-07,744,N20,VIIRS,n,2,,315.14,3.67,D,0
19.69468,83.83809,,341.96,0.42,0.38,2025-03-07,744,N20,VIIRS,n,2,,312.03,3.34,D,0
19.80127,83.75739,,339.3,0.42,0.38,2025-03-07,744,N20,VIIRS,n,2,,310.1,2.75,D,0
18.54059,73.16553,,344.32,0.32,0.54,2025-03-07,745,N20,VIIRS,n,2,,311.52,5.08,D,0
19.54457,72.97303,,345.88,0.63,0.54,2025-03-07,745,N20,VIIRS,n,2,,313.39,10.74,D,0
19.93712,79.36886,,337.29,0.41,0.37,2025-03-07,745,N20,VIIRS,l,2,,311.38,3.65,D,0
20.07966,80.12295,,347.46,0.4,0.37,2025-03-07,745,N20,VIIRS,l,2,,318.22,14.37,D,0
20.17202,80.10632,,349.69,0.4,0.37,2025-03-07,745,N20,VIIRS,n,2,,318.64,6.53,D,0
20.22855,82.25198,,339.93,0.39,0.36,2025-03-07,745,N20,VIIRS,l,2,,311.85,3.05,D,0
20.32931,80.56404,,343.74,0.39,0.36,2025-03-07,745,N20,VIIRS,n,2,,313.88,3.24,D,0
20.38857,80.92351,,352.37,0.39,0.36,2025-03-07,745,N20,VIIRS,n,2,,318.31,5.32,D,0
20.47526,82.41241,,345.77,0.39,0.36,2025-03-07,745,N20,VIIRS,n,2,,315.03,4.66,D,0
20.55886,80.55386,,337.19,0.39,0.36,2025-03-07,745,N20,VIIRS,l,2,,311.21,2.6,D,0
20.62815,79.25581,,342.37,0.41,0.37,2025-03-07,745,N20,VIIRS,l,2,,316.87,5.45,D,0
20.73557,82.12553,,344.3,0.39,0.36,2025-03-07,745,N20,VIIRS,n,2,,309.15,2.91,D,0
20.84999,82.35172,,347.3,0.39,0.36,2025-03-07,745,N20,VIIRS,n,2,,317.09,6.16,D,0
20.93836,79.15497,,351.71,0.41,0.37,2025-03-07,745,N20,VIIRS,n,2,,320,13.24,D,0
21.02172,82.69571,,348.42,0.4,0.37,2025-03-07,745,N20,VIIRS,n,2,,316.69,6.44,D,0
21.15418,85.07655,,342.68,0.49,0.4,2025-03-07,745,N20,VIIRS,n,2,,313.67,4.83,D,0
21.24755,82.73437,,339.02,0.4,0.37,2025-03-07,745,N20,VIIRS,n,2,,313.65,3.8,D,0
21.35259,81.80105,,346.61,0.39,0.36,2025-03-07,745,N20,VIIRS,n,2,,318.04,5.66,D,0
21.45449,83.13415,,337.34,0.41,0.37,2025-03-07,745,N20,VIIRS,l,2,,311.49,2.06,D,0
21.56194,84.24741,,339.58,0.46,0.39,2025-03-07,745,N20,VIIRS,n,2,,308.43,5.21,D,0
21.68246,82.22569,,349.24,0.39,0.36,2025-03-07,745,N20,VIIRS,l,2,,319.27,11.38,D,0
21.90008,83.73431,,337.93,0.44,0.38,2025-03-07,745,N20,VIIRS,l,2,,308.37,5.43,D,0
22.02111,83.9389,,343.39,0.45,0.39,2025-03-07,745,N20,VIIRS,n,2,,314.29,2.54,D,0
22.11234,78.68557,,346.3,0.42,0.37,2025-03-07,745,N20,VIIRS,l,2,,316.72,8.85,D,0
22.2336,79.9378,,338.76,0.39,0.36,2025-03-07,745,N20,VIIRS,n,2,,309.38,3.18,D,0
22.32402,84.26256,,334.82,0.46,0.39,2025-03-07,745,N20,VIIRS,l,2,,309.43,2.1,D,0
22.47278,79.73163,,340.28,0.39,0.36,2025-03-07,745,N20,VIIRS,l,2,,313.1,4.22,D,0
22.72306,78.63628,,341.96,0.41,0.37,2025-03-07,745,N20,VIIRS,n,2,,310.45,6.72,D,0
23.57491,82.70621,,332.61,0.42,0.37,2025-03-07,745,N20,VIIRS,l,2,,307.3,2.12,D,0
23.26882,78.23771,,338.54,0.42,0.38,2025-03-07,746,N20,VIIRS,l,2,,312.05,6.16,D,0
24.48585,78.28317,,342.44,0.41,0.37,2025-03-07,746,N20,VIIRS,l,2,,316.63,6.14,D,0
25.60114,77.77549,,345.14,0.42,0.37,2025-03-07,746,N20,VIIRS,l,2,,318.54,8.35,D,0
27.56074,79.25516,,332.55,0.38,0.36,2025-03-07,747,N20,VIIRS,n,2,,302.05,1.63,D,0
29.23899,78.89288,,332.88,0.38,0.36,2025-03-07,747,N20,VIIRS,n,2,,302.8,4.53,D,0
30.81008,77.6664,,343.04,0.39,0.36,2025-03-07,748,N20,VIIRS,n,2,,298.96,4.05,D,0
32.11275,75.32647,,325.95,0.43,0.38,2025-03-07,748,N20,VIIRS,n,2,,295.7,1.89,D,0
31.40432,70.02023,,349.05,0.54,0.68,2025-03-07,2011,N20,VIIRS,n,2,,279.45,12.22,N,0
31.40615,70.0261,,347.87,0.54,0.68,2025-03-07,2012,N20,VIIRS,n,2,,284.55,17.12,N,0
23.44957,82.1385,,298.21,0.39,0.36,2025-03-07,2013,N20,VIIRS,n,2,,287.36,0.48,N,0
23.75575,86.40424,,307.83,0.56,0.43,2025-03-07,2013,N20,VIIRS,n,2,,291.56,2.33,N,2
23.95199,81.49138,,296.34,0.38,0.36,2025-03-07,2013,N20,VIIRS,n,2,,285.85,0.51,N,0
19.13645,83.36092,,304.12,0.46,0.39,2025-03-07,2014,N20,VIIRS,n,2,,292.19,0.86,N,0
19.64372,78.82728,,303.66,0.4,0.37,2025-03-07,2014,N20,VIIRS,n,2,,293.3,0.67,N,0
19.78476,79.95508,,310.36,0.38,0.36,2025-03-07,2014,N20,VIIRS,n,2,,293.72,1.06,N,0
19.99811,79.1803,,302.68,0.39,0.36,2025-03-07,2014,N20,VIIRS,n,2,,292.66,0.83,N,0
20.14407,82.74804,,328.41,0.42,0.38,2025-03-07,2014,N20,VIIRS,n,2,,295.45,1.58,N,0
20.23009,84.18394,,308.27,0.49,0.4,2025-03-07,2014,N20,VIIRS,n,2,,290.95,1.19,N,0
20.32987,82.42194,,308.69,0.41,0.37,2025-03-07,2014,N20,VIIRS,n,2,,291.81,0.78,N,0
20.41392,80.6498,,313.74,0.38,0.36,2025-03-07,2014,N20,VIIRS,n,2,,294.36,1.75,N,0
20.55886,82.35329,,304.53,0.41,0.37,2025-03-07,2014,N20,VIIRS,n,2,,293.1,1.07,N,0
20.85025,74.07825,,332.83,0.46,0.47,2025-03-07,2014,N20,VIIRS,n,2,,292.73,2.65,N,0
21.00691,84.79201,,304.21,0.51,0.41,2025-03-07,2014,N20,VIIRS,n,2,,294.19,1.74,N,0
21.17139,84.24857,,301.94,0.48,0.4,2025-03-07,2014,N20,VIIRS,n,2,,290.48,0.73,N,0
21.25959,84.73847,,302.34,0.5,0.41,2025-03-07,2014,N20,VIIRS,n,2,,290.71,1.42,N,0
21.37346,76.45208,,334.04,0.51,0.41,2025-03-07,2014,N20,VIIRS,n,2,,295.32,4.11,N,0
21.55832,84.71918,,314.45,0.5,0.41,2025-03-07,2014,N20,VIIRS,n,2,,294.65,1.4,N,0
21.71409,84.04117,,298.85,0.46,0.39,2025-03-07,2014,N20,VIIRS,n,2,,288.75,0.59,N,2
21.98637,84.7056,,303.38,0.49,0.4,2025-03-07,2014,N20,VIIRS,n,2,,291.91,1.08,N,0
22.11842,82.7691,,306.76,0.41,0.37,2025-03-07,2014,N20,VIIRS,n,2,,293.63,1.9,N,0
22.34172,75.6153,,308.13,0.39,0.44,2025-03-07,2014,N20,VIIRS,n,2,,294.42,1.27,N,0
22.93407,77.44331,,301.96,0.47,0.4,2025-03-07,2014,N20,VIIRS,n,2,,290.3,1.31,N,0
16.14138,78.65624,,314.74,0.39,0.36,2025-03-07,2015,N20,VIIRS,n,2,,294.77,0.99,N,0
16.33281,79.19756,,306.9,0.38,0.36,2025-03-07,2015,N20,VIIRS,n,2,,294.45,0.59,N,0
17.59543,73.56139,,307.14,0.45,0.47,2025-03-07,2015,N20,VIIRS,n,2,,292.9,1.24,N,0
17.77038,80.17725,,305.72,0.39,0.36,2025-03-07,2015,N20,VIIRS,n,2,,295.68,1.09,N,0
17.94222,80.42186,,300.67,0.39,0.36,2025-03-07,2015,N20,VIIRS,n,2,,290.19,1,N,0
18.06146,80.35699,,305.41,0.39,0.36,2025-03-07,2015,N20,VIIRS,n,2,,294.9,0.97,N,0
18.16434,80.35281,,322.75,0.39,0.36,2025-03-07,2015,N20,VIIRS,n,2,,296.06,1.77,N,0
18.26146,80.74151,,312.37,0.39,0.36,2025-03-07,2015,N20,VIIRS,n,2,,296.1,1.11,N,0
18.36783,79.96915,,306.23,0.38,0.36,2025-03-07,2015,N20,VIIRS,n,2,,293.45,1.52,N,0
18.43623,80.69307,,316.66,0.39,0.36,2025-03-07,2015,N20,VIIRS,n,2,,295.89,1.74,N,0
18.49934,73.3549,,322.19,0.48,0.48,2025-03-07,2015,N20,VIIRS,n,2,,293.18,3.06,N,0
18.60895,73.00593,,308.24,0.5,0.49,2025-03-07,2015,N20,VIIRS,n,2,,295.55,1.3,N,0
18.72216,82.06113,,307.51,0.41,0.37,2025-03-07,2015,N20,VIIRS,n,2,,293.47,1.02,N,0
18.83721,78.97549,,310.99,0.39,0.36,2025-03-07,2015,N20,VIIRS,n,2,,293.3,1.33,N,0
18.97513,80.0878,,302.92,0.38,0.36,2025-03-07,2015,N20,VIIRS,n,2,,290.88,0.35,N,0
19.02237,79.32198,,308.55,0.39,0.36,2025-03-07,2015,N20,VIIRS,n,2,,295.46,1.28,N,0
19.10542,79.97308,,316.25,0.38,0.36,2025-03-07,2015,N20,VIIRS,n,2,,293.56,2.2,N,0
19.14839,79.93593,,302.99,0.38,0.36,2025-03-07,2015,N20,VIIRS,n,2,,291.84,0.63,N,0
19.20661,78.48696,,314.12,0.4,0.37,2025-03-07,2015,N20,VIIRS,n,2,,293.83,1.29,N,0
19.24561,78.79031,,317.14,0.4,0.37,2025-03-07,2015,N20,VIIRS,n,2,,294.49,2.24,N,0
19.34703,74.17064,,306.24,0.43,0.46,2025-03-07,2015,N20,VIIRS,n,2,,291.12,1.57,N,0
19.57279,77.24294,,311.02,0.45,0.39,2025-03-07,2015,N20,VIIRS,n,2,,291.27,1.92,N,0
13.49938,78.92508,,304.87,0.38,0.36,2025-03-07,2016,N20,VIIRS,n,2,,292.98,0.86,N,0
14.22141,77.57467,,311.44,0.4,0.37,2025-03-07,2016,N20,VIIRS,n,2,,295.31,1.38,N,0
15.03094,78.67303,,309.79,0.39,0.36,2025-03-07,2016,N20,VIIRS,n,2,,296.91,3.27,N,0
15.447,78.75181,,321.76,0.39,0.36,2025-03-07,2016,N20,VIIRS,n,2,,295.38,1.75,N,0
16.27472,75.90251,,325.73,0.48,0.4,2025-03-07,2016,N20,VIIRS,n,2,,290.16,3.68,N,0
31.42017,70.03296,,299.07,0.44,0.63,2025-03-07,2152,N20,VIIRS,n,2,,282.51,1.02,N,0
12.58035,78.48486,,334.23,0.38,0.59,2025-03-08,724,N20,VIIRS,l,2,,308.08,2.48,D,0
13.18795,79.3024,,367,0.33,0.55,2025-03-08,724,N20,VIIRS,h,2,,310.22,20.79,D,0
13.77347,78.0145,,367,0.39,0.59,2025-03-08,724,N20,VIIRS,h,2,,317.68,7.94,D,0
14.27755,75.52293,,349.93,0.56,0.69,2025-03-08,724,N20,VIIRS,n,2,,307.76,5.28,D,0
15.27037,77.55373,,349.71,0.39,0.59,2025-03-08,725,N20,VIIRS,n,2,,317.73,6.81,D,0
15.97352,76.9621,,341.9,0.41,0.61,2025-03-08,725,N20,VIIRS,l,2,,315.89,6.15,D,0
16.16265,78.68161,,348.48,0.63,0.54,2025-03-08,725,N20,VIIRS,n,2,,310.17,34.77,D,0
17.01162,77.45515,,354.75,0.37,0.58,2025-03-08,725,N20,VIIRS,n,2,,314.76,3.92,D,0
17.54454,76.37514,,352.63,0.42,0.61,2025-03-08,725,N20,VIIRS,n,2,,317.55,5.01,D,0
17.98338,80.15114,,350.37,0.47,0.48,2025-03-08,725,N20,VIIRS,n,2,,311.56,8.45,D,0
18.20263,78.21511,,339.99,0.62,0.54,2025-03-08,725,N20,VIIRS,n,2,,308.09,3.62,D,0
18.48577,78.4853,,335.21,0.59,0.53,2025-03-08,725,N20,VIIRS,l,2,,309.1,2.64,D,0
18.94332,80.71366,,339.16,0.42,0.45,2025-03-08,725,N20,VIIRS,l,2,,311.5,5.28,D,0
19.77548,84.5593,,343.29,0.4,0.37,2025-03-08,725,N20,VIIRS,l,2,,316.64,6.98,D,0
19.07099,75.12265,,342.1,0.47,0.64,2025-03-08,726,N20,VIIRS,n,2,,314.4,4.54,D,0
19.22781,78.32838,,352.32,0.58,0.52,2025-03-08,726,N20,VIIRS,n,2,,313.64,11.96,D,0
19.35885,78.53495,,344.06,0.56,0.52,2025-03-08,726,N20,VIIRS,l,2,,315.33,11.27,D,0
19.6724,79.61082,,343.35,0.47,0.48,2025-03-08,726,N20,VIIRS,n,2,,309.04,5.57,D,0
19.80021,84.18986,,345.57,0.41,0.37,2025-03-08,726,N20,VIIRS,n,2,,308.94,8.41,D,0
19.97137,82.40903,,340.49,0.49,0.4,2025-03-08,726,N20,VIIRS,n,2,,311.13,2.74,D,0
20.11512,82.35136,,336.73,0.49,0.4,2025-03-08,726,N20,VIIRS,l,2,,308.93,3.12,D,0
20.20823,82.58582,,335.84,0.47,0.4,2025-03-08,726,N20,VIIRS,l,2,,308.67,2.53,D,0
20.30858,76.6431,,367,0.36,0.57,2025-03-08,726,N20,VIIRS,h,2,,314.07,4.77,D,0
20.40238,76.03584,,356.11,0.39,0.59,2025-03-08,726,N20,VIIRS,n,2,,313.59,7.01,D,0
20.53578,82.4976,,336.29,0.47,0.4,2025-03-08,726,N20,VIIRS,n,2,,309.36,4.05,D,0
20.62821,83.48013,,334.18,0.43,0.38,2025-03-08,726,N20,VIIRS,l,2,,308.6,2.77,D,0
20.76931,82.93927,,343.69,0.45,0.39,2025-03-08,726,N20,VIIRS,n,2,,313.99,5.83,D,0
20.89061,83.22491,,336.96,0.44,0.38,2025-03-08,726,N20,VIIRS,n,2,,310.83,3,D,0
21.00408,83.16553,,336.66,0.44,0.38,2025-03-08,726,N20,VIIRS,n,2,,310.05,1.86,D,0
21.10923,84.95132,,347.1,0.39,0.36,2025-03-08,726,N20,VIIRS,n,2,,313.83,4.57,D,0
21.18833,82.55838,,341.4,0.46,0.39,2025-03-08,726,N20,VIIRS,n,2,,312.86,4.81,D,0
21.25116,84.18555,,339.65,0.4,0.37,2025-03-08,726,N20,VIIRS,n,2,,309.88,3.78,D,0
21.36586,81.75712,,351.89,0.5,0.41,2025-03-08,726,N20,VIIRS,n,2,,320.77,16.23,D,0
21.49328,78.86709,,338.35,0.49,0.48,2025-03-08,726,N20,VIIRS,l,2,,311.58,4.74,D,0
21.62962,84.2903,,346.95,0.4,0.37,2025-03-08,726,N20,VIIRS,n,2,,315.05,14.43,D,0
21.74166,84.13922,,334,0.4,0.37,2025-03-08,726,N20,VIIRS,l,2,,307.03,3.38,D,0
21.90463,80.19872,,333.74,0.4,0.44,2025-03-08,726,N20,VIIRS,l,2,,308.08,4.79,D,0
21.99482,83.51524,,349.41,0.42,0.37,2025-03-08,726,N20,VIIRS,n,2,,314.07,6.25,D,0
22.09304,82.62358,,337.12,0.45,0.39,2025-03-08,726,N20,VIIRS,l,2,,311.96,2.11,D,0
22.21978,82.98622,,342.36,0.43,0.38,2025-03-08,726,N20,VIIRS,n,2,,309.72,3.24,D,0
22.32126,83.30126,,337.98,0.42,0.38,2025-03-08,726,N20,VIIRS,l,2,,310.75,4.57,D,0
22.49865,87.28119,,346.55,0.4,0.37,2025-03-08,726,N20,VIIRS,n,2,,305.55,6.22,D,0
22.74565,84.50324,,338.92,0.39,0.36,2025-03-08,726,N20,VIIRS,l,2,,311.23,2.75,D,0
23.64536,86.38314,,341.64,0.39,0.36,2025-03-08,726,N20,VIIRS,l,2,,313.45,7.56,D,0
22.93376,76.55108,,336.2,0.32,0.55,2025-03-08,727,N20,VIIRS,n,2,,308.73,2.87,D,0
23.68276,74.03236,,341.72,0.44,0.63,2025-03-08,727,N20,VIIRS,n,2,,306.68,2.18,D,0
24.15894,82.67724,,337.39,0.42,0.38,2025-03-08,727,N20,VIIRS,l,2,,310.09,2.74,D,0
26.25503,85.67156,,332.3,0.39,0.36,2025-03-08,727,N20,VIIRS,n,2,,301.83,3.24,D,0
28.43282,81.20927,,333.99,0.43,0.38,2025-03-08,728,N20,VIIRS,n,2,,301.65,8.59,D,0
30.13507,69.73863,,333.52,0.57,0.69,2025-03-08,729,N20,VIIRS,n,2,,299.78,2.72,D,0
32.72062,73.55962,,340.26,0.59,0.53,2025-03-08,730,N20,VIIRS,n,2,,299.84,7.07,D,0
15.44173,74.57333,,351.8,0.61,0.71,2025-03-08,905,N20,VIIRS,n,2,,305.13,8.1,D,0
18.2871,73.61791,,332.69,0.57,0.69,2025-03-08,906,N20,VIIRS,l,2,,306.4,7.74,D,0
20.99866,70.29967,,339.28,0.37,0.58,2025-03-08,907,N20,VIIRS,n,2,,308.65,2,D,0
24.85481,69.20895,,334.39,0.35,0.57,2025-03-08,908,N20,VIIRS,l,2,,309.05,1.28,D,0
30.22718,68.94872,,330.77,0.39,0.59,2025-03-08,910,N20,VIIRS,l,2,,304.54,0.97,D,0
28.85248,77.15991,,296.41,0.36,0.58,2025-03-08,1953,N20,VIIRS,n,2,,283.94,0.15,N,0
23.68312,86.39394,,324.82,0.39,0.36,2025-03-08,1954,N20,VIIRS,n,2,,296.37,1.85,N,2
23.7795,86.34579,,328.88,0.38,0.36,2025-03-08,1954,N20,VIIRS,n,2,,297.37,1.98,N,2
24.21623,87.515,,305.41,0.4,0.37,2025-03-08,1954,N20,VIIRS,n,2,,290.36,0.69,N,0
19.96899,81.81236,,301.09,0.46,0.39,2025-03-08,1955,N20,VIIRS,n,2,,289.13,0.98,N,0
20.22158,82.25413,,304.33,0.44,0.39,2025-03-08,1955,N20,VIIRS,n,2,,292.83,1.02,N,0
20.43606,82.81154,,314.48,0.42,0.38,2025-03-08,1955,N20,VIIRS,n,2,,296.28,2.66,N,0
20.68188,82.44535,,310.09,0.44,0.38,2025-03-08,1955,N20,VIIRS,n,2,,294.46,0.8,N,0
20.96112,84.77263,,306.02,0.39,0.36,2025-03-08,1955,N20,VIIRS,n,2,,291.2,0.69,N,0
21.11084,72.63142,,305.45,0.58,0.7,2025-03-08,1955,N20,VIIRS,n,2,,293.95,3.43,N,2
21.25931,83.21961,,307.55,0.42,0.37,2025-03-08,1955,N20,VIIRS,n,2,,291.44,0.94,N,0
21.3854,83.1702,,303.64,0.42,0.38,2025-03-08,1955,N20,VIIRS,n,2,,293.51,0.56,N,0
21.60176,84.47006,,302.94,0.39,0.36,2025-03-08,1955,N20,VIIRS,n,2,,292.35,0.95,N,0
21.76817,84.02059,,318.55,0.4,0.37,2025-03-08,1955,N20,VIIRS,n,2,,296.13,2.27,N,2
22.02033,83.22947,,304.79,0.42,0.38,2025-03-08,1955,N20,VIIRS,n,2,,294.78,1.19,N,0
22.20901,84.87942,,304.93,0.39,0.36,2025-03-08,1955,N20,VIIRS,n,2,,290.87,1.22,N,2
22.59748,82.68871,,305.8,0.45,0.39,2025-03-08,1955,N20,VIIRS,n,2,,294.62,1.44,N,0
17.51873,73.86067,,301.93,0.44,0.63,2025-03-08,1956,N20,VIIRS,n,2,,289.8,1.39,N,0
18.49192,78.48985,,306.33,0.45,0.47,2025-03-08,1956,N20,VIIRS,n,2,,293.88,1.48,N,0
18.87342,77.15537,,298.7,0.56,0.51,2025-03-08,1956,N20,VIIRS,n,2,,288.53,0.66,N,0
19.07869,75.02433,,309.14,0.39,0.59,2025-03-08,1956,N20,VIIRS,n,2,,291.88,1.23,N,0
19.26364,78.26023,,306.51,0.48,0.48,2025-03-08,1956,N20,VIIRS,n,2,,294.59,1.53,N,0
19.4656,81.43199,,303.94,0.47,0.4,2025-03-08,1956,N20,VIIRS,n,2,,292.9,1.18,N,0
19.75345,78.19768,,315.35,0.49,0.48,2025-03-08,1956,N20,VIIRS,n,2,,294.87,2.55,N,0
13.75898,78.62714,,305.01,0.38,0.44,2025-03-08,1957,N20,VIIRS,n,2,,290.9,1.7,N,0
15.23178,76.38007,,313.02,0.56,0.52,2025-03-08,1957,N20,VIIRS,n,2,,293.85,1.35,N,0
34.17208,72.90838,,323.57,0.59,0.53,2025-03-08,2132,N20,VIIRS,n,2,,286.98,2.04,N,0
19.01742,73.79597,,301.61,0.75,0.77,2025-03-08,2136,N20,VIIRS,n,2,,288.01,2.69,N,0
15.01814,78.85252,,338.85,0.67,0.74,2025-03-09,706,N20,VIIRS,n,2,,304.47,17.54,D,0
17.85599,80.39276,,332.5,0.46,0.64,2025-03-09,706,N20,VIIRS,l,2,,303.97,4.9,D,0
19.13486,79.96505,,336.2,0.47,0.64,2025-03-09,707,N20,VIIRS,n,2,,301.85,3.35,D,0
19.81564,82.33382,,338.26,0.64,0.54,2025-03-09,707,N20,VIIRS,n,2,,305.48,7.28,D,0
20.34189,81.9363,,332.77,0.33,0.55,2025-03-09,707,N20,VIIRS,l,2,,306.92,2.98,D,0
20.6856,84.1317,,346.93,0.47,0.48,2025-03-09,707,N20,VIIRS,n,2,,313.28,7.39,D,0
20.97986,83.07092,,332.44,0.54,0.51,2025-03-09,707,N20,VIIRS,l,2,,307.04,10.9,D,0
21.28371,81.86523,,367,0.32,0.54,2025-03-09,707,N20,VIIRS,h,2,,312.97,6.58,D,0
21.68299,84.90543,,339.7,0.4,0.45,2025-03-09,707,N20,VIIRS,n,2,,309.84,4.12,D,0
22.06926,83.59188,,345.43,0.48,0.48,2025-03-09,707,N20,VIIRS,n,2,,309.7,3.79,D,0
22.62761,86.03874,,346.68,0.51,0.41,2025-03-09,707,N20,VIIRS,n,2,,310.88,11.26,D,0
22.44228,75.87838,,333.67,0.72,0.75,2025-03-09,708,N20,VIIRS,n,2,,303.38,3.48,D,0
23.55603,87.23678,,330.46,0.44,0.38,2025-03-09,708,N20,VIIRS,l,2,,302.52,2.03,D,2
26.72566,86.99624,,354.31,0.42,0.37,2025-03-09,708,N20,VIIRS,n,2,,302.59,12.28,D,0
29.54045,77.78819,,342.81,0.38,0.59,2025-03-09,710,N20,VIIRS,n,2,,302.7,5.64,D,0
10.32933,77.13152,,367,0.38,0.58,2025-03-09,845,N20,VIIRS,h,2,,303.61,9.38,D,0
12.5414,77.59721,,340.43,0.43,0.62,2025-03-09,845,N20,VIIRS,n,2,,309.45,11.55,D,0
13.02902,78.65581,,333.14,0.52,0.67,2025-03-09,846,N20,VIIRS,n,2,,304.73,4.25,D,0
13.55795,76.7323,,367,0.39,0.59,2025-03-09,846,N20,VIIRS,h,2,,314.54,19.03,D,0
14.05807,75.68032,,345.17,0.34,0.56,2025-03-09,846,N20,VIIRS,n,2,,308.26,3.27,D,0
15.07212,76.70376,,367,0.41,0.6,2025-03-09,846,N20,VIIRS,h,2,,310.41,14.3,D,0
16.04159,78.48376,,347.94,0.55,0.68,2025-03-09,846,N20,VIIRS,n,2,,301.32,8.18,D,0
17.35964,77.25883,,342.8,0.47,0.64,2025-03-09,847,N20,VIIRS,n,2,,309.67,3.5,D,0
18.28639,73.9501,,345.37,0.58,0.52,2025-03-09,847,N20,VIIRS,n,2,,314.3,25.89,D,0
18.81971,77.11657,,339.23,0.48,0.65,2025-03-09,847,N20,VIIRS,n,2,,309.28,5.13,D,0
19.46655,73.46304,,342.51,0.56,0.52,2025-03-09,848,N20,VIIRS,l,2,,313.89,6.66,D,0
20.81318,70.77332,,339.58,0.4,0.44,2025-03-09,848,N20,VIIRS,n,2,,309.36,2.9,D,0
21.54791,76.54398,,347.2,0.47,0.64,2025-03-09,848,N20,VIIRS,n,2,,308.58,12.96,D,0
22.67337,79.45312,,340.94,0.75,0.77,2025-03-09,848,N20,VIIRS,n,2,,306.23,7.82,D,0
23.64819,79.39373,,335.52,0.76,0.77,2025-03-09,849,N20,VIIRS,n,2,,305.55,5.97,D,0
25.82154,77.00797,,354.38,0.56,0.69,2025-03-09,849,N20,VIIRS,n,2,,308.6,17.48,D,0
23.64998,85.43893,,303.47,0.39,0.44,2025-03-09,1935,N20,VIIRS,n,2,,291.2,1.07,N,0
23.79352,86.35192,,305.71,0.52,0.41,2025-03-09,1935,N20,VIIRS,n,2,,294.08,1.42,N,2
20.80563,79.24686,,305.73,0.44,0.62,2025-03-09,1936,N20,VIIRS,n,2,,291.34,1.33,N,0
21.59799,78.99052,,307.41,0.47,0.64,2025-03-09,1936,N20,VIIRS,n,2,,292.83,1.28,N,0
22.04484,83.73089,,344.83,0.47,0.48,2025-03-09,1936,N20,VIIRS,n,2,,297.32,7.09,N,2
22.67905,82.01836,,298.99,0.61,0.54,2025-03-09,1936,N20,VIIRS,n,2,,288.03,0.76,N,0
18.67643,79.55614,,306.11,0.4,0.6,2025-03-09,1937,N20,VIIRS,n,2,,294.96,0.88,N,2
15.07194,75.34855,,301.61,0.68,0.74,2025-03-09,1938,N20,VIIRS,n,2,,291.18,1.28,N,0
22.72347,76.98872,,301.58,0.49,0.65,2025-03-09,2116,N20,VIIRS,n,2,,290.42,0.78,N,0
19.50499,73.88094,,307.9,0.36,0.58,2025-03-09,2117,N20,VIIRS,n,2,,290.49,1.57,N,0
15.16605,75.80077,,305.04,0.59,0.7,2025-03-09,2118,N20,VIIRS,n,2,,291.94,1.99,N,0
19.25049,73.89849,,313.42,0.37,0.58,2025-03-09,2118,N20,VIIRS,n,2,,293.17,1.52,N,0
20.52888,82.95222,,343.45,0.57,0.69,2025-03-10,648,N20,VIIRS,n,2,,302.62,6.3,D,0
21.72229,83.81562,,331.22,0.47,0.64,2025-03-10,648,N20,VIIRS,l,2,,304.16,2.59,D,0
22.70071,84.03513,,330.69,0.43,0.62,2025-03-10,649,N20,VIIRS,n,2,,300.35,3.12,D,0
27.035,88.47421,,354.72,0.38,0.43,2025-03-10,650,N20,VIIRS,n,2,,300.18,8.81,D,0
9.76865,77.99484,,345.83,0.4,0.44,2025-03-10,826,N20,VIIRS,n,2,,308.92,5.96,D,0
12.28096,77.21886,,346.94,0.39,0.44,2025-03-10,826,N20,VIIRS,n,2,,316.81,8.45,D,0
12.95391,78.63402,,331.19,0.49,0.49,2025-03-10,827,N20,VIIRS,n,2,,304.43,2.39,D,0
13.52967,79.11765,,334.77,0.54,0.51,2025-03-10,827,N20,VIIRS,n,2,,304.5,2.99,D,0
14.13236,77.87627,,344.1,0.45,0.47,2025-03-10,827,N20,VIIRS,n,2,,315.36,7.68,D,0
15.057,76.37309,,344.33,0.56,0.43,2025-03-10,827,N20,VIIRS,n,2,,314.52,9.01,D,0
16.05375,78.64626,,344.88,0.54,0.51,2025-03-10,827,N20,VIIRS,n,2,,313.4,76.66,D,0
16.828,74.01171,,343.33,0.45,0.39,2025-03-10,828,N20,VIIRS,l,2,,313.87,8.94,D,0
17.57737,76.01653,,353.26,0.39,0.44,2025-03-10,828,N20,VIIRS,n,2,,316.84,11.16,D,0
18.03156,73.47904,,337.96,0.44,0.38,2025-03-10,828,N20,VIIRS,l,2,,312.4,2.97,D,0
18.42812,81.73837,,335.91,0.46,0.64,2025-03-10,828,N20,VIIRS,n,2,,307.17,1.91,D,0
19.0094,83.19202,,337.19,0.59,0.7,2025-03-10,828,N20,VIIRS,n,2,,301.15,14.26,D,0
19.82483,80.57983,,339.87,0.4,0.6,2025-03-10,828,N20,VIIRS,n,2,,304.34,3.77,D,0
19.70834,77.48045,,342.52,0.51,0.49,2025-03-10,829,N20,VIIRS,n,2,,310.73,5.3,D,0
20.77692,82.07429,,336.83,0.52,0.67,2025-03-10,829,N20,VIIRS,n,2,,303.66,3.89,D,0
21.2906,76.62711,,338.07,0.47,0.48,2025-03-10,829,N20,VIIRS,l,2,,312.97,6.34,D,0
21.65056,70.41962,,348.28,0.39,0.36,2025-03-10,829,N20,VIIRS,n,2,,318.09,4.96,D,0
22.08563,79.84571,,332.62,0.39,0.59,2025-03-10,829,N20,VIIRS,l,2,,306.89,1.2,D,0
22.69719,76.62526,,344.22,0.49,0.48,2025-03-10,829,N20,VIIRS,n,2,,315.74,4.92,D,0
23.31386,78.661,,339.07,0.33,0.56,2025-03-10,830,N20,VIIRS,l,2,,311.74,2.16,D,0
24.57751,81.88771,,337.49,0.55,0.68,2025-03-10,830,N20,VIIRS,l,2,,307.94,6.43,D,0
28.7807,70.73617,,333.92,0.43,0.38,2025-03-10,831,N20,VIIRS,n,2,,304.13,1.59,D,0
32.65584,72.05655,,330.94,0.53,0.42,2025-03-10,832,N20,VIIRS,l,2,,301.23,1.71,D,0
23.75521,85.85433,,302.28,0.36,0.57,2025-03-10,1916,N20,VIIRS,n,2,,291.75,1.38,N,0
20.96846,85.02065,,308.36,0.38,0.59,2025-03-10,1917,N20,VIIRS,n,2,,293.29,1.45,N,2
22.04188,83.73422,,334.42,0.47,0.64,2025-03-10,1917,N20,VIIRS,n,2,,296.72,6.98,N,2
19.55648,83.99034,,305.99,0.43,0.62,2025-03-10,1918,N20,VIIRS,n,2,,291.83,1.84,N,0
21.76588,84.01598,,307.46,0.72,0.75,2025-03-10,2057,N20,VIIRS,n,2,,291.99,2.13,N,2
24.50485,73.89594,,305.01,0.47,0.39,2025-03-10,2057,N20,VIIRS,n,2,,292.19,1.27,N,0
21.07731,73.95856,,306.09,0.52,0.42,2025-03-10,2058,N20,VIIRS,n,2,,295.07,1.5,N,0
21.80179,82.03864,,305.5,0.54,0.68,2025-03-10,2058,N20,VIIRS,n,2,,291.53,1.84,N,0
15.66128,78.70175,,312.48,0.44,0.62,2025-03-10,2059,N20,VIIRS,n,2,,293.53,1.76,N,0
18.90794,75.98361,,306.14,0.5,0.49,2025-03-10,2059,N20,VIIRS,n,2,,293.8,1.19,N,0
14.87451,78.05157,,308.04,0.41,0.61,2025-03-10,2100,N20,VIIRS,n,2,,294.56,1.31,N,2
12.35283,77.05872,,331.5,0.38,0.36,2025-03-11,808,N20,VIIRS,l,2,,304.36,3.46,D,0
13.1441,77.51765,,337.82,0.39,0.36,2025-03-11,808,N20,VIIRS,n,2,,307.64,1.87,D,0
13.51285,76.6722,,346.18,0.38,0.36,2025-03-11,808,N20,VIIRS,l,2,,316.74,10.13,D,0
13.90561,77.11845,,337.85,0.39,0.36,2025-03-11,808,N20,VIIRS,l,2,,312.57,4.88,D,0
14.54855,75.58813,,344.89,0.39,0.36,2025-03-11,808,N20,VIIRS,n,2,,312.02,3.69,D,0
15.46943,74.55254,,340.62,0.4,0.37,2025-03-11,809,N20,VIIRS,n,2,,312.71,4.01,D,0
16.10204,78.96016,,334.22,0.45,0.39,2025-03-11,809,N20,VIIRS,l,2,,309.01,7.19,D,0
16.95878,76.34261,,344.34,0.39,0.36,2025-03-11,809,N20,VIIRS,n,2,,315.61,4.25,D,0
17.43705,73.45718,,341.51,0.42,0.38,2025-03-11,809,N20,VIIRS,n,2,,310.96,2.27,D,0
17.68526,82.07871,,340.38,0.46,0.47,2025-03-11,809,N20,VIIRS,n,2,,303.18,3.9,D,0
17.93605,80.69844,,345.13,0.38,0.44,2025-03-11,809,N20,VIIRS,n,2,,307.52,5.2,D,0
18.20332,73.69799,,338.9,0.41,0.37,2025-03-11,809,N20,VIIRS,l,2,,311.35,6.39,D,0
18.42259,82.65016,,338.74,0.52,0.5,2025-03-11,809,N20,VIIRS,n,2,,308.07,1.91,D,0
18.72169,80.68185,,348.54,0.39,0.44,2025-03-11,809,N20,VIIRS,n,2,,310.15,5.03,D,0
19.03004,80.1764,,331.22,0.56,0.43,2025-03-11,809,N20,VIIRS,l,2,,305.39,7.74,D,0
19.36572,82.03396,,342.83,0.49,0.48,2025-03-11,809,N20,VIIRS,n,2,,307.86,10.3,D,0
18.80065,73.67488,,342.96,0.4,0.37,2025-03-11,810,N20,VIIRS,l,2,,314.13,4.71,D,0
19.4459,73.28188,,346.88,0.41,0.37,2025-03-11,810,N20,VIIRS,n,2,,318.03,13.04,D,0
19.98297,80.54303,,332.47,0.4,0.44,2025-03-11,810,N20,VIIRS,l,2,,307.28,1.5,D,0
20.21923,80.87866,,336.16,0.42,0.45,2025-03-11,810,N20,VIIRS,l,2,,307.8,4.52,D,0
20.44419,80.89044,,341.97,0.42,0.46,2025-03-11,810,N20,VIIRS,n,2,,310.92,3.77,D,0
20.60665,82.45692,,342.78,0.54,0.51,2025-03-11,810,N20,VIIRS,n,2,,311.94,7.18,D,0
20.79464,80.41326,,340.73,0.4,0.44,2025-03-11,810,N20,VIIRS,l,2,,312.89,4.55,D,0
20.96833,82.59224,,341.85,0.55,0.51,2025-03-11,810,N20,VIIRS,n,2,,312.18,3.71,D,0
21.15753,84.54582,,332.46,0.37,0.58,2025-03-11,810,N20,VIIRS,l,2,,303.25,2.28,D,0
21.38136,76.50355,,344.31,0.41,0.37,2025-03-11,810,N20,VIIRS,n,2,,313.59,3.51,D,0
21.63253,75.81325,,349.84,0.39,0.36,2025-03-11,810,N20,VIIRS,n,2,,318.52,7.91,D,0
21.78991,79.53522,,340.73,0.55,0.43,2025-03-11,810,N20,VIIRS,l,2,,311.58,4.59,D,0
21.92145,83.87565,,336.28,0.34,0.56,2025-03-11,810,N20,VIIRS,l,2,,309.24,2.53,D,0
22.04507,83.60674,,345.75,0.33,0.55,2025-03-11,810,N20,VIIRS,n,2,,308.48,3.98,D,0
22.16263,83.1567,,336.34,0.62,0.54,2025-03-11,810,N20,VIIRS,n,2,,307.06,4.51,D,0
22.32094,81.4831,,338.53,0.49,0.48,2025-03-11,810,N20,VIIRS,l,2,,312.83,5.99,D,0
22.7903,83.79578,,336.61,0.35,0.57,2025-03-11,810,N20,VIIRS,n,2,,310.96,3.27,D,0
23.29955,79.43348,,350.8,0.57,0.43,2025-03-11,811,N20,VIIRS,l,2,,321.24,27.82,D,0
24.24118,74.29115,,348.31,0.38,0.36,2025-03-11,811,N20,VIIRS,n,2,,316.87,4.37,D,0
25.80986,77.08857,,349.7,0.46,0.39,2025-03-11,811,N20,VIIRS,n,2,,317.11,16.95,D,0
29.08458,77.60419,,329.46,0.53,0.42,2025-03-11,812,N20,VIIRS,n,2,,299.59,2.3,D,0
23.76742,86.40336,,309.06,0.67,0.74,2025-03-11,1857,N20,VIIRS,n,2,,293.61,2.83,N,2
28.33924,77.21992,,304.64,0.39,0.36,2025-03-11,2037,N20,VIIRS,n,2,,288.09,0.46,N,0
23.52793,81.93503,,307.62,0.49,0.48,2025-03-11,2038,N20,VIIRS,n,2,,291.15,1.5,N,0
23.78865,85.54776,,299.24,0.41,0.6,2025-03-11,2038,N20,VIIRS,n,2,,289.09,1.7,N,0
19.64959,80.10805,,329.11,0.44,0.46,2025-03-11,2039,N20,VIIRS,n,2,,296.89,3.4,N,0
20.46822,82.46301,,297.59,0.6,0.53,2025-03-11,2039,N20,VIIRS,n,2,,287.28,0.37,N,0
20.98336,85.15981,,301.54,0.44,0.62,2025-03-11,2039,N20,VIIRS,n,2,,291.02,0.92,N,0
21.62278,76.99364,,314.23,0.43,0.38,2025-03-11,2039,N20,VIIRS,n,2,,293.06,1.09,N,0
22.03389,83.36147,,304.83,0.32,0.55,2025-03-11,2039,N20,VIIRS,n,2,,293.87,1.69,N,2
22.97793,72.56435,,307.96,0.42,0.37,2025-03-11,2039,N20,VIIRS,n,2,,296.65,0.87,N,2
18.21724,83.84566,,303.03,0.41,0.61,2025-03-11,2040,N20,VIIRS,n,2,,292.83,0.42,N,0
19.33083,80.08384,,308.43,0.45,0.47,2025-03-11,2040,N20,VIIRS,n,2,,296.81,2.51,N,0
15.0009,74.91879,,303.34,0.42,0.37,2025-03-11,2041,N20,VIIRS,n,2,,286.03,0.5,N,0
28.6608,80.3328,306.7,,1.1,1,2025-03-07,418,Terra,MODIS,60,61.03,295.4,,4.2,D,0
19.9177,82.0799,321.1,,1.1,1,2025-03-07,420,Terra,MODIS,72,61.03,304.6,,11.1,D,0
22.9552,77.4513,316.2,,1.3,1.1,2025-03-07,420,Terra,MODIS,49,61.03,304.8,,7.7,D,0
17.503,74.0383,320.5,,1.9,1.3,2025-03-07,421,Terra,MODIS,60,61.03,305.2,,20.6,D,0
13.4154,79.238,318.4,,1,1,2025-03-07,422,Terra,MODIS,63,61.03,303.8,,8.9,D,0
13.6104,78.8247,323.3,,1.6,1.2,2025-03-07,851,Aqua,MODIS,65,61.03,312.4,,14.8,D,0
15.9519,78.7595,328.2,,1.4,1.2,2025-03-07,852,Aqua,MODIS,71,61.03,312.7,,21.8,D,0
17.7873,80.1845,321,,1.1,1.1,2025-03-07,852,Aqua,MODIS,12,61.03,308,,7.7,D,0
18.5194,83.3183,320.4,,1,1,2025-03-07,852,Aqua,MODIS,34,61.03,309.9,,5.7,D,0
18.4194,80.7993,323.5,,1,1,2025-03-07,853,Aqua,MODIS,65,61.03,311.4,,9.2,D,0
18.8479,81.7468,322.9,,1,1,2025-03-07,853,Aqua,MODIS,48,61.03,312.7,,6.1,D,0
19.1248,82.2549,327.8,,1,1,2025-03-07,853,Aqua,MODIS,58,61.03,317.1,,13.1,D,0
19.509,80.1294,325.6,,1.1,1,2025-03-07,853,Aqua,MODIS,35,61.03,310.5,,12,D,0
20.0015,82.2406,325.1,,1,1,2025-03-07,853,Aqua,MODIS,45,61.03,311,,9.8,D,0
20.3634,81.6077,326.4,,1,1,2025-03-07,853,Aqua,MODIS,70,61.03,312.9,,10.2,D,0
20.7522,82.8517,323.3,,1,1,2025-03-07,853,Aqua,MODIS,44,61.03,312.3,,7.3,D,0
21.158,84.6699,326.5,,1.3,1.1,2025-03-07,853,Aqua,MODIS,74,61.03,306,,20.3,D,0
21.6773,84.2619,322.2,,1.2,1.1,2025-03-07,853,Aqua,MODIS,63,61.03,310.3,,9.6,D,0
22.6058,86.8614,318.8,,1.8,1.3,2025-03-07,853,Aqua,MODIS,62,61.03,305.2,,16.4,D,0
23.2624,79.497,327.8,,1.1,1,2025-03-07,854,Aqua,MODIS,39,61.03,313.7,,11.7,D,0
26.03,77.1696,325.4,,1.2,1.1,2025-03-07,855,Aqua,MODIS,67,61.03,310.9,,16.1,D,0
33.1481,70.3668,305.8,,1.7,1.3,2025-03-07,2236,Aqua,MODIS,66,61.03,285,,20,N,0
29.1581,70.3477,311,,1.1,1,2025-03-08,458,Terra,MODIS,37,61.03,298.6,,7,D,0
14.0182,78.9753,328.4,,1.9,1.4,2025-03-08,930,Aqua,MODIS,43,61.03,316.4,,23.3,D,0
16.17,78.7062,327.5,,2,1.4,2025-03-08,931,Aqua,MODIS,69,61.03,307.6,,35.1,D,0
18.4044,77.319,334.7,,1.7,1.3,2025-03-08,932,Aqua,MODIS,78,61.03,320.1,,26.9,D,0
19.6533,76.758,333,,1.6,1.2,2025-03-08,932,Aqua,MODIS,73,61.03,318.4,,26.6,D,0
24.536,80.0411,326.4,,3.3,1.7,2025-03-08,933,Aqua,MODIS,70,61.03,309.5,,77.4,D,0
16.2245,78.6288,315.8,,1.3,1.1,2025-03-08,1551,Terra,MODIS,92,61.03,297.7,,17.6,N,0
18.0107,73.8305,340,,1.1,1,2025-03-08,2142,Aqua,MODIS,100,61.03,290.7,,48.5,N,0
33.092,72.7848,305.8,,2.9,1.6,2025-03-09,536,Terra,MODIS,61,61.03,284.2,,20.2,D,0
20.5266,82.481,321.7,,1.5,1.2,2025-03-09,833,Aqua,MODIS,57,61.03,306.2,,13.7,D,0
21.7971,86.0011,320.9,,1,1,2025-03-09,834,Aqua,MODIS,66,61.03,306.9,,8,D,0
22.909,77.4228,323.3,,3,1.7,2025-03-09,834,Aqua,MODIS,68,61.03,308.9,,46.2,D,0
18.0964,74.3666,303.8,,1.2,1.1,2025-03-09,1632,Terra,MODIS,57,61.03,291.7,,7.3,N,0
23.1735,78.5774,322.5,,1.2,1.1,2025-03-10,440,Terra,MODIS,73,61.03,305.6,,15.6,D,0
16.1345,75.4314,319,,1.1,1,2025-03-10,442,Terra,MODIS,59,61.03,306.8,,7.1,D,0
12.9645,78.6361,321.2,,1,1,2025-03-10,911,Aqua,MODIS,49,61.03,305.7,,8.1,D,0
15.0764,75.5582,328.2,,1.2,1.1,2025-03-10,911,Aqua,MODIS,73,61.03,314.7,,12,D,0
18.4709,78.473,323.3,,1,1,2025-03-10,912,Aqua,MODIS,54,61.03,309.7,,7.5,D,0
21.3157,76.7456,332.7,,1,1,2025-03-10,913,Aqua,MODIS,76,61.03,315.5,,14.7,D,0
23.1691,78.1921,328.3,,1.1,1,2025-03-10,913,Aqua,MODIS,69,61.03,311.5,,13.4,D,0
32.4678,71.5323,318.3,,1.1,1,2025-03-10,916,Aqua,MODIS,68,61.03,303.4,,10,D,0
27.5705,69.0316,313.8,,1.1,1.1,2025-03-11,519,Terra,MODIS,69,61.03,294.4,,10.8,D,0
19.3076,73.5548,331.5,,2.1,1.4,2025-03-11,952,Aqua,MODIS,75,61.03,312.8,,34.2,D,0
19.1631,77.4012,306.1,,1,1,2025-03-11,1613,Terra,MODIS,43,61.03,295.1,,5.5,N,0
13.65878,77.51526,,338.5,0.5,0.41,2025-03-12,749,N20,VIIRS,n,2,,308.48,7.39,D,0
15.07623,78.90702,,345.68,0.42,0.38,2025-03-12,749,N20,VIIRS,l,2,,316.58,7.21,D,0
15.85095,74.80808,,344.96,0.44,0.46,2025-03-12,750,N20,VIIRS,n,2,,317.64,4.72,D,0
16.64058,74.21731,,343.3,0.47,0.48,2025-03-12,750,N20,VIIRS,n,2,,313.89,4.51,D,0
17.4777,81.21758,,342.96,0.39,0.36,2025-03-12,750,N20,VIIRS,n,2,,315.5,4.44,D,0
17.8967,80.25632,,346.4,0.38,0.36,2025-03-12,750,N20,VIIRS,n,2,,310.04,7.33,D,0
18.18085,80.29306,,341.84,0.38,0.36,2025-03-12,750,N20,VIIRS,n,2,,311.68,8.51,D,0
18.4361,80.61245,,335.71,0.39,0.36,2025-03-12,750,N20,VIIRS,l,2,,310.16,3.9,D,0
18.85482,80.82648,,349.35,0.39,0.36,2025-03-12,750,N20,VIIRS,n,2,,313.91,6.84,D,0
19.15893,83.68141,,338.83,0.48,0.4,2025-03-12,750,N20,VIIRS,n,2,,310.99,3.21,D,0
18.57317,73.29044,,334.65,0.49,0.49,2025-03-12,751,N20,VIIRS,l,2,,309.31,3.54,D,0
19.2705,79.84237,,346.72,0.38,0.36,2025-03-12,751,N20,VIIRS,n,2,,312.88,4.48,D,0
19.51594,79.10265,,338.79,0.39,0.36,2025-03-12,751,N20,VIIRS,l,2,,313.51,5.86,D,0
19.73054,83.55531,,340.23,0.48,0.4,2025-03-12,751,N20,VIIRS,l,2,,312.89,4.79,D,0
19.89058,82.59669,,346.5,0.44,0.38,2025-03-12,751,N20,VIIRS,n,2,,316.46,4.12,D,0
20.05277,80.30243,,351.13,0.39,0.36,2025-03-12,751,N20,VIIRS,n,2,,311.73,5.07,D,0
20.17743,78.68396,,350.46,0.39,0.36,2025-03-12,751,N20,VIIRS,n,2,,316.42,6.68,D,0
20.30367,77.11583,,343.73,0.43,0.38,2025-03-12,751,N20,VIIRS,n,2,,317.94,6.58,D,0
20.4367,82.3207,,351.13,0.43,0.38,2025-03-12,751,N20,VIIRS,n,2,,312.16,7.94,D,0
20.50342,82.09574,,336.57,0.42,0.38,2025-03-12,751,N20,VIIRS,l,2,,311.27,2.97,D,0
20.58692,81.94283,,349.33,0.42,0.38,2025-03-12,751,N20,VIIRS,n,2,,314.13,4.95,D,0
20.65545,82.49574,,348.2,0.44,0.38,2025-03-12,751,N20,VIIRS,n,2,,318.04,8.97,D,0
20.74323,80.33635,,343.36,0.39,0.36,2025-03-12,751,N20,VIIRS,n,2,,311.14,4.87,D,0
20.88744,71.05415,,345.02,0.62,0.54,2025-03-12,751,N20,VIIRS,n,2,,309.51,17.79,D,0
21.01211,85.54245,,338.13,0.42,0.46,2025-03-12,751,N20,VIIRS,l,2,,308.76,4.53,D,0
21.14945,83.01554,,356.03,0.47,0.39,2025-03-12,751,N20,VIIRS,n,2,,314.42,18.67,D,0
21.24706,83.13554,,338.4,0.47,0.4,2025-03-12,751,N20,VIIRS,l,2,,311.35,1.78,D,0
21.39777,83.23687,,347.4,0.48,0.4,2025-03-12,751,N20,VIIRS,n,2,,315.82,4.78,D,0
21.55396,83.46545,,345.99,0.5,0.41,2025-03-12,751,N20,VIIRS,n,2,,315.97,10.44,D,0
21.67598,84.64049,,341.72,0.38,0.43,2025-03-12,751,N20,VIIRS,l,2,,312.02,4.59,D,0
21.80609,83.23125,,341.83,0.49,0.4,2025-03-12,751,N20,VIIRS,n,2,,314.18,5.68,D,0
21.89717,83.26585,,340.34,0.49,0.4,2025-03-12,751,N20,VIIRS,l,2,,312.96,4.8,D,0
21.99505,83.57185,,339.26,0.51,0.41,2025-03-12,751,N20,VIIRS,n,2,,309.6,3.61,D,0
22.0996,83.2205,,338.9,0.49,0.4,2025-03-12,751,N20,VIIRS,n,2,,309.08,3.8,D,0
22.18311,84.15475,,339.41,0.55,0.43,2025-03-12,751,N20,VIIRS,l,2,,311.45,5.55,D,0
22.28654,86.40273,,332.7,0.5,0.49,2025-03-12,751,N20,VIIRS,n,2,,306.81,3.43,D,0
22.36272,86.34806,,331.67,0.5,0.49,2025-03-12,751,N20,VIIRS,l,2,,306.01,5.93,D,0
22.46876,83.08636,,339.93,0.49,0.4,2025-03-12,751,N20,VIIRS,n,2,,310.88,3.88,D,0
22.77093,88.23954,,330.12,0.33,0.55,2025-03-12,751,N20,VIIRS,l,2,,304.76,1,D,0
21.68545,69.69173,,355.75,0.37,0.58,2025-03-12,752,N20,VIIRS,n,2,,312.86,11.08,D,0
22.83908,77.09946,,345.66,0.41,0.37,2025-03-12,752,N20,VIIRS,l,2,,317.65,4.19,D,0
23.31047,79.45876,,340.56,0.39,0.36,2025-03-12,752,N20,VIIRS,n,2,,315.16,6.33,D,0
23.57791,82.91003,,334.9,0.49,0.4,2025-03-12,752,N20,VIIRS,l,2,,309,3.47,D,0
23.71769,85.52815,,334.55,0.46,0.47,2025-03-12,752,N20,VIIRS,l,2,,309.54,4.43,D,0
23.96609,81.5389,,345.72,0.43,0.38,2025-03-12,752,N20,VIIRS,n,2,,316.86,22.24,D,0
25.2799,78.35387,,345.5,0.38,0.36,2025-03-12,752,N20,VIIRS,l,2,,319.74,7.62,D,0
28.28677,80.83257,,335.19,0.44,0.39,2025-03-12,753,N20,VIIRS,n,2,,305.28,4.62,D,0
29.87899,78.22428,,334.29,0.39,0.36,2025-03-12,754,N20,VIIRS,n,2,,306.23,2.16,D,0
31.18426,72.13248,,295.46,0.32,0.55,2025-03-12,2018,N20,VIIRS,n,2,,284.56,1.49,N,0
23.55456,82.0666,,305.79,0.42,0.38,2025-03-12,2019,N20,VIIRS,n,2,,292.29,0.65,N,0
23.766,86.37203,,303.23,0.46,0.47,2025-03-12,2019,N20,VIIRS,n,2,,293.04,0.86,N,2
24.14139,82.56663,,321.93,0.44,0.38,2025-03-12,2019,N20,VIIRS,n,2,,295.43,2.09,N,2
20.02211,84.34579,,310,0.41,0.45,2025-03-12,2020,N20,VIIRS,n,2,,296.66,1.65,N,0
20.24389,84.46194,,306.01,0.41,0.45,2025-03-12,2020,N20,VIIRS,n,2,,294.63,0.48,N,0
20.51411,84.29963,,305.87,0.4,0.44,2025-03-12,2020,N20,VIIRS,n,2,,293.58,0.73,N,0
20.79878,85.25959,,314.96,0.45,0.47,2025-03-12,2020,N20,VIIRS,n,2,,296.09,2.33,N,2
21.17327,84.74992,,307.31,0.41,0.45,2025-03-12,2020,N20,VIIRS,n,2,,292.21,0.89,N,0
21.38001,84.81277,,308.76,0.41,0.45,2025-03-12,2020,N20,VIIRS,n,2,,295.95,2.24,N,0
21.70679,84.68965,,306.07,0.4,0.44,2025-03-12,2020,N20,VIIRS,n,2,,295.02,1.06,N,0
21.99527,84.62901,,307.24,0.39,0.44,2025-03-12,2020,N20,VIIRS,n,2,,295.08,1.17,N,0
22.21888,84.19128,,304.13,0.55,0.43,2025-03-12,2020,N20,VIIRS,n,2,,293.37,1.47,N,0
22.39094,84.39973,,305.56,0.56,0.43,2025-03-12,2020,N20,VIIRS,n,2,,294.23,1.75,N,0
22.77479,79.28123,,316.51,0.38,0.36,2025-03-12,2020,N20,VIIRS,n,2,,291.58,0.89,N,0
22.90755,83.96814,,316.96,0.52,0.42,2025-03-12,2020,N20,VIIRS,n,2,,294.96,3.16,N,0
23.61169,79.93131,,304.63,0.38,0.36,2025-03-12,2020,N20,VIIRS,n,2,,292.85,1.21,N,0
18.12352,73.9015,,306.2,0.53,0.42,2025-03-12,2021,N20,VIIRS,n,2,,295.26,1.63,N,0
18.49501,80.70435,,315.46,0.42,0.38,2025-03-12,2021,N20,VIIRS,n,2,,297.28,2.54,N,0
19.08469,80.36156,,312.7,0.41,0.37,2025-03-12,2021,N20,VIIRS,n,2,,297.38,1.38,N,0
19.37893,81.81754,,315.56,0.46,0.39,2025-03-12,2021,N20,VIIRS,n,2,,292.32,1,N,0
19.71958,79.59379,,309.01,0.39,0.36,2025-03-12,2021,N20,VIIRS,n,2,,296.09,1.19,N,0
14.80466,76.61607,,314.25,0.39,0.36,2025-03-12,2022,N20,VIIRS,n,2,,293.46,2.23,N,0
7.69706,80.09174,,331.72,0.56,0.52,2025-03-13,729,N20,VIIRS,n,2,,296.28,3.47,D,0
13.05484,77.75249,,346.92,0.33,0.55,2025-03-13,730,N20,VIIRS,n,2,,313.41,3.74,D,0
13.61093,78.58214,,344.5,0.56,0.52,2025-03-13,730,N20,VIIRS,n,2,,311.73,4.71,D,0
14.82921,76.4613,,341.5,0.37,0.58,2025-03-13,731,N20,VIIRS,n,2,,310.1,18.96,D,0
15.87891,78.86998,,345.95,0.49,0.49,2025-03-13,731,N20,VIIRS,n,2,,312.96,7.88,D,0
16.72941,80.30058,,342.46,0.39,0.44,2025-03-13,731,N20,VIIRS,n,2,,310.79,6.79,D,0
17.52585,82.11581,,335.14,0.45,0.39,2025-03-13,731,N20,VIIRS,l,2,,306.81,3.29,D,0
18.06862,80.42931,,338.97,0.54,0.42,2025-03-13,731,N20,VIIRS,l,2,,311.33,5.7,D,0
18.32998,81.54353,,346,0.47,0.4,2025-03-13,731,N20,VIIRS,n,2,,309.78,6.63,D,0
18.32778,73.59209,,336.13,0.49,0.65,2025-03-13,732,N20,VIIRS,n,2,,304.76,4.83,D,0
18.82346,77.58628,,338.52,0.52,0.5,2025-03-13,732,N20,VIIRS,l,2,,313.44,4.99,D,0
19.0221,80.05058,,343.86,0.55,0.43,2025-03-13,732,N20,VIIRS,n,2,,308.47,5.32,D,0
19.26766,80.11366,,341.42,0.54,0.42,2025-03-13,732,N20,VIIRS,n,2,,311.08,4.41,D,0
19.40438,84.23635,,340.2,0.39,0.36,2025-03-13,732,N20,VIIRS,n,2,,309.98,2.83,D,0
19.58304,80.09075,,338.32,0.54,0.42,2025-03-13,732,N20,VIIRS,l,2,,311.81,5.78,D,0
19.7506,82.64308,,341.13,0.41,0.37,2025-03-13,732,N20,VIIRS,n,2,,311.95,2.89,D,0
19.84899,77.51358,,342.46,0.51,0.49,2025-03-13,732,N20,VIIRS,n,2,,315.37,8.58,D,0
20.02608,84.34866,,338.45,0.38,0.36,2025-03-13,732,N20,VIIRS,l,2,,309.63,3.42,D,0
20.16635,82.24352,,338.24,0.42,0.38,2025-03-13,732,N20,VIIRS,l,2,,310.21,6.45,D,0
20.24055,78.51892,,343.73,0.43,0.46,2025-03-13,732,N20,VIIRS,n,2,,316.14,9.93,D,0
20.3635,78.69241,,351.33,0.42,0.45,2025-03-13,732,N20,VIIRS,n,2,,315.43,3.9,D,0
20.49809,80.49846,,346.28,0.5,0.41,2025-03-13,732,N20,VIIRS,n,2,,309.49,7.13,D,0
20.59258,82.05756,,343.3,0.43,0.38,2025-03-13,732,N20,VIIRS,n,2,,308.92,5.84,D,0
20.69831,84.16637,,343.25,0.38,0.36,2025-03-13,732,N20,VIIRS,l,2,,316.21,6.16,D,0
20.78587,80.59029,,344.12,0.49,0.4,2025-03-13,732,N20,VIIRS,l,2,,314.91,4.62,D,0
20.95519,82.27434,,337.7,0.42,0.37,2025-03-13,732,N20,VIIRS,n,2,,311.2,2.31,D,0
21.09134,84.40646,,336.65,0.38,0.36,2025-03-13,732,N20,VIIRS,l,2,,309.29,2.37,D,0
21.19259,84.6713,,347.92,0.38,0.36,2025-03-13,732,N20,VIIRS,n,2,,313.99,3,D,0
21.29922,77.21987,,340.71,0.5,0.49,2025-03-13,732,N20,VIIRS,n,2,,309.96,4,D,0
21.42262,85.42898,,345.59,0.39,0.36,2025-03-13,732,N20,VIIRS,n,2,,310.57,2.7,D,0
21.5437,84.61465,,338.3,0.38,0.36,2025-03-13,732,N20,VIIRS,l,2,,312.7,5.02,D,0
21.66441,84.46912,,340.29,0.38,0.36,2025-03-13,732,N20,VIIRS,l,2,,312.54,3.39,D,0
21.77986,84.39922,,348.14,0.38,0.36,2025-03-13,732,N20,VIIRS,n,2,,314.31,5.73,D,0
21.87482,85.50919,,345.13,0.4,0.37,2025-03-13,732,N20,VIIRS,l,2,,317.84,11.53,D,0
21.97447,83.82701,,350.33,0.38,0.36,2025-03-13,732,N20,VIIRS,n,2,,315.76,5.46,D,0
22.06,84.63936,,342.87,0.39,0.36,2025-03-13,732,N20,VIIRS,n,2,,312.21,5.86,D,0
22.12505,83.87992,,346.88,0.38,0.36,2025-03-13,732,N20,VIIRS,n,2,,318.46,4.59,D,0
22.18692,83.16124,,342.5,0.39,0.36,2025-03-13,732,N20,VIIRS,l,2,,315.95,23.26,D,0
22.27655,84.06898,,337.02,0.38,0.36,2025-03-13,732,N20,VIIRS,l,2,,311.28,2.7,D,0
22.35354,86.74286,,338.48,0.43,0.38,2025-03-13,732,N20,VIIRS,l,2,,313.28,5.93,D,0
22.43279,86.79952,,339.8,0.44,0.38,2025-03-13,732,N20,VIIRS,n,2,,311.85,5.13,D,0
22.50377,83.27279,,342.41,0.39,0.36,2025-03-13,732,N20,VIIRS,n,2,,311.6,4.55,D,0
22.72847,87.12623,,340.68,0.45,0.39,2025-03-13,732,N20,VIIRS,n,2,,311.15,5.02,D,0
21.36233,70.59722,,348.22,0.65,0.73,2025-03-13,733,N20,VIIRS,n,2,,312.99,5.89,D,0
22.13041,78.15763,,343.68,0.42,0.45,2025-03-13,733,N20,VIIRS,l,2,,314.56,5.56,D,0
22.42037,80.27673,,349.27,0.48,0.4,2025-03-13,733,N20,VIIRS,n,2,,317.8,5.93,D,0
22.71975,83.87969,,338.98,0.38,0.36,2025-03-13,733,N20,VIIRS,n,2,,313.16,2.78,D,0
22.87098,71.8261,,354.48,0.51,0.66,2025-03-13,733,N20,VIIRS,n,2,,315.1,14.73,D,0
23.08209,85.81252,,341.08,0.41,0.37,2025-03-13,733,N20,VIIRS,n,2,,313.06,3.68,D,0
23.25842,84.36916,,342.82,0.39,0.36,2025-03-13,733,N20,VIIRS,n,2,,308.13,4.55,D,0
23.47767,81.2281,,353.09,0.43,0.38,2025-03-13,733,N20,VIIRS,l,2,,325.49,41.47,D,0
23.61526,85.97897,,334.46,0.42,0.38,2025-03-13,733,N20,VIIRS,l,2,,309.35,1.7,D,0
23.71506,84.99168,,343.84,0.4,0.37,2025-03-13,733,N20,VIIRS,n,2,,310.36,6.63,D,0
23.81232,77.33663,,343.25,0.44,0.46,2025-03-13,733,N20,VIIRS,l,2,,318.1,4.28,D,0
24.2881,87.50713,,342.72,0.49,0.4,2025-03-13,733,N20,VIIRS,n,2,,313.52,5.12,D,0
24.61008,73.76963,,341.67,0.35,0.57,2025-03-13,734,N20,VIIRS,n,2,,310.57,6.03,D,0
28.97664,70.83665,,347.89,0.42,0.61,2025-03-13,735,N20,VIIRS,n,2,,302.58,6.26,D,0
31.79839,70.99201,,350.94,0.36,0.57,2025-03-13,736,N20,VIIRS,n,2,,300.48,5.24,D,0
20.97079,70.79916,,367,0.51,0.66,2025-03-13,913,N20,VIIRS,h,2,,316.46,8.25,D,0
29.08415,88.01182,,296.81,0.41,0.37,2025-03-13,1959,N20,VIIRS,n,2,,270.02,0.91,N,2
23.71822,86.43876,,306.79,0.41,0.37,2025-03-13,2000,N20,VIIRS,n,2,,294.19,1.06,N,2
23.78909,86.37096,,313.76,0.41,0.37,2025-03-13,2000,N20,VIIRS,n,2,,297.16,1.73,N,2
24.52281,87.38276,,306.1,0.43,0.38,2025-03-13,2000,N20,VIIRS,n,2,,291.98,0.88,N,0
25.26374,84.89427,,311.95,0.38,0.36,2025-03-13,2000,N20,VIIRS,n,2,,291.07,0.75,N,0
25.58799,85.23496,,304.36,0.38,0.36,2025-03-13,2000,N20,VIIRS,n,2,,294.22,2.42,N,0
20.10836,84.43338,,308.36,0.39,0.36,2025-03-13,2001,N20,VIIRS,n,2,,295.07,1.41,N,0
20.26232,84.78551,,314.4,0.39,0.36,2025-03-13,2001,N20,VIIRS,n,2,,297.2,2.34,N,0
20.4876,84.57291,,312.51,0.39,0.36,2025-03-13,2001,N20,VIIRS,n,2,,298.25,2.99,N,0
20.66374,83.88033,,311.09,0.38,0.36,2025-03-13,2001,N20,VIIRS,n,2,,299,1.27,N,0
20.8763,83.7151,,343.77,0.38,0.36,2025-03-13,2001,N20,VIIRS,n,2,,301.04,4.84,N,0
21.06182,81.03948,,306.18,0.44,0.38,2025-03-13,2001,N20,VIIRS,n,2,,295.7,0.82,N,0
21.20383,84.94398,,310.64,0.39,0.36,2025-03-13,2001,N20,VIIRS,n,2,,296.52,1.1,N,0
21.30664,82.21082,,313.01,0.4,0.37,2025-03-13,2001,N20,VIIRS,n,2,,293.91,0.97,N,0
21.45037,80.65136,,306.07,0.46,0.39,2025-03-13,2001,N20,VIIRS,n,2,,295.66,2.16,N,0
21.56132,82.8203,,308.07,0.39,0.36,2025-03-13,2001,N20,VIIRS,n,2,,296.85,1.95,N,0
21.69375,84.65318,,309.92,0.39,0.36,2025-03-13,2001,N20,VIIRS,n,2,,298.01,2.54,N,0
21.79748,76.96119,,304.6,0.49,0.49,2025-03-13,2001,N20,VIIRS,n,2,,293.79,1.35,N,0
21.90867,83.68388,,305.51,0.38,0.36,2025-03-13,2001,N20,VIIRS,n,2,,293.63,0.78,N,0
22.04023,83.73376,,348.26,0.38,0.36,2025-03-13,2001,N20,VIIRS,n,2,,304.28,8.15,N,2
22.13941,82.76968,,308.8,0.4,0.37,2025-03-13,2001,N20,VIIRS,n,2,,297.85,1.33,N,0
22.2143,84.86629,,328.33,0.39,0.36,2025-03-13,2001,N20,VIIRS,n,2,,295.24,2.14,N,2
22.29829,81.38191,,334.69,0.43,0.38,2025-03-13,2001,N20,VIIRS,n,2,,294.65,3.17,N,0
22.37571,79.37711,,305.07,0.54,0.42,2025-03-13,2001,N20,VIIRS,n,2,,291.84,0.96,N,0
22.54977,85.21238,,314.7,0.39,0.36,2025-03-13,2001,N20,VIIRS,n,2,,295.45,2.3,N,0
22.71947,78.6276,,308.12,0.4,0.44,2025-03-13,2001,N20,VIIRS,n,2,,296,1.89,N,0
22.82381,77.62926,,307.91,0.46,0.47,2025-03-13,2001,N20,VIIRS,n,2,,294.85,1.19,N,0
22.93378,77.23966,,306.45,0.49,0.49,2025-03-13,2001,N20,VIIRS,n,2,,292.29,1.03,N,0
23.25689,84.37115,,306.4,0.38,0.36,2025-03-13,2001,N20,VIIRS,n,2,,291.74,0.5,N,0
23.4917,82.4294,,306.19,0.41,0.37,2025-03-13,2001,N20,VIIRS,n,2,,292.88,0.66,N,0
23.565,82.74401,,308.72,0.4,0.37,2025-03-13,2001,N20,VIIRS,n,2,,293.95,0.87,N,0
23.68129,81.30291,,304.7,0.45,0.39,2025-03-13,2001,N20,VIIRS,n,2,,290.65,0.69,N,0
24.44676,73.66825,,320.99,0.43,0.62,2025-03-13,2001,N20,VIIRS,n,2,,292.61,2.86,N,0
18.17092,73.5215,,304.08,0.37,0.58,2025-03-13,2002,N20,VIIRS,n,2,,292.47,0.55,N,0
18.50784,80.69785,,324.44,0.43,0.38,2025-03-13,2002,N20,VIIRS,n,2,,298.5,2.41,N,0
19.01965,74.98872,,308.32,0.61,0.54,2025-03-13,2002,N20,VIIRS,n,2,,293.37,2.26,N,0
19.27497,84.4072,,310.88,0.39,0.36,2025-03-13,2002,N20,VIIRS,n,2,,296.99,1.34,N,0
19.5382,83.61643,,308.75,0.38,0.36,2025-03-13,2002,N20,VIIRS,n,2,,296.15,1.02,N,0
19.67704,84.04783,,304.92,0.39,0.36,2025-03-13,2002,N20,VIIRS,n,2,,293.45,0.61,N,0
19.77854,84.0735,,306.35,0.39,0.36,2025-03-13,2002,N20,VIIRS,n,2,,292.37,1.1,N,0
19.97136,84.25008,,306.32,0.39,0.36,2025-03-13,2002,N20,VIIRS,n,2,,294.55,1.12,N,0
20.34207,80.13181,,309.4,0.47,0.4,2025-03-13,2002,N20,VIIRS,n,2,,297.53,1.77,N,0
14.62726,77.92542,,313.69,0.53,0.42,2025-03-13,2003,N20,VIIRS,n,2,,297.68,2.94,N,0
15.77016,78.73919,,311.93,0.49,0.4,2025-03-13,2003,N20,VIIRS,n,2,,296.46,1.44,N,0
12.80691,77.43449,,316.65,0.53,0.42,2025-03-13,2004,N20,VIIRS,n,2,,292.06,2.2,N,0
12.93733,77.93974,,356.03,0.67,0.74,2025-03-14,711,N20,VIIRS,n,2,,310.02,17.21,D,0
14.06924,78.07969,,367,0.62,0.71,2025-03-14,712,N20,VIIRS,h,2,,308.23,19.28,D,0
15.25746,77.85735,,334.94,0.61,0.71,2025-03-14,712,N20,VIIRS,l,2,,306.48,0.83,D,0
16.66903,78.86183,,335.15,0.49,0.65,2025-03-14,712,N20,VIIRS,l,2,,309.77,3.15,D,0
17.33172,77.97632,,338.71,0.54,0.68,2025-03-14,713,N20,VIIRS,n,2,,304.75,4.23,D,0
18.15309,80.25784,,347.36,0.37,0.58,2025-03-14,713,N20,VIIRS,n,2,,303.88,4.5,D,0
18.46707,82.37733,,347.4,0.53,0.5,2025-03-14,713,N20,VIIRS,n,2,,303.56,12.89,D,0
18.81194,80.76979,,331.97,0.33,0.55,2025-03-14,713,N20,VIIRS,l,2,,306.47,3.03,D,0
19.04911,79.97944,,331.07,0.37,0.58,2025-03-14,713,N20,VIIRS,l,2,,303.77,2.83,D,0
19.30556,78.78448,,336.8,0.44,0.62,2025-03-14,713,N20,VIIRS,l,2,,307.09,3.57,D,0
19.62107,79.90062,,346.18,0.36,0.58,2025-03-14,713,N20,VIIRS,n,2,,305.79,3.76,D,0
19.81311,82.62399,,331.6,0.48,0.48,2025-03-14,713,N20,VIIRS,l,2,,306.04,0.81,D,0
20.04204,80.14033,,336.12,0.35,0.56,2025-03-14,713,N20,VIIRS,l,2,,307.83,2.57,D,0
20.29103,84.51391,,338.31,0.55,0.43,2025-03-14,713,N20,VIIRS,l,2,,311.68,2.3,D,0
20.51698,80.70419,,343.59,0.62,0.54,2025-03-14,713,N20,VIIRS,n,2,,309.53,9.64,D,0
20.68795,84.24822,,339.05,0.56,0.43,2025-03-14,713,N20,VIIRS,n,2,,310.56,4.77,D,0
20.89772,83.25967,,333.53,0.42,0.45,2025-03-14,713,N20,VIIRS,l,2,,307.62,2.49,D,0
21.10101,84.93063,,345.3,0.51,0.41,2025-03-14,713,N20,VIIRS,n,2,,311.85,6.42,D,0
21.28081,82.35604,,347.13,0.47,0.48,2025-03-14,713,N20,VIIRS,n,2,,309.01,6.67,D,0
21.49395,82.00287,,347.35,0.49,0.49,2025-03-14,713,N20,VIIRS,n,2,,313.9,18.63,D,0
21.68948,83.05141,,343.04,0.42,0.45,2025-03-14,713,N20,VIIRS,l,2,,315.58,5.14,D,0
21.80969,84.31866,,348.3,0.53,0.42,2025-03-14,713,N20,VIIRS,n,2,,311.93,9.71,D,0
21.95378,85.46255,,338.05,0.47,0.39,2025-03-14,713,N20,VIIRS,l,2,,312.54,3.55,D,0
22.36525,86.03933,,339.2,0.44,0.38,2025-03-14,713,N20,VIIRS,l,2,,313.19,5.26,D,0
21.45856,78.80526,,337.14,0.39,0.6,2025-03-14,714,N20,VIIRS,l,2,,310,3.11,D,0
21.75667,78.46419,,341.74,0.41,0.6,2025-03-14,714,N20,VIIRS,l,2,,312.56,4.41,D,0
22.00152,78.63454,,337.29,0.39,0.6,2025-03-14,714,N20,VIIRS,l,2,,308.85,3.21,D,0
22.20736,82.74375,,342.23,0.43,0.46,2025-03-14,714,N20,VIIRS,l,2,,315.63,5.34,D,0
22.30577,76.25944,,338.92,0.55,0.68,2025-03-14,714,N20,VIIRS,l,2,,310.32,5.01,D,0
22.4681,82.09635,,335.86,0.47,0.47,2025-03-14,714,N20,VIIRS,l,2,,310.16,3.01,D,0
22.72732,83.93948,,344.19,0.54,0.42,2025-03-14,714,N20,VIIRS,l,2,,314.77,5.03,D,0
22.86976,84.24625,,352.48,0.52,0.41,2025-03-14,714,N20,VIIRS,n,2,,308.83,9.92,D,0
23.1296,85.09958,,343.12,0.47,0.4,2025-03-14,714,N20,VIIRS,n,2,,314.99,3.86,D,0
23.30647,86.64064,,339.37,0.41,0.37,2025-03-14,714,N20,VIIRS,l,2,,313.78,4.04,D,0
23.43128,82.24109,,337.47,0.44,0.46,2025-03-14,714,N20,VIIRS,n,2,,308.83,4.74,D,0
23.54821,87.18061,,339.07,0.4,0.37,2025-03-14,714,N20,VIIRS,l,2,,313.86,5.33,D,0
23.66405,87.15914,,344.8,0.4,0.37,2025-03-14,714,N20,VIIRS,n,2,,318.63,5.46,D,0
23.75904,86.40223,,347.5,0.41,0.37,2025-03-14,714,N20,VIIRS,l,2,,319.51,6.65,D,2
23.88454,85.97316,,352.04,0.42,0.38,2025-03-14,714,N20,VIIRS,n,2,,312.45,5.87,D,0
24.66418,83.64169,,337.74,0.52,0.42,2025-03-14,714,N20,VIIRS,l,2,,311.06,4.88,D,0
27.52399,79.53705,,338.19,0.53,0.5,2025-03-14,715,N20,VIIRS,n,2,,303.57,2.74,D,0
12.41733,77.72437,,336.65,0.56,0.69,2025-03-14,852,N20,VIIRS,n,2,,306.98,3.52,D,0
13.18946,79.34683,,367,0.73,0.76,2025-03-14,852,N20,VIIRS,h,2,,304.37,19.44,D,0
13.85257,78.44929,,336.19,0.65,0.73,2025-03-14,852,N20,VIIRS,l,2,,306.63,5.67,D,0
15.01325,78.85879,,331.13,0.71,0.75,2025-03-14,852,N20,VIIRS,l,2,,306.01,5.27,D,0
16.02989,74.37943,,367,0.37,0.58,2025-03-14,853,N20,VIIRS,h,2,,307.19,7.69,D,0
17.43235,73.81508,,331.74,0.35,0.57,2025-03-14,853,N20,VIIRS,l,2,,302.24,4.47,D,0
18.13726,73.73833,,336.62,0.36,0.57,2025-03-14,853,N20,VIIRS,n,2,,307.83,2.26,D,0
18.96933,75.44391,,337.84,0.47,0.64,2025-03-14,854,N20,VIIRS,l,2,,310.66,2.87,D,0
19.77049,72.69534,,367,0.32,0.54,2025-03-14,854,N20,VIIRS,h,2,,309.88,7.19,D,0
20.83389,70.67551,,344.09,0.49,0.48,2025-03-14,854,N20,VIIRS,n,2,,313.71,4.36,D,0
21.57544,75.97467,,367,0.55,0.68,2025-03-14,854,N20,VIIRS,h,2,,313.57,9.43,D,0
22.38053,76.51429,,339.9,0.61,0.71,2025-03-14,854,N20,VIIRS,n,2,,308.59,14.3,D,0
23.09382,74.45186,,343.04,0.45,0.63,2025-03-14,855,N20,VIIRS,n,2,,312.42,6.16,D,0
24.50418,73.78806,,367,0.43,0.62,2025-03-14,855,N20,VIIRS,h,2,,311.65,9.6,D,0
24.47497,87.51353,,302.73,0.41,0.37,2025-03-14,1941,N20,VIIRS,n,2,,290.76,0.53,N,0
20.9721,85.14091,,313.88,0.46,0.39,2025-03-14,1942,N20,VIIRS,n,2,,298.83,2.78,N,2
21.43557,82.73512,,319.51,0.42,0.45,2025-03-14,1942,N20,VIIRS,n,2,,298.52,2.51,N,0
21.6876,82.17873,,309.22,0.46,0.47,2025-03-14,1942,N20,VIIRS,n,2,,293.89,1.34,N,0
21.90168,84.52377,,309.74,0.51,0.41,2025-03-14,1942,N20,VIIRS,n,2,,298.06,2.1,N,0
22.05954,84.70419,,310.17,0.5,0.41,2025-03-14,1942,N20,VIIRS,n,2,,294.69,2.2,N,0
22.25762,85.20704,,307.39,0.48,0.4,2025-03-14,1942,N20,VIIRS,n,2,,295.95,1.83,N,0
22.42771,76.54826,,306.58,0.54,0.68,2025-03-14,1942,N20,VIIRS,n,2,,291.35,1.13,N,0
22.81035,86.0905,,307.34,0.44,0.38,2025-03-14,1942,N20,VIIRS,n,2,,296.6,2.52,N,2
23.16783,82.33431,,333.89,0.47,0.48,2025-03-14,1942,N20,VIIRS,n,2,,296.07,3.4,N,2
23.56175,81.82729,,310.07,0.51,0.5,2025-03-14,1942,N20,VIIRS,n,2,,293.14,2.24,N,0
23.72264,82.00669,,304.56,0.5,0.49,2025-03-14,1942,N20,VIIRS,n,2,,292.77,1.5,N,0
23.81212,85.7076,,305.22,0.47,0.4,2025-03-14,1942,N20,VIIRS,n,2,,294.27,1.42,N,0
18.73591,73.58533,,300.42,0.78,0.78,2025-03-14,1943,N20,VIIRS,n,2,,290.04,1.75,N,0
19.51299,78.23125,,312.33,0.39,0.59,2025-03-14,1943,N20,VIIRS,n,2,,294.8,1.45,N,0
19.9906,84.32899,,307.8,0.5,0.41,2025-03-14,1943,N20,VIIRS,n,2,,296.6,2.27,N,0
20.22422,81.88259,,313.5,0.46,0.47,2025-03-14,1943,N20,VIIRS,n,2,,296.07,1.14,N,0
20.37798,81.91325,,315.6,0.46,0.47,2025-03-14,1943,N20,VIIRS,n,2,,296.89,2.6,N,0
21.0317,78.63997,,304.06,0.38,0.59,2025-03-14,1943,N20,VIIRS,n,2,,291.42,1.42,N,0
15.14455,75.80859,,334.72,0.5,0.66,2025-03-14,1944,N20,VIIRS,n,2,,295.11,2.99,N,0
12.25016,77.54772,,316.74,0.35,0.57,2025-03-14,1945,N20,VIIRS,n,2,,293.19,1.09,N,0
14.05516,77.89679,,317.73,0.35,0.57,2025-03-14,1945,N20,VIIRS,n,2,,295.3,1.56,N,0
20.62153,73.93793,,309.83,0.44,0.62,2025-03-14,2123,N20,VIIRS,n,2,,291.01,0.97,N,0
22.41027,76.00594,,307.22,0.54,0.68,2025-03-14,2123,N20,VIIRS,n,2,,291.93,2.22,N,0
19.58107,73.02648,,309.79,0.4,0.6,2025-03-14,2124,N20,VIIRS,n,2,,290.02,0.72,N,0
18.98544,81.10963,,330.26,0.64,0.72,2025-03-15,654,N20,VIIRS,l,2,,302.21,2.31,D,0
19.9516,82.42226,,341.09,0.5,0.66,2025-03-15,654,N20,VIIRS,n,2,,306.45,7.39,D,0
20.72962,82.79491,,367,0.46,0.63,2025-03-15,654,N20,VIIRS,h,2,,306.2,3.54,D,0
21.36128,85.70464,,334.38,0.58,0.52,2025-03-15,654,N20,VIIRS,l,2,,304.39,5.91,D,0
21.31313,82.29469,,352.46,0.48,0.64,2025-03-15,655,N20,VIIRS,n,2,,304.44,6.57,D,0
21.59301,84.85994,,338.4,0.32,0.55,2025-03-15,655,N20,VIIRS,n,2,,311.76,8.08,D,0
21.85699,84.07509,,339.07,0.36,0.57,2025-03-15,655,N20,VIIRS,l,2,,310.89,41.88,D,0
22.04448,82.0373,,334.54,0.48,0.65,2025-03-15,655,N20,VIIRS,l,2,,308.77,5.31,D,0
22.29626,84.69048,,347.13,0.32,0.55,2025-03-15,655,N20,VIIRS,n,2,,310.72,3.54,D,0
22.60013,83.44778,,344.17,0.38,0.59,2025-03-15,655,N20,VIIRS,n,2,,312.74,2.81,D,0
23.15842,78.57102,,334.54,0.74,0.76,2025-03-15,655,N20,VIIRS,n,2,,301.2,5.47,D,0
23.52104,82.28831,,338.46,0.43,0.62,2025-03-15,655,N20,VIIRS,n,2,,307.07,2.77,D,0
23.71203,85.64147,,338.18,0.52,0.5,2025-03-15,655,N20,VIIRS,l,2,,310.08,3.27,D,0
23.89263,85.96513,,338.91,0.5,0.49,2025-03-15,655,N20,VIIRS,n,2,,308.2,3.62,D,0
24.10978,78.89033,,338.29,0.67,0.74,2025-03-15,656,N20,VIIRS,n,2,,303.32,3.58,D,0
10.47751,76.51728,,348.2,0.42,0.45,2025-03-15,832,N20,VIIRS,n,2,,308.14,6.21,D,0
12.56324,76.94993,,330.75,0.47,0.48,2025-03-15,833,N20,VIIRS,l,2,,305.42,1,D,0
12.97285,76.82764,,345.01,0.47,0.48,2025-03-15,833,N20,VIIRS,n,2,,316.68,13.42,D,0
13.32371,76.59263,,343.29,0.46,0.47,2025-03-15,833,N20,VIIRS,l,2,,316.14,8.26,D,0
13.68411,78.91093,,367,0.33,0.55,2025-03-15,833,N20,VIIRS,h,2,,314.81,6.51,D,0
14.04467,77.88349,,367,0.57,0.52,2025-03-15,833,N20,VIIRS,l,2,,332.19,88.88,D,0
14.80284,79.04616,,353.97,0.35,0.57,2025-03-15,833,N20,VIIRS,n,2,,321.36,18.45,D,0
15.28892,78.81931,,332.83,0.34,0.56,2025-03-15,833,N20,VIIRS,l,2,,307.26,1.6,D,0
15.70979,78.81892,,345.23,0.35,0.57,2025-03-15,834,N20,VIIRS,n,2,,307.55,4.62,D,0
16.12296,79.03568,,344.92,0.37,0.58,2025-03-15,834,N20,VIIRS,n,2,,307.37,4.53,D,0
17.31593,79.45322,,340.75,0.4,0.6,2025-03-15,834,N20,VIIRS,n,2,,308.64,5.73,D,0
17.85537,80.06059,,353.72,0.45,0.63,2025-03-15,834,N20,VIIRS,n,2,,307.2,7.12,D,0
18.18442,78.3689,,342.39,0.35,0.57,2025-03-15,834,N20,VIIRS,n,2,,306.76,5.38,D,0
18.38009,81.08077,,346.65,0.53,0.67,2025-03-15,834,N20,VIIRS,n,2,,304.71,4.4,D,0
18.65134,77.81355,,337.14,0.33,0.55,2025-03-15,834,N20,VIIRS,l,2,,308.91,7.1,D,0
19.05123,80.63748,,334.79,0.51,0.66,2025-03-15,834,N20,VIIRS,n,2,,303.46,5.64,D,0
19.0607,74.60683,,340.33,0.41,0.45,2025-03-15,835,N20,VIIRS,l,2,,314.47,3.41,D,0
19.42097,77.83819,,343.07,0.33,0.56,2025-03-15,835,N20,VIIRS,n,2,,308.2,3.63,D,0
19.7268,79.85017,,335.07,0.46,0.63,2025-03-15,835,N20,VIIRS,n,2,,304.56,2.97,D,0
20.04517,77.64952,,333.12,0.33,0.55,2025-03-15,835,N20,VIIRS,l,2,,307.87,1.26,D,0
20.40236,78.26823,,341.18,0.37,0.58,2025-03-15,835,N20,VIIRS,n,2,,309.29,4.5,D,0
21.00656,80.45863,,337.59,0.52,0.67,2025-03-15,835,N20,VIIRS,n,2,,301.83,6.39,D,0
21.25708,78.49146,,367,0.39,0.59,2025-03-15,835,N20,VIIRS,h,2,,308.9,10.1,D,0
21.51992,78.79147,,341.71,0.41,0.61,2025-03-15,835,N20,VIIRS,n,2,,309.71,4.8,D,0
21.74658,79.53688,,342.03,0.46,0.64,2025-03-15,835,N20,VIIRS,n,2,,304.47,4.96,D,0
22.04657,81.13386,,335.43,0.59,0.7,2025-03-15,835,N20,VIIRS,n,2,,303.2,3.75,D,0
22.37809,69.74306,,347.19,0.4,0.37,2025-03-15,836,N20,VIIRS,n,2,,315.05,6.6,D,0
22.73806,79.26569,,340.34,0.45,0.63,2025-03-15,836,N20,VIIRS,n,2,,307.44,5.8,D,0
22.88883,77.17445,,350.76,0.33,0.56,2025-03-15,836,N20,VIIRS,n,2,,308.54,3.21,D,0
23.33097,81.79697,,336.11,0.67,0.73,2025-03-15,836,N20,VIIRS,n,2,,302.79,3.66,D,0
23.68523,78.96101,,335.8,0.44,0.63,2025-03-15,836,N20,VIIRS,n,2,,308.02,1.56,D,0
24.07979,80.05078,,367,0.53,0.67,2025-03-15,836,N20,VIIRS,h,2,,306.01,10.4,D,0
24.68841,73.71546,,334.95,0.43,0.46,2025-03-15,836,N20,VIIRS,l,2,,309.76,2.32,D,0
31.34411,70.72385,,331.52,0.53,0.42,2025-03-15,838,N20,VIIRS,n,2,,298.82,4.06,D,0
21.741,82.30853,,306.72,0.46,0.64,2025-03-15,1923,N20,VIIRS,n,2,,290.73,1.1,N,0
21.95534,81.40285,,303.07,0.53,0.67,2025-03-15,1923,N20,VIIRS,n,2,,289.97,0.86,N,0
22.36555,87.29932,,322.35,0.45,0.47,2025-03-15,1923,N20,VIIRS,n,2,,297.43,3.22,N,2
23.61645,82.87509,,305.12,0.44,0.63,2025-03-15,1923,N20,VIIRS,n,2,,290.82,1.43,N,0
23.82495,84.93038,,319.25,0.33,0.55,2025-03-15,1923,N20,VIIRS,n,2,,291.71,1.4,N,2
20.05235,84.37328,,306.94,0.32,0.55,2025-03-15,1924,N20,VIIRS,n,2,,293.61,1.58,N,0
20.894,83.59597,,321.44,0.37,0.58,2025-03-15,1924,N20,VIIRS,n,2,,293.87,3,N,0
13.99781,78.29962,,317.76,0.69,0.74,2025-03-15,1926,N20,VIIRS,n,2,,294.46,3.1,N,0
24.69241,74.68021,,305.39,0.41,0.45,2025-03-15,2103,N20,VIIRS,n,2,,294.67,1.7,N,0
23.11387,70.08646,,305.52,0.4,0.37,2025-03-15,2104,N20,VIIRS,n,2,,294.95,0.98,N,2
19.10091,73.05016,,307.33,0.41,0.45,2025-03-15,2105,N20,VIIRS,n,2,,293.23,1.42,N,2
20.63014,84.42603,,338.69,0.73,0.76,2025-03-16,636,N20,VIIRS,n,2,,297.86,8.43,D,0
10.93078,78.18116,,337.25,0.43,0.38,2025-03-16,813,N20,VIIRS,n,2,,302.98,3.15,D,0
12.67447,78.28187,,335.95,0.45,0.39,2025-03-16,814,N20,VIIRS,n,2,,307.06,3.11,D,0
13.13642,77.72279,,339.99,0.43,0.38,2025-03-16,814,N20,VIIRS,l,2,,314.68,4.77,D,0
13.56991,79.83433,,330.83,0.56,0.43,2025-03-16,814,N20,VIIRS,l,2,,303.57,3.04,D,0
14.78451,79.15614,,351.68,0.53,0.42,2025-03-16,814,N20,VIIRS,n,2,,316.96,9.91,D,0
15.39894,74.77451,,339.9,0.38,0.36,2025-03-16,815,N20,VIIRS,l,2,,314.85,2.22,D,0
15.72619,78.70911,,348.71,0.51,0.41,2025-03-16,815,N20,VIIRS,n,2,,315.03,11.63,D,0
16.04176,78.90163,,349.14,0.53,0.42,2025-03-16,815,N20,VIIRS,n,2,,318.18,12.1,D,0
16.37101,79.42654,,347.47,0.38,0.43,2025-03-16,815,N20,VIIRS,n,2,,321.02,5.97,D,0
17.32949,80.61279,,349.2,0.47,0.47,2025-03-16,815,N20,VIIRS,n,2,,310.07,9.5,D,0
17.66299,80.22474,,346.39,0.44,0.46,2025-03-16,815,N20,VIIRS,n,2,,318.18,4.94,D,0
17.86297,73.89559,,340.79,0.38,0.36,2025-03-16,815,N20,VIIRS,l,2,,314.43,4.28,D,0
18.02225,82.25083,,354.76,0.61,0.53,2025-03-16,815,N20,VIIRS,n,2,,312.84,17.14,D,0
18.1356,80.39755,,335.92,0.46,0.47,2025-03-16,815,N20,VIIRS,l,2,,309.07,4.64,D,0
18.21507,82.70132,,336.63,0.33,0.55,2025-03-16,815,N20,VIIRS,n,2,,305.5,1.42,D,0
18.30847,80.6095,,338.99,0.48,0.48,2025-03-16,815,N20,VIIRS,l,2,,309.29,5.01,D,0
18.422,81.52924,,337.98,0.55,0.51,2025-03-16,815,N20,VIIRS,l,2,,310.56,7.02,D,0
18.54551,80.82491,,334.87,0.5,0.49,2025-03-16,815,N20,VIIRS,n,2,,306.59,5.51,D,0
18.74569,83.42471,,332.43,0.37,0.58,2025-03-16,815,N20,VIIRS,l,2,,306.58,2.44,D,0
18.89756,80.22749,,333.88,0.46,0.47,2025-03-16,815,N20,VIIRS,l,2,,307.99,2.28,D,0
19.2493,84.28922,,345.23,0.43,0.62,2025-03-16,815,N20,VIIRS,n,2,,304.26,5.11,D,0
18.88747,74.09181,,351.55,0.38,0.36,2025-03-16,816,N20,VIIRS,n,2,,320.14,19.61,D,0
19.03367,80.0867,,333.44,0.45,0.47,2025-03-16,816,N20,VIIRS,l,2,,308.16,4.32,D,0
19.19017,78.53517,,344.3,0.55,0.43,2025-03-16,816,N20,VIIRS,l,2,,315.43,17.59,D,0
19.31319,80.18664,,349.8,0.46,0.47,2025-03-16,816,N20,VIIRS,n,2,,309.45,7.62,D,0
19.47927,79.89339,,342,0.45,0.47,2025-03-16,816,N20,VIIRS,n,2,,310.25,6.89,D,0
19.60379,76.78355,,341.27,0.45,0.39,2025-03-16,816,N20,VIIRS,l,2,,315.69,4.6,D,0
19.71921,82.54477,,332.22,0.33,0.56,2025-03-16,816,N20,VIIRS,l,2,,303.5,1.12,D,0
19.82032,84.68305,,338.29,0.46,0.64,2025-03-16,816,N20,VIIRS,n,2,,304.2,4.19,D,0
19.91455,80.69645,,343.21,0.51,0.49,2025-03-16,816,N20,VIIRS,n,2,,309,5.25,D,0
19.99965,80.32643,,331.29,0.48,0.48,2025-03-16,816,N20,VIIRS,l,2,,305.25,1.34,D,0
20.11058,80.48189,,331.14,0.5,0.49,2025-03-16,816,N20,VIIRS,l,2,,304.63,5.41,D,0
20.23294,77.99866,,338.27,0.53,0.42,2025-03-16,816,N20,VIIRS,l,2,,313.17,2.88,D,0
20.35719,75.31313,,339.67,0.41,0.37,2025-03-16,816,N20,VIIRS,l,2,,310.45,4.02,D,0
20.51827,73.46915,,346.84,0.38,0.36,2025-03-16,816,N20,VIIRS,n,2,,310.81,3.05,D,0
20.70596,80.52903,,331.09,0.51,0.49,2025-03-16,816,N20,VIIRS,l,2,,304.45,1.98,D,0
20.9479,83.15032,,336.78,0.38,0.59,2025-03-16,816,N20,VIIRS,n,2,,306.17,2.1,D,0
21.15649,83.1711,,331.85,0.38,0.59,2025-03-16,816,N20,VIIRS,l,2,,303.25,2.31,D,0
21.3595,83.07431,,334.37,0.38,0.59,2025-03-16,816,N20,VIIRS,n,2,,303.43,2.7,D,0
21.6698,78.87711,,347.71,0.41,0.45,2025-03-16,816,N20,VIIRS,n,2,,307.65,6.74,D,0
21.93207,84.35271,,335.86,0.47,0.64,2025-03-16,816,N20,VIIRS,n,2,,300.71,4.55,D,0
22.20539,79.127,,337.94,0.43,0.46,2025-03-16,816,N20,VIIRS,l,2,,311.23,6.24,D,0
22.26575,77.57117,,338.02,0.53,0.42,2025-03-16,817,N20,VIIRS,l,2,,311.29,5.28,D,0
22.61283,79.98151,,334.5,0.5,0.49,2025-03-16,817,N20,VIIRS,l,2,,307.8,2.87,D,0
23.09258,73.57085,,337.06,0.39,0.36,2025-03-16,817,N20,VIIRS,l,2,,307.89,2.49,D,0
23.78817,81.47211,,350.53,0.32,0.55,2025-03-16,817,N20,VIIRS,n,2,,298.95,7.24,D,0
24.60102,73.30926,,333.25,0.39,0.36,2025-03-16,817,N20,VIIRS,l,2,,308.23,4.13,D,0
28.88106,80.25244,,345.61,0.61,0.54,2025-03-16,818,N20,VIIRS,n,2,,299.69,10.27,D,0
33.97562,72.05399,,332.85,0.41,0.37,2025-03-16,820,N20,VIIRS,l,2,,304.45,2.7,D,0
23.55013,86.54404,,301.33,0.52,0.67,2025-03-16,1904,N20,VIIRS,n,2,,288.29,1.23,N,2
20.97851,85.13751,,304.42,0.6,0.71,2025-03-16,1905,N20,VIIRS,n,2,,290.29,2.19,N,2
23.50897,82.64613,,307.17,0.34,0.56,2025-03-16,2044,N20,VIIRS,n,2,,288.94,1.47,N,0
19.55621,84.11765,,317.1,0.51,0.66,2025-03-16,2045,N20,VIIRS,n,2,,294.41,3.1,N,0
20.6612,80.09292,,303.4,0.53,0.5,2025-03-16,2045,N20,VIIRS,n,2,,292.61,0.91,N,0
21.34085,73.9524,,301.29,0.39,0.36,2025-03-16,2045,N20,VIIRS,n,2,,290.65,0.18,N,0
21.88153,83.55413,,308.7,0.42,0.61,2025-03-16,2045,N20,VIIRS,n,2,,291.71,1.28,N,2
22.31213,85.3065,,303.93,0.53,0.67,2025-03-16,2045,N20,VIIRS,n,2,,291.63,2.39,N,0
22.66455,79.37522,,299.25,0.44,0.46,2025-03-16,2045,N20,VIIRS,n,2,,287.07,0.83,N,0
23.39448,74.72302,,305.47,0.4,0.37,2025-03-16,2045,N20,VIIRS,n,2,,293.58,0.92,N,0
16.31765,80.46877,,308.36,0.34,0.56,2025-03-16,2046,N20,VIIRS,n,2,,296,1.18,N,0
18.39344,82.96839,,310.95,0.45,0.63,2025-03-16,2046,N20,VIIRS,n,2,,294.91,1.5,N,0
19.10251,79.12033,,312.61,0.49,0.49,2025-03-16,2046,N20,VIIRS,n,2,,295.04,1.54,N,0
19.5667,78.35706,,304.5,0.43,0.46,2025-03-16,2046,N20,VIIRS,n,2,,289.16,2.05,N,0
20.06835,75.8028,,311.08,0.46,0.39,2025-03-16,2046,N20,VIIRS,n,2,,289.55,1.17,N,0
15.8311,78.40594,,302.67,0.51,0.49,2025-03-16,2047,N20,VIIRS,n,2,,291.28,0.58,N,0
22.2978,80.1878,314.9,,1,1,2025-03-12,421,Terra,MODIS,31,61.03,304.2,,5.2,D,0
16.4428,73.7379,321.3,,1.7,1.3,2025-03-12,423,Terra,MODIS,25,61.03,307.6,,12.5,D,0
18.165,80.4368,324.3,,1.1,1,2025-03-12,852,Aqua,MODIS,49,61.03,312.2,,7,D,0
19.5587,84.1845,319.6,,1.1,1.1,2025-03-12,852,Aqua,MODIS,42,61.03,306.3,,6.1,D,0
20.0931,84.4633,322.5,,1.2,1.1,2025-03-12,853,Aqua,MODIS,54,61.03,309.1,,8.9,D,0
20.5644,82.4518,325.7,,1,1,2025-03-12,853,Aqua,MODIS,62,61.03,313.5,,7.8,D,0
21.0339,83.236,330.6,,1.1,1,2025-03-12,853,Aqua,MODIS,75,61.03,315.9,,12.5,D,0
21.6137,83.229,325.9,,1.1,1,2025-03-12,853,Aqua,MODIS,55,61.03,315.4,,9.3,D,0
22.04,83.7262,344.1,,1.1,1.1,2025-03-12,853,Aqua,MODIS,90,61.03,318.2,,38.6,D,2
22.4487,86.8385,327.9,,1.8,1.3,2025-03-12,853,Aqua,MODIS,75,61.03,310,,30.8,D,0
23.5312,81.8244,332.3,,1,1,2025-03-12,854,Aqua,MODIS,78,61.03,311.2,,17.7,D,0
28.4792,80.6435,316.7,,1,1,2025-03-12,855,Aqua,MODIS,55,61.03,303.5,,7.9,D,0
20.2424,76.4389,321.1,,2.2,1.4,2025-03-13,501,Terra,MODIS,50,61.03,307,,19.1,D,0
13.9046,78.459,332.5,,1.7,1.3,2025-03-13,930,Aqua,MODIS,70,61.03,317.6,,26,D,0
19.5888,73.0498,327.3,,1,1,2025-03-13,932,Aqua,MODIS,62,61.03,312.9,,7.6,D,0
22.6803,76.9109,330.6,,1.8,1.3,2025-03-13,933,Aqua,MODIS,52,61.03,316.8,,22.3,D,0
28.7558,71.0355,327.2,,1,1,2025-03-13,934,Aqua,MODIS,63,61.03,310,,13.7,D,0
22.6794,79.4926,309.2,,1,1,2025-03-13,1555,Terra,MODIS,77,61.03,294.6,,8.4,N,0
23.3281,83.2301,316,,1.1,1,2025-03-14,402,Terra,MODIS,44,61.03,304,,5.2,D,0
12.916,78.6577,328.4,,4.2,1.9,2025-03-14,831,Aqua,MODIS,77,61.03,306.7,,127.6,D,0
20.0614,82.2752,325.6,,1.6,1.2,2025-03-14,833,Aqua,MODIS,57,61.03,306.7,,22.9,D,0
21.2406,83.0035,327.2,,1.3,1.2,2025-03-14,833,Aqua,MODIS,30,61.03,313.1,,11,D,0
22.0693,86.5692,322.7,,1,1,2025-03-14,833,Aqua,MODIS,66,61.03,308.8,,6.9,D,0
22.3779,83.1486,322.5,,1.3,1.1,2025-03-14,834,Aqua,MODIS,51,61.03,309.3,,10.9,D,0
23.4189,79.4061,339.9,,2.2,1.4,2025-03-14,834,Aqua,MODIS,87,61.03,313.3,,83.3,D,0
24.0702,80.4268,337.1,,1.8,1.3,2025-03-14,834,Aqua,MODIS,84,61.03,314.9,,49.6,D,0
21.7425,73.0102,309,,1.2,1.1,2025-03-14,1634,Terra,MODIS,74,61.03,298.5,,8.5,N,2
22.6871,79.4288,320.1,,1.5,1.2,2025-03-15,442,Terra,MODIS,65,61.03,307.1,,10.4,D,0
12.2584,77.4752,335.6,,1.1,1,2025-03-15,910,Aqua,MODIS,66,61.03,318.2,,19.1,D,0
13.2226,79.5652,338.5,,1,1,2025-03-15,910,Aqua,MODIS,84,61.03,308.8,,29.4,D,0
14.2237,79.0195,327.2,,1,1,2025-03-15,911,Aqua,MODIS,45,61.03,315.2,,8.4,D,0
16.0422,78.4977,355,,1,1,2025-03-15,911,Aqua,MODIS,96,61.03,314.4,,58.5,D,0
18.2118,78.8257,323,,1,1,2025-03-15,912,Aqua,MODIS,45,61.03,310.5,,8.2,D,0
19.0057,80.0836,327.7,,1.2,1.1,2025-03-15,912,Aqua,MODIS,64,61.03,312.2,,11.8,D,0
20.274,80.0332,328.1,,1.2,1.1,2025-03-15,912,Aqua,MODIS,68,61.03,311.3,,13.7,D,0
21.6395,77.2921,356.6,,1,1,2025-03-15,913,Aqua,MODIS,97,61.03,316,,58.4,D,0
22.8717,77.1855,334.7,,1,1,2025-03-15,913,Aqua,MODIS,47,61.03,313.3,,14.5,D,0
24.2325,74.2362,328.3,,1.1,1,2025-03-15,913,Aqua,MODIS,73,61.03,314.1,,10.5,D,0
21.7962,84.7635,313.8,,1,1,2025-03-15,1535,Terra,MODIS,87,61.03,300,,9.2,N,0
23.0093,71.0183,318.7,,1.9,1.3,2025-03-16,521,Terra,MODIS,52,61.03,305.7,,12.7,D,0
21.7938,69.6321,336.3,,1.2,1.1,2025-03-16,952,Aqua,MODIS,78,61.03,313.5,,25.9,D,0
21.6613,76.9345,306.7,,1.1,1,2025-03-16,1615,Terra,MODIS,69,61.03,296,,5.9,N,0
12.76791,79.13383,,334.36,0.39,0.36,2025-03-17,755,N20,VIIRS,l,2,,308.76,1.67,D,0
14.03624,78.29613,,342.79,0.4,0.37,2025-03-17,755,N20,VIIRS,l,2,,317.47,9.29,D,0
15.44731,78.91,,367,0.39,0.36,2025-03-17,756,N20,VIIRS,l,2,,329.11,49.26,D,0
15.86556,78.9127,,346.01,0.39,0.36,2025-03-17,756,N20,VIIRS,l,2,,320.23,4.4,D,0
16.38664,79.21323,,347.47,0.38,0.36,2025-03-17,756,N20,VIIRS,l,2,,318.91,7.18,D,0
17.5159,80.79996,,335.99,0.41,0.37,2025-03-17,756,N20,VIIRS,l,2,,310.7,3.34,D,0
17.73585,82.40203,,345.67,0.48,0.4,2025-03-17,756,N20,VIIRS,n,2,,314.6,12.59,D,0
17.89864,80.61477,,334.86,0.41,0.37,2025-03-17,756,N20,VIIRS,l,2,,309.11,2.02,D,0
18.09867,82.32952,,341.2,0.48,0.4,2025-03-17,756,N20,VIIRS,l,2,,314.6,7.7,D,0
18.24687,80.40473,,332.91,0.4,0.37,2025-03-17,756,N20,VIIRS,l,2,,306.09,2.26,D,0
18.38694,81.70627,,337.01,0.45,0.39,2025-03-17,756,N20,VIIRS,l,2,,311.75,2.92,D,0
18.22964,78.67087,,337.47,0.38,0.36,2025-03-17,757,N20,VIIRS,l,2,,310.14,2.99,D,0
18.44613,78.28908,,337.71,0.39,0.36,2025-03-17,757,N20,VIIRS,n,2,,306.31,1.97,D,0
18.58939,80.82693,,336.67,0.42,0.38,2025-03-17,757,N20,VIIRS,l,2,,308.92,4.57,D,0
18.73079,82.56971,,341.32,0.5,0.41,2025-03-17,757,N20,VIIRS,l,2,,314.58,7.52,D,0
18.84491,80.63117,,335.76,0.41,0.37,2025-03-17,757,N20,VIIRS,l,2,,308.46,3.31,D,0
18.9185,80.78071,,339.07,0.42,0.38,2025-03-17,757,N20,VIIRS,n,2,,310.88,1.65,D,0
18.99567,73.39148,,354.84,0.39,0.44,2025-03-17,757,N20,VIIRS,n,2,,316.48,7.26,D,0
19.06197,80.73521,,348.18,0.42,0.38,2025-03-17,757,N20,VIIRS,n,2,,316.35,5.42,D,0
19.13802,77.16937,,336.98,0.4,0.37,2025-03-17,757,N20,VIIRS,l,2,,309.76,2.98,D,0
19.23298,80.21107,,340.69,0.41,0.37,2025-03-17,757,N20,VIIRS,n,2,,312.34,2.75,D,0
19.29388,81.16853,,334.09,0.44,0.38,2025-03-17,757,N20,VIIRS,l,2,,307.76,2.72,D,0
19.33988,80.84722,,334.97,0.42,0.38,2025-03-17,757,N20,VIIRS,l,2,,308.3,4.54,D,0
19.44845,78.31333,,333.39,0.38,0.36,2025-03-17,757,N20,VIIRS,l,2,,307.39,2.31,D,0
19.52339,82.64525,,336.71,0.51,0.41,2025-03-17,757,N20,VIIRS,l,2,,311.57,4.24,D,0
19.58769,81.15217,,342.84,0.44,0.38,2025-03-17,757,N20,VIIRS,n,2,,305.96,4.84,D,0
19.68265,83.80997,,341.32,0.4,0.44,2025-03-17,757,N20,VIIRS,n,2,,306.13,4.7,D,0
19.7475,80.0433,,337.5,0.4,0.37,2025-03-17,757,N20,VIIRS,n,2,,311.41,3.9,D,0
19.79082,80.05608,,355.28,0.4,0.37,2025-03-17,757,N20,VIIRS,n,2,,312.43,5.23,D,0
19.85765,80.32733,,335.46,0.41,0.37,2025-03-17,757,N20,VIIRS,l,2,,308.24,1.64,D,0
19.8984,79.95319,,341.95,0.4,0.37,2025-03-17,757,N20,VIIRS,n,2,,308.74,2.41,D,0
19.93144,80.35583,,348.22,0.41,0.37,2025-03-17,757,N20,VIIRS,n,2,,310.81,5.87,D,0
19.96743,80.51185,,336.56,0.42,0.38,2025-03-17,757,N20,VIIRS,n,2,,300.01,3.36,D,0
20.01611,80.38708,,332.32,0.41,0.37,2025-03-17,757,N20,VIIRS,l,2,,306.56,5.02,D,0
20.07691,80.47073,,337.24,0.42,0.37,2025-03-17,757,N20,VIIRS,l,2,,308.4,2.67,D,0
20.12796,80.0904,,341.65,0.41,0.37,2025-03-17,757,N20,VIIRS,n,2,,302.37,3.68,D,0
20.1901,80.10772,,346.4,0.41,0.37,2025-03-17,757,N20,VIIRS,n,2,,313.01,7.53,D,0
20.23375,83.23036,,338.04,0.56,0.43,2025-03-17,757,N20,VIIRS,n,2,,307.25,3.87,D,0
20.29004,77.14417,,339.09,0.39,0.36,2025-03-17,757,N20,VIIRS,l,2,,313.85,3.53,D,0
20.35185,80.04285,,367,0.41,0.37,2025-03-17,757,N20,VIIRS,h,2,,316.52,7.78,D,0
20.41714,80.45963,,341.6,0.42,0.38,2025-03-17,757,N20,VIIRS,n,2,,308.02,4.13,D,0
20.47148,79.53423,,348.17,0.4,0.37,2025-03-17,757,N20,VIIRS,n,2,,313.57,5.8,D,0
20.54198,82.32966,,337.94,0.51,0.41,2025-03-17,757,N20,VIIRS,l,2,,309.82,4.37,D,0
20.57706,80.47626,,333.59,0.42,0.38,2025-03-17,757,N20,VIIRS,l,2,,307.94,5.04,D,0
20.64721,79.72754,,349.95,0.4,0.37,2025-03-17,757,N20,VIIRS,n,2,,304.88,3.72,D,0
20.72641,82.66286,,341.62,0.53,0.42,2025-03-17,757,N20,VIIRS,n,2,,309.72,5.99,D,0
20.81163,80.40309,,337.59,0.42,0.38,2025-03-17,757,N20,VIIRS,l,2,,310.44,3.11,D,0
20.92437,84.14089,,342.45,0.43,0.46,2025-03-17,757,N20,VIIRS,n,2,,308.54,3.53,D,0
21.03203,84.10598,,335.86,0.43,0.46,2025-03-17,757,N20,VIIRS,n,2,,304.33,4.26,D,0
21.19343,83.01797,,348.52,0.56,0.43,2025-03-17,757,N20,VIIRS,n,2,,311.67,16.38,D,0
21.34959,81.90235,,343.72,0.49,0.4,2025-03-17,757,N20,VIIRS,n,2,,311.02,3.62,D,0
21.50964,83.12491,,333.03,0.38,0.43,2025-03-17,757,N20,VIIRS,l,2,,306.91,2.12,D,0
21.64516,82.25211,,333.79,0.52,0.41,2025-03-17,757,N20,VIIRS,l,2,,306.04,3.02,D,0
21.76219,83.28868,,330.84,0.4,0.44,2025-03-17,757,N20,VIIRS,l,2,,304.22,2.35,D,0
21.89157,84.31001,,336.8,0.46,0.47,2025-03-17,757,N20,VIIRS,n,2,,303.93,2.72,D,0
22.05574,83.07801,,330.08,0.39,0.44,2025-03-17,757,N20,VIIRS,l,2,,304.16,3.65,D,0
22.37167,86.6848,,339.3,0.33,0.55,2025-03-17,757,N20,VIIRS,n,2,,298.43,5.07,D,0
21.69739,75.22482,,339.7,0.43,0.38,2025-03-17,758,N20,VIIRS,n,2,,308.9,3.35,D,0
22.04062,74.16903,,335.71,0.48,0.4,2025-03-17,758,N20,VIIRS,n,2,,287.09,2.6,D,0
22.27234,74.09388,,351.92,0.48,0.4,2025-03-17,758,N20,VIIRS,n,2,,310.26,8.45,D,0
22.36607,76.44514,,339.69,0.4,0.37,2025-03-17,758,N20,VIIRS,n,2,,308.55,4.01,D,0
22.67118,79.38171,,336.97,0.4,0.37,2025-03-17,758,N20,VIIRS,l,2,,311.93,3.63,D,0
22.97009,77.97932,,336.27,0.39,0.36,2025-03-17,758,N20,VIIRS,n,2,,305.64,2.7,D,0
23.4536,80.47026,,353.69,0.45,0.39,2025-03-17,758,N20,VIIRS,n,2,,311.25,8.4,D,0
24.24935,74.49779,,339.83,0.43,0.38,2025-03-17,758,N20,VIIRS,l,2,,311.71,4.56,D,0
26.68495,86.99014,,338.21,0.38,0.59,2025-03-17,759,N20,VIIRS,n,2,,300.41,2.68,D,0
27.11602,87.22959,,367,0.4,0.6,2025-03-17,759,N20,VIIRS,h,2,,308.83,8.25,D,0
27.77989,84.37418,,340.94,0.54,0.51,2025-03-17,759,N20,VIIRS,n,2,,303.71,7.57,D,0
29.76095,78.40646,,337.23,0.43,0.38,2025-03-17,800,N20,VIIRS,n,2,,306.2,5.29,D,0
32.24011,75.46729,,332.25,0.38,0.36,2025-03-17,801,N20,VIIRS,n,2,,303.65,2.11,D,0
27.37376,84.8769,,299.67,0.4,0.44,2025-03-17,2024,N20,VIIRS,n,2,,287.45,0.36,N,0
32.45121,70.24927,,297.61,0.35,0.57,2025-03-17,2024,N20,VIIRS,n,2,,284.99,1.68,N,0
25.0503,86.46917,,305.48,0.55,0.51,2025-03-17,2025,N20,VIIRS,n,2,,291.16,0.69,N,0
26.97562,85.95144,,303.4,0.47,0.48,2025-03-17,2025,N20,VIIRS,n,2,,291.72,1.34,N,0
20.32832,83.24008,,311.46,0.43,0.46,2025-03-17,2026,N20,VIIRS,n,2,,294.54,3.15,N,0
20.90814,82.9341,,319.12,0.4,0.44,2025-03-17,2026,N20,VIIRS,n,2,,296.71,3.2,N,0
21.29606,84.22173,,305.78,0.47,0.48,2025-03-17,2026,N20,VIIRS,n,2,,284.67,2.66,N,0
21.71586,76.94639,,299.97,0.39,0.36,2025-03-17,2026,N20,VIIRS,n,2,,286.8,0.39,N,0
21.89204,84.73006,,309.05,0.49,0.49,2025-03-17,2026,N20,VIIRS,n,2,,293.1,1.49,N,0
22.08772,83.69328,,309.36,0.42,0.45,2025-03-17,2026,N20,VIIRS,n,2,,294.59,1.24,N,0
22.33133,82.60473,,310.86,0.55,0.42,2025-03-17,2026,N20,VIIRS,n,2,,295.21,1.58,N,2
22.65224,76.50195,,302.43,0.4,0.37,2025-03-17,2026,N20,VIIRS,n,2,,279.15,0.45,N,0
22.88892,77.45052,,310.88,0.39,0.36,2025-03-17,2026,N20,VIIRS,n,2,,292.99,1.27,N,0
23.18655,83.37335,,302.18,0.39,0.44,2025-03-17,2026,N20,VIIRS,n,2,,281.44,0.82,N,0
23.78607,81.45135,,311.19,0.46,0.39,2025-03-17,2026,N20,VIIRS,n,2,,290.39,1.56,N,0
17.93209,78.87768,,307.52,0.42,0.38,2025-03-17,2027,N20,VIIRS,n,2,,295.16,0.69,N,0
18.49692,80.72442,,307.85,0.49,0.41,2025-03-17,2027,N20,VIIRS,n,2,,295.86,2.96,N,0
18.90414,80.46812,,310.39,0.47,0.4,2025-03-17,2027,N20,VIIRS,n,2,,295.63,1.54,N,0
19.07019,80.77997,,316.8,0.49,0.4,2025-03-17,2027,N20,VIIRS,n,2,,297.05,3.64,N,0
19.22349,80.68163,,305.59,0.48,0.4,2025-03-17,2027,N20,VIIRS,n,2,,295.11,1.01,N,0
19.36353,80.11866,,324.3,0.45,0.39,2025-03-17,2027,N20,VIIRS,n,2,,293.14,2.36,N,0
19.55514,82.46239,,305.32,0.4,0.44,2025-03-17,2027,N20,VIIRS,n,2,,293.15,1.77,N,0
19.74276,84.22146,,309.86,0.5,0.49,2025-03-17,2027,N20,VIIRS,n,2,,296.33,2.87,N,0
19.87827,84.26686,,308.77,0.5,0.49,2025-03-17,2027,N20,VIIRS,n,2,,295.06,1.81,N,0
20.04168,81.11902,,307.26,0.49,0.4,2025-03-17,2027,N20,VIIRS,n,2,,296.53,2.48,N,0
20.33566,78.33527,,318.53,0.39,0.36,2025-03-17,2027,N20,VIIRS,n,2,,271.47,1.52,N,0
21.23026,74.12205,,313.55,0.46,0.39,2025-03-17,2027,N20,VIIRS,n,2,,292.95,1.9,N,0
15.68711,78.69528,,306.3,0.43,0.38,2025-03-17,2028,N20,VIIRS,n,2,,296.05,1.04,N,0
9.72567,78.04118,,344.26,0.56,0.52,2025-03-18,735,N20,VIIRS,n,2,,298.59,12.2,D,0
13.04967,78.7541,,341.78,0.44,0.46,2025-03-18,736,N20,VIIRS,n,2,,304.47,3.54,D,0
13.95572,78.29786,,346.11,0.46,0.47,2025-03-18,737,N20,VIIRS,n,2,,313.98,20.03,D,0
14.96571,74.6045,,330.46,0.39,0.59,2025-03-18,737,N20,VIIRS,n,2,,297.48,1.75,D,0
15.42288,77.91235,,341.73,0.46,0.47,2025-03-18,737,N20,VIIRS,l,2,,315.46,7.66,D,0
16.11987,75.43783,,367,0.32,0.55,2025-03-18,737,N20,VIIRS,h,2,,312.03,10.71,D,0
17.2256,77.78502,,335.71,0.43,0.46,2025-03-18,737,N20,VIIRS,l,2,,310.69,4.25,D,0
17.77243,82.59103,,334.36,0.39,0.36,2025-03-18,737,N20,VIIRS,n,2,,305.69,1.77,D,0
17.4874,73.58176,,337.37,0.4,0.6,2025-03-18,738,N20,VIIRS,n,2,,307.09,2.3,D,0
17.93983,73.83642,,343.04,0.38,0.59,2025-03-18,738,N20,VIIRS,n,2,,310.17,4.5,D,0
18.18391,82.26684,,350.24,0.4,0.37,2025-03-18,738,N20,VIIRS,n,2,,313.75,7,D,0
18.34307,77.48698,,346.52,0.43,0.46,2025-03-18,738,N20,VIIRS,n,2,,315.4,8.79,D,0
18.46454,73.13409,,342.71,0.41,0.61,2025-03-18,738,N20,VIIRS,n,2,,309.89,3.76,D,0
18.59864,83.409,,341.66,0.38,0.36,2025-03-18,738,N20,VIIRS,l,2,,314.16,3.3,D,0
18.75029,82.00255,,336.06,0.4,0.37,2025-03-18,738,N20,VIIRS,n,2,,307.96,3.79,D,0
18.88426,75.87082,,341.98,0.54,0.51,2025-03-18,738,N20,VIIRS,n,2,,313.93,10.31,D,0
18.99525,80.82898,,337.45,0.43,0.38,2025-03-18,738,N20,VIIRS,l,2,,310.85,2.37,D,0
19.07246,80.46562,,345.04,0.44,0.38,2025-03-18,738,N20,VIIRS,n,2,,309.9,8.55,D,0
19.15987,80.86567,,333.79,0.43,0.38,2025-03-18,738,N20,VIIRS,l,2,,307.28,3.18,D,0
19.24327,81.42381,,336.39,0.41,0.37,2025-03-18,738,N20,VIIRS,l,2,,310.82,4.51,D,0
19.30665,80.84371,,347.07,0.42,0.38,2025-03-18,738,N20,VIIRS,n,2,,315.02,10.03,D,0
19.38355,78.28746,,345.35,0.56,0.43,2025-03-18,738,N20,VIIRS,n,2,,316.73,10.3,D,0
19.48393,83.88148,,334.97,0.39,0.36,2025-03-18,738,N20,VIIRS,l,2,,308.61,1.35,D,0
19.55711,84.23978,,354.06,0.39,0.36,2025-03-18,738,N20,VIIRS,n,2,,308.66,4.5,D,0
19.62896,84.26972,,332.29,0.39,0.36,2025-03-18,738,N20,VIIRS,l,2,,305.95,2.2,D,0
19.69528,81.87276,,335.25,0.4,0.37,2025-03-18,738,N20,VIIRS,l,2,,309.11,2.63,D,0
19.75742,84.21875,,341.16,0.39,0.36,2025-03-18,738,N20,VIIRS,n,2,,307.39,4.75,D,0
19.81199,80.17456,,337.61,0.45,0.39,2025-03-18,738,N20,VIIRS,n,2,,307.36,3.89,D,0
19.85447,84.44728,,351.23,0.4,0.37,2025-03-18,738,N20,VIIRS,n,2,,311.27,8.79,D,0
19.91567,81.25557,,334.16,0.41,0.37,2025-03-18,738,N20,VIIRS,l,2,,306.7,1.98,D,0
19.96225,78.70314,,344.46,0.52,0.42,2025-03-18,738,N20,VIIRS,n,2,,313.64,4.48,D,0
20.01987,81.24857,,335.98,0.41,0.37,2025-03-18,738,N20,VIIRS,n,2,,309.2,3.54,D,0
20.08307,82.26073,,340.29,0.39,0.36,2025-03-18,738,N20,VIIRS,n,2,,311.93,3.34,D,0
20.15686,78.40265,,340.59,0.54,0.42,2025-03-18,738,N20,VIIRS,l,2,,314.62,7.25,D,0
20.23403,80.26555,,343.85,0.44,0.38,2025-03-18,738,N20,VIIRS,n,2,,311.82,3.89,D,0
20.2928,79.73561,,349.38,0.46,0.39,2025-03-18,738,N20,VIIRS,n,2,,312.79,7.09,D,0
20.36329,82.16208,,342.43,0.39,0.36,2025-03-18,738,N20,VIIRS,n,2,,310.06,4.48,D,0
20.41333,80.09953,,344.53,0.44,0.38,2025-03-18,738,N20,VIIRS,l,2,,315.77,7.94,D,0
20.49106,84.42162,,332.57,0.4,0.37,2025-03-18,738,N20,VIIRS,l,2,,304.05,1.24,D,0
20.54737,80.35656,,339.1,0.43,0.38,2025-03-18,738,N20,VIIRS,l,2,,312.04,2.63,D,0
20.59341,81.96041,,344.27,0.39,0.36,2025-03-18,738,N20,VIIRS,n,2,,308.81,3.82,D,0
20.7065,80.35714,,335.6,0.43,0.38,2025-03-18,738,N20,VIIRS,l,2,,308.4,2.25,D,0
20.80399,79.217,,351.94,0.48,0.4,2025-03-18,738,N20,VIIRS,n,2,,313.3,18.72,D,0
20.95411,80.47873,,343.35,0.42,0.38,2025-03-18,738,N20,VIIRS,n,2,,313.26,3.37,D,0
21.09765,83.20911,,349.98,0.39,0.36,2025-03-18,738,N20,VIIRS,n,2,,317.82,5.72,D,0
21.24554,84.7423,,345.23,0.41,0.37,2025-03-18,738,N20,VIIRS,n,2,,311.11,3.42,D,0
21.40506,82.34756,,344.66,0.38,0.36,2025-03-18,738,N20,VIIRS,l,2,,315.06,5.4,D,0
21.56327,85.17359,,333.91,0.43,0.38,2025-03-18,738,N20,VIIRS,l,2,,307.09,3.64,D,0
21.67715,84.03887,,341.3,0.4,0.37,2025-03-18,738,N20,VIIRS,l,2,,315,4.56,D,2
21.87395,84.51415,,337.02,0.41,0.37,2025-03-18,738,N20,VIIRS,l,2,,311.27,3.78,D,0
21.98698,85.18613,,335.57,0.43,0.38,2025-03-18,738,N20,VIIRS,l,2,,309.5,4.46,D,0
22.11357,84.5283,,341.25,0.41,0.37,2025-03-18,738,N20,VIIRS,l,2,,312.39,2.08,D,0
21.27528,76.54685,,342.79,0.44,0.46,2025-03-18,739,N20,VIIRS,l,2,,317.05,6.03,D,0
21.60769,73.69984,,335.43,0.33,0.55,2025-03-18,739,N20,VIIRS,l,2,,309,1.79,D,0
21.79663,76.83253,,347.62,0.41,0.45,2025-03-18,739,N20,VIIRS,n,2,,315.53,5.82,D,0
22.03066,83.39171,,344.22,0.39,0.36,2025-03-18,739,N20,VIIRS,n,2,,313.58,3.26,D,0
22.13605,84.264,,339.56,0.4,0.37,2025-03-18,739,N20,VIIRS,n,2,,311.52,2.65,D,0
22.23721,79.84075,,340.29,0.43,0.38,2025-03-18,739,N20,VIIRS,l,2,,313.87,5.87,D,0
22.32555,80.26598,,352.13,0.42,0.38,2025-03-18,739,N20,VIIRS,n,2,,313.69,11.41,D,0
22.38105,84.34128,,344.42,0.41,0.37,2025-03-18,739,N20,VIIRS,l,2,,314.53,4.32,D,0
22.45589,70.6544,,339.53,0.49,0.65,2025-03-18,739,N20,VIIRS,n,2,,308.55,2.71,D,0
22.51084,76.08352,,343.3,0.45,0.47,2025-03-18,739,N20,VIIRS,n,2,,313.12,5.01,D,0
22.59821,80.25632,,343.47,0.42,0.37,2025-03-18,739,N20,VIIRS,l,2,,316.46,5.57,D,0
22.70517,79.25408,,339.71,0.45,0.39,2025-03-18,739,N20,VIIRS,l,2,,312.63,11.66,D,0
22.85258,80.68849,,349.4,0.4,0.37,2025-03-18,739,N20,VIIRS,n,2,,318.17,20.22,D,0
23.07432,70.78102,,343.49,0.47,0.64,2025-03-18,739,N20,VIIRS,n,2,,314.28,4.78,D,0
23.23625,84.35872,,336.78,0.41,0.37,2025-03-18,739,N20,VIIRS,l,2,,310.89,2.64,D,0
23.40701,87.17419,,348.21,0.55,0.43,2025-03-18,739,N20,VIIRS,n,2,,308.3,7.05,D,0
23.51063,87.51062,,344.27,0.39,0.44,2025-03-18,739,N20,VIIRS,n,2,,305.21,3.47,D,0
23.56812,81.89735,,338.08,0.38,0.36,2025-03-18,739,N20,VIIRS,l,2,,309.94,2.47,D,0
23.64634,82.84386,,334.58,0.39,0.36,2025-03-18,739,N20,VIIRS,l,2,,308.95,1.7,D,0
23.72421,85.19085,,338.92,0.45,0.39,2025-03-18,739,N20,VIIRS,n,2,,311.15,3.3,D,0
23.77656,86.34007,,341.56,0.5,0.41,2025-03-18,739,N20,VIIRS,l,2,,311.94,5.63,D,0
23.87757,85.58041,,336.28,0.47,0.39,2025-03-18,739,N20,VIIRS,l,2,,307.35,2.75,D,0
24.05001,82.1364,,337.67,0.38,0.36,2025-03-18,739,N20,VIIRS,l,2,,311.63,1.44,D,0
24.4819,78.36004,,343.38,0.47,0.4,2025-03-18,739,N20,VIIRS,l,2,,318.29,6.24,D,0
24.68377,87.46918,,344.1,0.4,0.44,2025-03-18,739,N20,VIIRS,n,2,,307.79,4.26,D,0
24.80491,87.41028,,335.28,0.39,0.44,2025-03-18,739,N20,VIIRS,l,2,,309.06,6.43,D,0
25.04952,87.67023,,345.85,0.41,0.45,2025-03-18,739,N20,VIIRS,n,2,,310.38,7.02,D,0
25.25219,77.90231,,347.84,0.48,0.4,2025-03-18,740,N20,VIIRS,n,2,,318.98,15.4,D,0
26.689,87.87168,,334.17,0.44,0.46,2025-03-18,740,N20,VIIRS,l,2,,305.92,2.38,D,0
26.8054,88.2519,,343.39,0.47,0.48,2025-03-18,740,N20,VIIRS,n,2,,307.57,11.35,D,0
27.02797,85.99641,,336.97,0.53,0.42,2025-03-18,740,N20,VIIRS,n,2,,306.3,3.86,D,0
27.41739,89.28542,,367,0.55,0.51,2025-03-18,740,N20,VIIRS,l,2,,352.01,196.59,D,0
28.52988,78.23252,,331.79,0.43,0.38,2025-03-18,740,N20,VIIRS,n,2,,302.93,1.74,D,0
30.51337,78.98226,,335.79,0.39,0.37,2025-03-18,741,N20,VIIRS,n,2,,292.18,7.73,D,0
23.02503,68.88816,,337.25,0.51,0.66,2025-03-18,920,N20,VIIRS,n,2,,305.11,3.12,D,0
24.66583,87.40674,,301.22,0.51,0.41,2025-03-18,2006,N20,VIIRS,n,2,,291.13,1.23,N,0
24.95916,87.66215,,302.01,0.51,0.41,2025-03-18,2006,N20,VIIRS,n,2,,290.94,0.36,N,0
25.1695,86.33311,,307.48,0.45,0.39,2025-03-18,2006,N20,VIIRS,n,2,,293.49,0.6,N,0
26.69574,86.61144,,303.14,0.44,0.38,2025-03-18,2006,N20,VIIRS,n,2,,293.01,1.14,N,0
27.03231,85.90762,,312.77,0.41,0.37,2025-03-18,2006,N20,VIIRS,n,2,,288.71,1.08,N,0
27.74811,82.88982,,306.51,0.39,0.36,2025-03-18,2006,N20,VIIRS,n,2,,293.21,0.6,N,0
20.98886,82.31961,,302.86,0.38,0.36,2025-03-18,2007,N20,VIIRS,n,2,,291.62,0.43,N,0
21.43377,84.28054,,305.48,0.41,0.37,2025-03-18,2007,N20,VIIRS,n,2,,293.84,0.89,N,0
21.68955,84.76159,,305.43,0.42,0.38,2025-03-18,2007,N20,VIIRS,n,2,,293.96,0.48,N,0
21.85336,79.83809,,324.29,0.43,0.38,2025-03-18,2007,N20,VIIRS,n,2,,297.69,2.54,N,0
21.98332,77.45347,,308.84,0.56,0.43,2025-03-18,2007,N20,VIIRS,n,2,,293.45,1.72,N,0
22.051,79.92268,,308.16,0.43,0.38,2025-03-18,2007,N20,VIIRS,n,2,,291.91,1.12,N,0
22.14845,84.73559,,309.99,0.42,0.38,2025-03-18,2007,N20,VIIRS,n,2,,295.16,1.91,N,0
22.25426,83.61613,,306.23,0.39,0.36,2025-03-18,2007,N20,VIIRS,n,2,,292.96,0.81,N,0
22.36426,73.11345,,310.13,0.35,0.57,2025-03-18,2007,N20,VIIRS,n,2,,294.47,1.96,N,2
22.47387,76.05033,,303.79,0.46,0.47,2025-03-18,2007,N20,VIIRS,n,2,,293.27,1.69,N,0
22.55423,82.64156,,310.14,0.38,0.36,2025-03-18,2007,N20,VIIRS,n,2,,296.05,1.91,N,0
22.64838,82.60167,,305.93,0.38,0.36,2025-03-18,2007,N20,VIIRS,n,2,,293.6,1.13,N,0
22.77739,83.75121,,304.37,0.39,0.36,2025-03-18,2007,N20,VIIRS,n,2,,293.53,1.36,N,0
22.86806,84.02926,,302.24,0.4,0.37,2025-03-18,2007,N20,VIIRS,n,2,,292.07,0.53,N,0
23.00436,84.46025,,319.74,0.4,0.37,2025-03-18,2007,N20,VIIRS,n,2,,291.51,1.8,N,0
23.16149,82.10033,,301.62,0.39,0.36,2025-03-18,2007,N20,VIIRS,n,2,,289.19,0.54,N,0
23.30168,78.20939,,301.08,0.53,0.42,2025-03-18,2007,N20,VIIRS,n,2,,290.92,0.75,N,0
23.43801,83.35513,,301.65,0.39,0.36,2025-03-18,2007,N20,VIIRS,n,2,,289.31,0.49,N,0
23.50048,83.51661,,304.29,0.39,0.36,2025-03-18,2007,N20,VIIRS,n,2,,290.6,0.5,N,0
23.5683,83.22152,,302.01,0.38,0.36,2025-03-18,2007,N20,VIIRS,n,2,,291.43,0.83,N,0
23.65729,85.5054,,304.06,0.43,0.38,2025-03-18,2007,N20,VIIRS,n,2,,291.29,1.05,N,2
23.71536,83.44916,,306.85,0.39,0.36,2025-03-18,2007,N20,VIIRS,n,2,,290.66,0.42,N,0
23.77731,86.36613,,306,0.46,0.39,2025-03-18,2007,N20,VIIRS,n,2,,295.38,2.1,N,2
23.83608,81.49765,,309.13,0.4,0.37,2025-03-18,2007,N20,VIIRS,n,2,,290.97,1.14,N,0
23.94203,82.37564,,300.66,0.39,0.36,2025-03-18,2007,N20,VIIRS,n,2,,289.77,0.5,N,0
24.32634,81.32655,,311.66,0.4,0.37,2025-03-18,2007,N20,VIIRS,n,2,,294.27,0.95,N,2
18.63658,81.82935,,306.42,0.38,0.36,2025-03-18,2008,N20,VIIRS,n,2,,295.71,1.06,N,0
18.9535,80.39498,,312.82,0.4,0.37,2025-03-18,2008,N20,VIIRS,n,2,,297.67,1.35,N,0
19.20732,80.28911,,310.76,0.4,0.37,2025-03-18,2008,N20,VIIRS,n,2,,296.54,1.51,N,0
19.46396,80.81314,,308.42,0.39,0.36,2025-03-18,2008,N20,VIIRS,n,2,,296.65,1.42,N,0
19.64921,79.05519,,307.06,0.44,0.38,2025-03-18,2008,N20,VIIRS,n,2,,296.43,2.13,N,0
19.76063,80.69376,,309.88,0.39,0.37,2025-03-18,2008,N20,VIIRS,n,2,,296.44,1.51,N,0
19.84893,84.22177,,308.34,0.42,0.38,2025-03-18,2008,N20,VIIRS,n,2,,293.49,1.36,N,0
19.95791,80.41293,,311.11,0.4,0.37,2025-03-18,2008,N20,VIIRS,n,2,,296.63,1.39,N,0
20.20606,82.08212,,308.3,0.38,0.36,2025-03-18,2008,N20,VIIRS,n,2,,294.24,0.56,N,0
20.33694,79.70488,,306.88,0.42,0.38,2025-03-18,2008,N20,VIIRS,n,2,,294.41,1.64,N,0
20.56722,80.47559,,308.31,0.4,0.37,2025-03-18,2008,N20,VIIRS,n,2,,295.86,2.57,N,0
20.82489,79.1145,,310.84,0.45,0.39,2025-03-18,2008,N20,VIIRS,n,2,,295.4,1.95,N,0
14.2814,78.77545,,310.97,0.41,0.37,2025-03-18,2009,N20,VIIRS,n,2,,296.73,1.51,N,0
17.30156,78.49725,,310.37,0.44,0.39,2025-03-18,2009,N20,VIIRS,n,2,,295.12,1.27,N,0
13.97605,78.28407,,307.78,0.42,0.38,2025-03-18,2010,N20,VIIRS,n,2,,296.36,1.4,N,0
13.46161,79.51291,,350.12,0.4,0.6,2025-03-19,718,N20,VIIRS,n,2,,297.98,5.73,D,0
14.66455,78.84708,,344.45,0.42,0.61,2025-03-19,718,N20,VIIRS,n,2,,308.35,9.65,D,0
15.8842,78.94988,,339.39,0.39,0.6,2025-03-19,718,N20,VIIRS,n,2,,309.39,3.5,D,0
17.05608,79.15665,,340.17,0.36,0.58,2025-03-19,719,N20,VIIRS,n,2,,306.88,5.76,D,0
17.67449,79.12184,,337.42,0.35,0.57,2025-03-19,719,N20,VIIRS,l,2,,307.92,3.42,D,0
18.04027,77.26783,,349.83,0.46,0.64,2025-03-19,719,N20,VIIRS,n,2,,308.66,5.9,D,0
18.32139,80.0146,,331.53,0.6,0.53,2025-03-19,719,N20,VIIRS,n,2,,301.51,4.1,D,0
18.83256,83.09037,,331.04,0.57,0.43,2025-03-19,719,N20,VIIRS,l,2,,301.91,2.48,D,0
19.07954,80.77251,,334.52,0.52,0.5,2025-03-19,719,N20,VIIRS,l,2,,305.84,2.07,D,0
19.28677,82.72435,,336.72,0.39,0.44,2025-03-19,719,N20,VIIRS,l,2,,309.74,1.62,D,0
19.47202,84.40751,,367,0.47,0.4,2025-03-19,719,N20,VIIRS,l,2,,331.37,155.14,D,0
19.69427,80.18224,,339.16,0.55,0.51,2025-03-19,719,N20,VIIRS,l,2,,309.21,7.94,D,0
19.83399,81.10316,,337.8,0.48,0.48,2025-03-19,719,N20,VIIRS,n,2,,302.85,3.49,D,0
20.00587,82.41402,,342.59,0.4,0.44,2025-03-19,719,N20,VIIRS,n,2,,308.89,8.29,D,0
20.24216,79.90034,,331.42,0.56,0.52,2025-03-19,719,N20,VIIRS,l,2,,305.91,4.76,D,0
20.49928,83.74068,,333.47,0.5,0.41,2025-03-19,719,N20,VIIRS,l,2,,304.98,1.62,D,0
20.88801,84.69028,,338.33,0.44,0.39,2025-03-19,719,N20,VIIRS,n,2,,306.76,2.98,D,0
21.20255,86.06541,,336.69,0.4,0.37,2025-03-19,719,N20,VIIRS,n,2,,307.09,1.5,D,0
20.23737,75.3187,,334.2,0.56,0.68,2025-03-19,720,N20,VIIRS,l,2,,305.92,5.51,D,0
21.13183,81.04292,,334.59,0.46,0.47,2025-03-19,720,N20,VIIRS,l,2,,306.02,1.86,D,0
21.50338,78.62827,,355.76,0.32,0.55,2025-03-19,720,N20,VIIRS,n,2,,311.79,4.69,D,0
21.68292,84.5747,,331.56,0.44,0.38,2025-03-19,720,N20,VIIRS,l,2,,305.78,2.59,D,0
21.84009,84.62379,,331.95,0.44,0.38,2025-03-19,720,N20,VIIRS,l,2,,303.43,4.35,D,0
21.96823,77.02242,,347.87,0.4,0.6,2025-03-19,720,N20,VIIRS,n,2,,305.82,6.3,D,0
22.0441,84.09609,,356.01,0.46,0.39,2025-03-19,720,N20,VIIRS,n,2,,311.78,13.62,D,0
22.14164,83.79491,,336.13,0.47,0.4,2025-03-19,720,N20,VIIRS,n,2,,308.32,2.98,D,0
22.23194,83.11144,,337.89,0.5,0.41,2025-03-19,720,N20,VIIRS,n,2,,306.14,3.33,D,0
22.33545,78.25103,,332.63,0.33,0.55,2025-03-19,720,N20,VIIRS,l,2,,304.42,1.38,D,0
22.4231,86.64327,,340.78,0.39,0.36,2025-03-19,720,N20,VIIRS,l,2,,313.25,23.98,D,0
22.54193,82.68687,,336.2,0.52,0.42,2025-03-19,720,N20,VIIRS,n,2,,306.28,3.69,D,0
22.64917,79.28887,,340.57,0.55,0.51,2025-03-19,720,N20,VIIRS,n,2,,305.04,2.44,D,0
22.77281,83.40128,,346.86,0.48,0.4,2025-03-19,720,N20,VIIRS,n,2,,308.43,3.91,D,0
22.88131,86.18188,,346.77,0.39,0.36,2025-03-19,720,N20,VIIRS,n,2,,316.57,9.06,D,0
23.01236,85.45399,,339.71,0.4,0.37,2025-03-19,720,N20,VIIRS,l,2,,310.14,4.12,D,0
23.16923,86.10945,,335.17,0.39,0.36,2025-03-19,720,N20,VIIRS,l,2,,308.03,3.24,D,0
23.25805,78.75182,,334.37,0.58,0.52,2025-03-19,720,N20,VIIRS,l,2,,307.54,7.07,D,0
23.38342,82.36042,,334.95,0.53,0.42,2025-03-19,720,N20,VIIRS,n,2,,306.15,2.8,D,0
23.48697,86.01106,,339.54,0.39,0.36,2025-03-19,720,N20,VIIRS,n,2,,311.75,2.48,D,0
23.54725,82.44439,,332.74,0.52,0.42,2025-03-19,720,N20,VIIRS,l,2,,304.04,4.11,D,0
23.62673,84.87513,,335.45,0.41,0.37,2025-03-19,720,N20,VIIRS,l,2,,306.99,3.76,D,0
23.68181,83.43011,,336.19,0.47,0.39,2025-03-19,720,N20,VIIRS,n,2,,304.82,2.46,D,0
23.72416,82.8411,,333.54,0.5,0.41,2025-03-19,720,N20,VIIRS,l,2,,303.82,2.79,D,0
23.78511,85.83076,,336.12,0.39,0.36,2025-03-19,720,N20,VIIRS,l,2,,308.8,5.14,D,0
23.84173,85.39748,,341.16,0.4,0.37,2025-03-19,720,N20,VIIRS,n,2,,310.82,4.08,D,0
23.88985,85.40413,,342.07,0.4,0.37,2025-03-19,720,N20,VIIRS,n,2,,310.53,4.25,D,0
23.97212,85.59486,,337.23,0.39,0.37,2025-03-19,720,N20,VIIRS,n,2,,310.95,4.71,D,0
24.20351,85.19623,,338.75,0.4,0.37,2025-03-19,720,N20,VIIRS,n,2,,306.96,2.31,D,0
24.57376,86.02241,,340.78,0.39,0.36,2025-03-19,720,N20,VIIRS,n,2,,314.8,2.35,D,0
24.721,86.11591,,341.92,0.39,0.36,2025-03-19,720,N20,VIIRS,l,2,,313.59,6.19,D,0
24.85287,87.43964,,339.88,0.39,0.36,2025-03-19,720,N20,VIIRS,l,2,,311.17,3.32,D,0
25.05648,86.46184,,334.68,0.38,0.36,2025-03-19,720,N20,VIIRS,n,2,,309.38,2.46,D,0
25.18563,87.64996,,341.17,0.39,0.36,2025-03-19,720,N20,VIIRS,l,2,,312.76,6.59,D,0
26.39085,85.03368,,335.26,0.39,0.36,2025-03-19,721,N20,VIIRS,n,2,,306.3,2.27,D,0
26.78462,88.47621,,346.45,0.42,0.38,2025-03-19,721,N20,VIIRS,n,2,,301.35,13.3,D,0
26.99942,85.8315,,336.29,0.38,0.36,2025-03-19,721,N20,VIIRS,l,2,,308.24,2.26,D,0
27.26935,85.3586,,340.57,0.39,0.36,2025-03-19,721,N20,VIIRS,n,2,,307.26,3.2,D,0
28.10849,83.96426,,334.12,0.4,0.37,2025-03-19,721,N20,VIIRS,n,2,,304.05,6.2,D,0
31.8429,75.52467,,327.89,0.6,0.53,2025-03-19,723,N20,VIIRS,n,2,,296.58,5.09,D,0
16.60595,74.30164,,340.45,0.47,0.64,2025-03-19,859,N20,VIIRS,n,2,,302.97,6.08,D,0
18.01917,73.73431,,367,0.45,0.63,2025-03-19,859,N20,VIIRS,h,2,,306.02,9.64,D,0
18.98352,73.31584,,355.25,0.43,0.62,2025-03-19,900,N20,VIIRS,n,2,,310.32,8.83,D,0
21.08742,76.36459,,336.43,0.72,0.76,2025-03-19,900,N20,VIIRS,n,2,,302.65,4.24,D,0
21.92708,76.24845,,334.14,0.72,0.76,2025-03-19,901,N20,VIIRS,n,2,,300.76,6.53,D,0
23.42585,69.79778,,353.57,0.58,0.52,2025-03-19,901,N20,VIIRS,n,2,,318.36,28.75,D,0
30.09048,78.03367,,307.76,0.42,0.61,2025-03-19,1946,N20,VIIRS,n,2,,289.51,1.24,N,0
24.87337,86.1355,,306.27,0.41,0.37,2025-03-19,1947,N20,VIIRS,n,2,,289.05,1.26,N,0
25.08459,86.41374,,310.65,0.4,0.37,2025-03-19,1947,N20,VIIRS,n,2,,290.49,1.93,N,0
26.64062,79.47801,,301.93,0.63,0.54,2025-03-19,1947,N20,VIIRS,n,2,,288.99,1.73,N,2
26.93189,86.12178,,317.42,0.42,0.38,2025-03-19,1947,N20,VIIRS,n,2,,294.17,2.31,N,0
27.79161,85.9529,,313.82,0.43,0.38,2025-03-19,1947,N20,VIIRS,n,2,,288.17,1.55,N,0
22.04379,83.72791,,309.89,0.47,0.4,2025-03-19,1948,N20,VIIRS,n,2,,294.01,2.56,N,2
22.478,81.40244,,299.95,0.42,0.45,2025-03-19,1948,N20,VIIRS,n,2,,289.16,0.76,N,0
22.68087,78.15309,,324.68,0.34,0.56,2025-03-19,1948,N20,VIIRS,n,2,,288.55,1.81,N,0
22.89978,77.82268,,303.59,0.36,0.57,2025-03-19,1948,N20,VIIRS,n,2,,290.38,0.76,N,0
23.08654,85.34557,,302.82,0.42,0.37,2025-03-19,1948,N20,VIIRS,n,2,,291.02,1.16,N,0
23.19016,83.53886,,319.93,0.49,0.41,2025-03-19,1948,N20,VIIRS,n,2,,291.85,2.77,N,0
23.2993,84.06161,,310.82,0.47,0.4,2025-03-19,1948,N20,VIIRS,n,2,,290.43,1.38,N,0
23.46205,83.34335,,302.71,0.51,0.41,2025-03-19,1948,N20,VIIRS,n,2,,290.02,0.61,N,0
23.5703,85.82179,,307,0.41,0.37,2025-03-19,1948,N20,VIIRS,n,2,,291.34,0.98,N,0
23.72611,86.44011,,316.3,0.39,0.36,2025-03-19,1948,N20,VIIRS,n,2,,295.41,3.96,N,2
23.84058,85.38057,,308.8,0.42,0.38,2025-03-19,1948,N20,VIIRS,n,2,,289.72,0.86,N,0
23.9548,86.45512,,307.4,0.39,0.37,2025-03-19,1948,N20,VIIRS,n,2,,291.87,1.56,N,0
24.98592,75.93456,,308.76,0.5,0.66,2025-03-19,1948,N20,VIIRS,n,2,,287.83,1.74,N,0
19.21303,84.35287,,308.95,0.42,0.38,2025-03-19,1949,N20,VIIRS,n,2,,294.06,1.15,N,0
19.51311,80.13736,,309.19,0.47,0.47,2025-03-19,1949,N20,VIIRS,n,2,,295.53,2.13,N,0
19.80724,84.04271,,310.79,0.43,0.38,2025-03-19,1949,N20,VIIRS,n,2,,292.32,1.34,N,0
20.20232,80.38655,,310.8,0.46,0.47,2025-03-19,1949,N20,VIIRS,n,2,,294.8,2.01,N,0
20.85183,80.34663,,305.56,0.47,0.48,2025-03-19,1949,N20,VIIRS,n,2,,293.54,1.58,N,0
15.17659,76.65516,,325.87,0.35,0.56,2025-03-19,1950,N20,VIIRS,n,2,,295.07,4.07,N,2
14.1356,78.23591,,331.07,0.53,0.5,2025-03-19,1951,N20,VIIRS,n,2,,296.34,4.53,N,0
24.66136,74.63066,,302.25,0.5,0.66,2025-03-19,2128,N20,VIIRS,n,2,,289.53,2.25,N,2
19.83385,73.33626,,313.04,0.52,0.67,2025-03-19,2130,N20,VIIRS,n,2,,289.86,1.8,N,0
18.0523,82.86002,,367,0.41,0.6,2025-03-20,700,N20,VIIRS,h,2,,305.86,5.76,D,0
18.44209,80.86792,,332.15,0.54,0.68,2025-03-20,700,N20,VIIRS,l,2,,303.92,5.2,D,0
19.16952,84.31401,,336.05,0.62,0.54,2025-03-20,700,N20,VIIRS,n,2,,304.58,3.87,D,0
19.31569,81.14582,,344.38,0.5,0.66,2025-03-20,700,N20,VIIRS,n,2,,305.21,11.33,D,0
19.77119,81.92145,,333.21,0.43,0.62,2025-03-20,700,N20,VIIRS,n,2,,306.48,2.99,D,0
20.26139,84.27843,,331.79,0.6,0.53,2025-03-20,700,N20,VIIRS,l,2,,304.01,2.81,D,0
20.87443,82.44804,,353.84,0.38,0.59,2025-03-20,701,N20,VIIRS,n,2,,304.46,4.88,D,0
21.5711,83.37119,,341.24,0.32,0.55,2025-03-20,701,N20,VIIRS,n,2,,298,2.48,D,0
22.04693,82.91372,,334.61,0.34,0.56,2025-03-20,701,N20,VIIRS,n,2,,298.17,2.18,D,0
23.07963,84.45642,,337.9,0.51,0.5,2025-03-20,701,N20,VIIRS,n,2,,298.9,3.34,D,0
26.75847,86.67258,,344.23,0.5,0.41,2025-03-20,702,N20,VIIRS,n,2,,315.3,30.33,D,0
27.10697,85.11366,,340.17,0.39,0.44,2025-03-20,702,N20,VIIRS,n,2,,302.35,3.5,D,0
27.88295,81.15511,,334.2,0.32,0.55,2025-03-20,703,N20,VIIRS,n,2,,304.49,2.18,D,0
8.73911,77.05393,,337.4,0.54,0.51,2025-03-20,838,N20,VIIRS,n,2,,302.09,4.85,D,0
12.74853,76.65722,,349,0.58,0.52,2025-03-20,839,N20,VIIRS,n,2,,309.85,8.11,D,0
13.29063,78.34512,,344.34,0.38,0.59,2025-03-20,839,N20,VIIRS,n,2,,311.17,7.95,D,0
14.01558,78.05474,,341.2,0.38,0.58,2025-03-20,839,N20,VIIRS,n,2,,310.24,4.97,D,0
14.9244,79.17883,,353.11,0.46,0.63,2025-03-20,840,N20,VIIRS,n,2,,307.55,8.03,D,0
15.78652,78.82154,,345.99,0.44,0.63,2025-03-20,840,N20,VIIRS,n,2,,304.36,12.19,D,0
16.63534,77.24275,,339.47,0.36,0.57,2025-03-20,840,N20,VIIRS,n,2,,303.59,2.63,D,0
17.31286,77.70259,,337.82,0.39,0.59,2025-03-20,840,N20,VIIRS,n,2,,304.28,4.33,D,0
17.77978,80.71272,,331.81,0.63,0.72,2025-03-20,840,N20,VIIRS,n,2,,301.69,2.94,D,0
17.83039,73.42243,,346.27,0.42,0.45,2025-03-20,841,N20,VIIRS,n,2,,309.41,4.86,D,0
18.46039,73.26433,,343.91,0.42,0.45,2025-03-20,841,N20,VIIRS,n,2,,310.6,8.17,D,0
18.85783,80.58842,,332.8,0.63,0.72,2025-03-20,841,N20,VIIRS,n,2,,301.71,4.64,D,0
19.23084,79.15184,,332.34,0.51,0.66,2025-03-20,841,N20,VIIRS,l,2,,302.5,2.51,D,0
19.61749,73.07232,,345.1,0.42,0.45,2025-03-20,841,N20,VIIRS,n,2,,311.46,3.61,D,0
20.08726,76.68602,,339.65,0.36,0.58,2025-03-20,841,N20,VIIRS,l,2,,311.99,3.2,D,0
21.00641,81.42252,,343.81,0.75,0.77,2025-03-20,841,N20,VIIRS,n,2,,298.96,7.21,D,0
21.37234,73.91161,,337.55,0.5,0.49,2025-03-20,842,N20,VIIRS,l,2,,311.6,2.62,D,0
22.17757,73.87872,,337.73,0.51,0.49,2025-03-20,842,N20,VIIRS,l,2,,308.84,3.92,D,0
22.86429,76.94163,,336.29,0.41,0.6,2025-03-20,842,N20,VIIRS,n,2,,306.17,2.13,D,0
24.56092,75.18635,,353.27,0.33,0.55,2025-03-20,842,N20,VIIRS,n,2,,309.26,3.62,D,0
26.19649,77.45409,,337.92,0.47,0.64,2025-03-20,843,N20,VIIRS,n,2,,304.73,6.15,D,0
27.50804,85.1273,,295.41,0.57,0.52,2025-03-20,1928,N20,VIIRS,n,2,,283.55,1.15,N,0
22.0167,85.17243,,301.59,0.48,0.48,2025-03-20,1929,N20,VIIRS,n,2,,289.48,1.54,N,0
19.19349,83.24793,,304.04,0.59,0.53,2025-03-20,1930,N20,VIIRS,n,2,,292.94,2.27,N,0
19.67655,83.70057,,306.84,0.56,0.51,2025-03-20,1930,N20,VIIRS,n,2,,294.27,2.27,N,0
20.25961,84.03036,,303.94,0.54,0.51,2025-03-20,1930,N20,VIIRS,n,2,,293.14,1.1,N,0
21.18647,82.108,,310.13,0.37,0.58,2025-03-20,1930,N20,VIIRS,n,2,,288.18,1.37,N,0
34.93708,72.93951,,308.94,0.43,0.38,2025-03-20,2107,N20,VIIRS,n,2,,275.95,1.38,N,0
21.55315,73.01851,,311.3,0.46,0.47,2025-03-20,2110,N20,VIIRS,n,2,,293.41,0.95,N,0
22.87503,76.50658,,300.43,0.36,0.57,2025-03-20,2110,N20,VIIRS,n,2,,288.93,0.4,N,0
17.88197,73.32394,,308.75,0.56,0.51,2025-03-20,2111,N20,VIIRS,n,2,,292.54,1.43,N,0
19.54442,73.58104,,306.23,0.54,0.51,2025-03-20,2111,N20,VIIRS,n,2,,290.47,1.92,N,0
19.23282,83.17947,,367,0.75,0.77,2025-03-21,641,N20,VIIRS,h,2,,310.48,27.77,D,0
8.53118,77.72414,,335.92,0.46,0.39,2025-03-21,819,N20,VIIRS,n,2,,303.09,3.39,D,0
12.85586,76.0196,,336.48,0.43,0.38,2025-03-21,820,N20,VIIRS,n,2,,305.01,3.72,D,0
13.75618,76.95885,,342.39,0.48,0.4,2025-03-21,820,N20,VIIRS,l,2,,315.63,13.85,D,0
14.40874,78.6398,,340.27,0.4,0.44,2025-03-21,821,N20,VIIRS,l,2,,315,6.19,D,0
15.06316,78.74256,,338.88,0.42,0.45,2025-03-21,821,N20,VIIRS,n,2,,308.23,4.42,D,0
15.64036,76.69734,,335.38,0.48,0.4,2025-03-21,821,N20,VIIRS,n,2,,305.39,4.41,D,0
16.30041,78.83772,,343.35,0.44,0.46,2025-03-21,821,N20,VIIRS,n,2,,309.45,4.55,D,0
17.19975,82.36065,,330.14,0.38,0.59,2025-03-21,821,N20,VIIRS,n,2,,302.37,1.92,D,0
17.60533,75.63062,,339.47,0.45,0.39,2025-03-21,821,N20,VIIRS,l,2,,313.56,5.2,D,0
17.94933,82.13528,,339.09,0.38,0.59,2025-03-21,821,N20,VIIRS,n,2,,307.86,3.02,D,0
18.14712,82.27225,,367,0.39,0.59,2025-03-21,821,N20,VIIRS,h,2,,308.82,8.44,D,0
17.46955,73.58869,,348.95,0.39,0.36,2025-03-21,822,N20,VIIRS,n,2,,315.96,8.12,D,0
18.03872,73.14826,,342.89,0.39,0.36,2025-03-21,822,N20,VIIRS,n,2,,309.5,5.23,D,0
18.45555,80.97336,,331.66,0.32,0.55,2025-03-21,822,N20,VIIRS,n,2,,300,1.85,D,0
18.73313,80.67032,,331.62,0.62,0.54,2025-03-21,822,N20,VIIRS,n,2,,299.2,4.58,D,0
19.00614,77.33511,,335.28,0.38,0.43,2025-03-21,822,N20,VIIRS,l,2,,306.21,1.64,D,0
19.33311,80.82367,,332.62,0.32,0.55,2025-03-21,822,N20,VIIRS,n,2,,297.61,3.46,D,0
19.66164,83.15341,,347.98,0.46,0.64,2025-03-21,822,N20,VIIRS,n,2,,310.39,2.92,D,0
20.18064,77.12814,,350.2,0.39,0.44,2025-03-21,822,N20,VIIRS,n,2,,317.87,9.06,D,0
21.14729,81.94964,,337.37,0.4,0.6,2025-03-21,822,N20,VIIRS,n,2,,297.92,4.95,D,0
21.51174,74.58237,,345.37,0.45,0.39,2025-03-21,823,N20,VIIRS,n,2,,316.85,5.4,D,0
22.05123,77.03168,,367,0.4,0.44,2025-03-21,823,N20,VIIRS,l,2,,325.62,49.07,D,0
22.52174,73.97684,,348.77,0.43,0.38,2025-03-21,823,N20,VIIRS,n,2,,315.33,10.47,D,0
22.91997,77.62048,,339.92,0.45,0.47,2025-03-21,823,N20,VIIRS,n,2,,312.45,3.05,D,0
24.26817,79.56618,,356.07,0.61,0.54,2025-03-21,823,N20,VIIRS,n,2,,306.86,8.51,D,0
25.69485,76.96422,,344.16,0.44,0.46,2025-03-21,824,N20,VIIRS,n,2,,310.74,6.06,D,0
28.17972,69.55048,,337.31,0.38,0.36,2025-03-21,825,N20,VIIRS,n,2,,310.87,4.57,D,0
33.20937,72.53038,,336.68,0.48,0.4,2025-03-21,826,N20,VIIRS,l,2,,308.2,4.9,D,0
34.49975,72.19804,,319.11,0.42,0.38,2025-03-21,2048,N20,VIIRS,n,2,,288.63,1.7,N,0
29.92322,68.22267,,316.09,0.55,0.43,2025-03-21,2049,N20,VIIRS,n,2,,289.8,1.6,N,0
21.55105,75.57687,,329.55,0.51,0.41,2025-03-21,2051,N20,VIIRS,n,2,,293.77,3.09,N,0
22.40294,75.6192,,319.28,0.5,0.41,2025-03-21,2051,N20,VIIRS,n,2,,292.44,1.7,N,0
23.16399,82.34029,,311.81,0.41,0.61,2025-03-21,2051,N20,VIIRS,n,2,,287.8,3.03,N,2
24.93468,74.63304,,311.79,0.43,0.38,2025-03-21,2051,N20,VIIRS,n,2,,293.67,1.5,N,2
20.02018,77.69431,,305.64,0.48,0.48,2025-03-21,2052,N20,VIIRS,n,2,,293.56,1.83,N,0
16.26271,78.94324,,308.81,0.34,0.56,2025-03-21,2053,N20,VIIRS,n,2,,290.04,0.69,N,0
21.2191,81.9801,320.1,,1.2,1.1,2025-03-17,423,Terra,MODIS,53,61.03,304.9,,9.5,D,0
19.1143,78.5888,319,,1,1,2025-03-17,424,Terra,MODIS,55,61.03,303.3,,5.6,D,0
14.7859,79.1404,358.8,,1.5,1.2,2025-03-17,851,Aqua,MODIS,99,61.03,311.9,,126.3,D,0
18.1106,83.043,353.6,,1,1,2025-03-17,852,Aqua,MODIS,96,61.03,309.4,,57.1,D,0
18.7597,81.0144,328.1,,1.1,1,2025-03-17,852,Aqua,MODIS,71,61.03,312.8,,11.8,D,0
19.2164,80.7332,334.9,,1.1,1,2025-03-17,852,Aqua,MODIS,82,61.03,309.8,,23.8,D,0
19.6467,83.7998,323.9,,1.1,1,2025-03-17,852,Aqua,MODIS,61,61.03,307.8,,9.4,D,0
20.2847,80.2291,324,,1.1,1,2025-03-17,852,Aqua,MODIS,60,61.03,305,,10,D,0
21.1384,81.8922,321.9,,1,1,2025-03-17,853,Aqua,MODIS,23,61.03,302.4,,5,D,0
21.9192,84.6351,323.1,,1.2,1.1,2025-03-17,853,Aqua,MODIS,52,61.03,303.2,,12,D,0
23.7321,81.4823,322,,1,1,2025-03-17,853,Aqua,MODIS,42,61.03,307.9,,6.3,D,0
28.7763,80.1386,323.5,,1,1,2025-03-17,855,Aqua,MODIS,74,61.03,302,,14.2,D,0
29.9077,69.4616,309,,1.1,1,2025-03-18,501,Terra,MODIS,31,61.03,294.8,,5,D,0
13.0911,76.9066,323.6,,1.2,1.1,2025-03-18,930,Aqua,MODIS,38,61.03,306.1,,5.7,D,0
17.6237,73.5894,335.1,,1,1,2025-03-18,931,Aqua,MODIS,68,61.03,313.5,,17.3,D,0
19.5366,78.2422,330.9,,1.9,1.3,2025-03-18,931,Aqua,MODIS,70,61.03,313.8,,24.8,D,0
21.7342,76.9707,332.2,,1.7,1.3,2025-03-18,932,Aqua,MODIS,72,61.03,314,,28.3,D,0
24.4053,72.8096,326.2,,1.1,1,2025-03-18,933,Aqua,MODIS,57,61.03,314.6,,7.4,D,0
20.3881,79.7247,308.2,,1,1,2025-03-18,1556,Terra,MODIS,70,61.03,296.8,,6,N,0
15.1718,76.6673,313.2,,1.1,1,2025-03-18,2142,Aqua,MODIS,84,61.03,295.1,,9.8,N,2
22.0443,83.7325,337.9,,1,1,2025-03-19,404,Terra,MODIS,87,61.03,308.9,,28.5,D,2
18.1237,83.0687,340.1,,1.6,1.2,2025-03-19,832,Aqua,MODIS,88,61.03,307.3,,68.8,D,0
21.9297,83.6273,329.4,,1.2,1.1,2025-03-19,833,Aqua,MODIS,74,61.03,307.8,,20.1,D,0
23.2445,83.7814,319.3,,1.2,1.1,2025-03-19,833,Aqua,MODIS,20,61.03,305.8,,6.7,D,0
23.8816,85.278,326.6,,1,1,2025-03-19,833,Aqua,MODIS,68,61.03,308.4,,10.7,D,0
24.6983,85.6653,320.2,,1,1,2025-03-19,834,Aqua,MODIS,28,61.03,307.3,,5.6,D,0
26.7551,86.7287,322.7,,1,1,2025-03-19,834,Aqua,MODIS,60,61.03,308.3,,9.3,D,0
19.2277,73.2752,320.5,,4.4,1.9,2025-03-19,1010,Aqua,MODIS,73,61.03,301.7,,54.2,D,0
18.6558,77.8127,316.8,,1.5,1.2,2025-03-20,444,Terra,MODIS,36,61.03,302.7,,13.8,D,0
8.7344,77.0502,319.4,,1.2,1.1,2025-03-20,909,Aqua,MODIS,62,61.03,302.3,,11.2,D,0
14.778,79.5226,328.6,,1,1,2025-03-20,910,Aqua,MODIS,55,61.03,309.3,,8.3,D,0
17.8913,73.336,327.7,,1.6,1.2,2025-03-20,911,Aqua,MODIS,42,61.03,308.4,,18.3,D,0
18.8164,83.1211,343.2,,1.8,1.3,2025-03-20,911,Aqua,MODIS,89,61.03,309,,83.9,D,0
19.6959,81.8692,324,,1.5,1.2,2025-03-20,911,Aqua,MODIS,60,61.03,310.9,,9.9,D,0
21.8329,77.2707,333.4,,1,1,2025-03-20,912,Aqua,MODIS,77,61.03,313.1,,15.3,D,0
28.2161,80.5348,321.2,,1.6,1.3,2025-03-20,914,Aqua,MODIS,71,61.03,305.5,,19.8,D,0
26.8009,88.2536,302.4,,1.6,1.2,2025-03-20,1538,Terra,MODIS,49,61.03,290.6,,9.7,N,0
17.5808,73.5863,333.9,,1.8,1.3,2025-03-21,950,Aqua,MODIS,78,61.03,311.1,,39,D,0
15.5153,78.84,320.9,,1.2,1.1,2025-03-21,1615,Terra,MODIS,100,61.03,296.7,,21.3,N,0
7.80602,80.23267,,330.22,0.39,0.36,2025-03-22,800,N20,VIIRS,n,2,,298.12,1.07,D,0
13.81108,75.96973,,337.18,0.42,0.38,2025-03-22,802,N20,VIIRS,l,2,,309.73,3.77,D,0
15.21264,76.47904,,356.37,0.4,0.37,2025-03-22,802,N20,VIIRS,n,2,,313.01,8.36,D,0
16.04624,79.4555,,337.97,0.41,0.37,2025-03-22,802,N20,VIIRS,n,2,,302.96,3.92,D,0
16.85274,78.29176,,336.37,0.39,0.36,2025-03-22,802,N20,VIIRS,l,2,,307.97,3.24,D,0
17.61743,82.42118,,347.32,0.39,0.44,2025-03-22,802,N20,VIIRS,n,2,,300.93,5.71,D,0
17.78809,73.43687,,340.75,0.49,0.4,2025-03-22,803,N20,VIIRS,l,2,,315.7,7.77,D,0
18.48059,80.7542,,346.22,0.48,0.4,2025-03-22,803,N20,VIIRS,n,2,,306.44,7.08,D,0
18.89585,77.20311,,342.56,0.38,0.36,2025-03-22,803,N20,VIIRS,l,2,,316.5,5.8,D,0
19.29255,78.65839,,335.21,0.41,0.37,2025-03-22,803,N20,VIIRS,l,2,,308.88,2.19,D,0
19.64522,84.33389,,330.3,0.54,0.51,2025-03-22,803,N20,VIIRS,n,2,,293.84,4.13,D,0
20.15835,79.85881,,335.98,0.45,0.39,2025-03-22,803,N20,VIIRS,l,2,,307.25,3.09,D,0
20.46819,80.23625,,338.69,0.48,0.4,2025-03-22,803,N20,VIIRS,l,2,,309.4,5.22,D,0
20.7419,80.39071,,338.49,0.49,0.4,2025-03-22,803,N20,VIIRS,n,2,,307.57,3.15,D,0
21.35567,81.79276,,336.09,0.39,0.44,2025-03-22,803,N20,VIIRS,n,2,,302.72,2.36,D,0
21.56019,77.01974,,367,0.39,0.36,2025-03-22,804,N20,VIIRS,l,2,,326.45,25.61,D,0
21.85947,77.04814,,348.07,0.39,0.36,2025-03-22,804,N20,VIIRS,n,2,,314.86,5.6,D,0
22.04725,78.11471,,346.25,0.41,0.37,2025-03-22,804,N20,VIIRS,n,2,,312.4,5.98,D,0
22.38253,75.85444,,343.84,0.38,0.36,2025-03-22,804,N20,VIIRS,l,2,,316.76,6.19,D,0
22.68135,79.02256,,344.06,0.44,0.39,2025-03-22,804,N20,VIIRS,l,2,,317.28,4.86,D,0
22.92632,72.24927,,338.96,0.48,0.4,2025-03-22,804,N20,VIIRS,n,2,,312.38,3.53,D,0
23.20866,78.14821,,337.59,0.42,0.37,2025-03-22,804,N20,VIIRS,l,2,,312.2,2.29,D,0
24.12633,77.66035,,351.97,0.41,0.37,2025-03-22,804,N20,VIIRS,n,2,,321.43,22.65,D,0
25.14623,80.9492,,352.02,0.39,0.44,2025-03-22,804,N20,VIIRS,n,2,,319.19,30.38,D,0
25.73343,76.97604,,349.05,0.4,0.37,2025-03-22,805,N20,VIIRS,n,2,,318.09,5.48,D,0
28.42115,80.51269,,340.19,0.4,0.45,2025-03-22,805,N20,VIIRS,n,2,,303.94,3.75,D,0
31.52106,75.35654,,331.21,0.4,0.37,2025-03-22,806,N20,VIIRS,l,2,,302.03,2.26,D,0
34.46619,72.25712,,309.51,0.46,0.47,2025-03-22,2029,N20,VIIRS,n,2,,287.24,0.94,N,0
32.88943,71.61405,,302.99,0.47,0.48,2025-03-22,2030,N20,VIIRS,n,2,,292.08,1.11,N,2
27.83693,82.23633,,304.84,0.52,0.41,2025-03-22,2031,N20,VIIRS,n,2,,288.81,1.04,N,0
21.50384,78.89156,,303.52,0.44,0.38,2025-03-22,2032,N20,VIIRS,n,2,,292.88,0.72,N,0
22.0524,76.36629,,309.83,0.38,0.36,2025-03-22,2032,N20,VIIRS,n,2,,292.14,0.76,N,0
22.40406,76.52821,,304.8,0.38,0.36,2025-03-22,2032,N20,VIIRS,n,2,,292.92,0.92,N,0
22.64865,76.16479,,303.83,0.38,0.36,2025-03-22,2032,N20,VIIRS,n,2,,292.99,0.83,N,0
22.93069,73.99155,,309.28,0.42,0.38,2025-03-22,2032,N20,VIIRS,n,2,,293.32,0.85,N,0
23.44413,78.73971,,305.62,0.42,0.37,2025-03-22,2032,N20,VIIRS,n,2,,290.7,1.15,N,0
24.14283,82.56599,,309.87,0.41,0.45,2025-03-22,2032,N20,VIIRS,n,2,,288.62,0.92,N,2
18.6892,80.81125,,307.13,0.4,0.44,2025-03-22,2033,N20,VIIRS,n,2,,293.68,0.91,N,0
20.24058,75.36166,,339.77,0.38,0.36,2025-03-22,2033,N20,VIIRS,n,2,,294.96,2.27,N,0
21.40148,77.58053,,312.91,0.4,0.37,2025-03-22,2033,N20,VIIRS,n,2,,294.28,2.15,N,0
17.17879,73.94514,,310.44,0.39,0.36,2025-03-22,2034,N20,VIIRS,n,2,,291.52,1.88,N,0
33.20539,70.47692,,330.8,0.77,0.77,2025-03-22,2210,N20,VIIRS,n,2,,285.84,7.39,N,0
13.5,78.97661,,338.85,0.51,0.41,2025-03-23,743,N20,VIIRS,n,2,,299.67,4.7,D,0
15.02935,79.10591,,346.83,0.48,0.4,2025-03-23,743,N20,VIIRS,n,2,,303.52,11.21,D,0
16.53483,80.87912,,337.48,0.4,0.37,2025-03-23,743,N20,VIIRS,n,2,,302.01,4.64,D,0
16.98321,76.87564,,344.69,0.4,0.44,2025-03-23,744,N20,VIIRS,n,2,,310.99,7.17,D,0
17.83062,80.67367,,332.63,0.4,0.37,2025-03-23,744,N20,VIIRS,l,2,,303.81,4.45,D,0
18.17395,73.30885,,340.43,0.32,0.55,2025-03-23,744,N20,VIIRS,l,2,,313,4.14,D,0
18.43299,82.26334,,355.91,0.38,0.36,2025-03-23,744,N20,VIIRS,n,2,,312.86,17.4,D,0
18.82616,83.20411,,345.83,0.4,0.37,2025-03-23,744,N20,VIIRS,n,2,,307.43,5.98,D,0
19.22971,82.87821,,337.83,0.39,0.36,2025-03-23,744,N20,VIIRS,n,2,,312.3,3.66,D,0
19.48894,80.19647,,332.53,0.4,0.37,2025-03-23,744,N20,VIIRS,l,2,,305.47,3.53,D,0
20.23964,80.27067,,338.28,0.39,0.36,2025-03-23,744,N20,VIIRS,n,2,,305.41,3.23,D,0
20.34073,73.0111,,337,0.61,0.53,2025-03-23,745,N20,VIIRS,n,2,,308.93,4.06,D,0
21.28459,79.14201,,348.87,0.41,0.37,2025-03-23,745,N20,VIIRS,n,2,,317.05,6.77,D,0
21.60264,79.41335,,346.4,0.4,0.37,2025-03-23,745,N20,VIIRS,n,2,,316.03,4.76,D,0
21.86547,77.0927,,348.07,0.49,0.41,2025-03-23,745,N20,VIIRS,l,2,,319.51,13.43,D,0
22.08212,79.9446,,352.57,0.39,0.36,2025-03-23,745,N20,VIIRS,n,2,,319.07,9.38,D,0
22.2807,76.18303,,352.88,0.54,0.42,2025-03-23,745,N20,VIIRS,n,2,,319.11,17.95,D,0
22.36273,80.17109,,345.12,0.39,0.36,2025-03-23,745,N20,VIIRS,n,2,,312.29,4.97,D,0
22.51839,74.943,,344.85,0.42,0.45,2025-03-23,745,N20,VIIRS,l,2,,319.54,7.85,D,0
22.77734,76.52024,,346.43,0.51,0.41,2025-03-23,745,N20,VIIRS,n,2,,320.39,5.42,D,0
23.0158,77.92245,,342.52,0.44,0.38,2025-03-23,745,N20,VIIRS,n,2,,313.01,4.27,D,0
23.26778,78.08195,,343.88,0.43,0.38,2025-03-23,745,N20,VIIRS,n,2,,316.06,3.88,D,0
23.76818,81.84489,,334.84,0.39,0.37,2025-03-23,745,N20,VIIRS,n,2,,309.66,1.94,D,0
24.92066,84.04108,,342.15,0.48,0.4,2025-03-23,745,N20,VIIRS,n,2,,306.53,3.74,D,0
24.45135,73.3219,,345.16,0.49,0.48,2025-03-23,746,N20,VIIRS,n,2,,313.36,9.85,D,0
26.57809,84.50035,,334.4,0.52,0.42,2025-03-23,746,N20,VIIRS,n,2,,303.57,7.4,D,0
28.1727,80.90805,,334.71,0.4,0.37,2025-03-23,746,N20,VIIRS,l,2,,308.84,11.43,D,0
28.88857,82.46474,,338.14,0.45,0.39,2025-03-23,747,N20,VIIRS,n,2,,299.21,3.63,D,0
30.98131,73.00756,,334.68,0.57,0.43,2025-03-23,748,N20,VIIRS,n,2,,305.41,7.14,D,0
24.44412,68.30789,,367,0.6,0.71,2025-03-23,927,N20,VIIRS,h,2,,314.43,12.16,D,0
27.09912,86.00736,,308.46,0.47,0.4,2025-03-23,2012,N20,VIIRS,n,2,,289.15,1.32,N,0
28.4594,80.34711,,301.71,0.42,0.37,2025-03-23,2012,N20,VIIRS,n,2,,289.06,0.72,N,0
21.98337,83.23248,,311.17,0.42,0.38,2025-03-23,2013,N20,VIIRS,n,2,,294.61,1.45,N,2
22.19708,78.23571,,314.28,0.44,0.38,2025-03-23,2013,N20,VIIRS,n,2,,293.71,1.3,N,0
22.33517,78.30389,,312.98,0.43,0.38,2025-03-23,2013,N20,VIIRS,n,2,,293.32,1.64,N,0
22.56475,77.34901,,318.59,0.48,0.4,2025-03-23,2013,N20,VIIRS,n,2,,288.02,1.12,N,0
22.69602,78.83749,,306.34,0.42,0.38,2025-03-23,2013,N20,VIIRS,n,2,,294.18,1.22,N,0
22.90535,73.94635,,304.3,0.5,0.49,2025-03-23,2013,N20,VIIRS,n,2,,293.22,1.1,N,0
23.16622,82.33761,,334.64,0.39,0.36,2025-03-23,2013,N20,VIIRS,n,2,,295.08,2.4,N,2
23.59288,81.76702,,303.81,0.39,0.36,2025-03-23,2013,N20,VIIRS,n,2,,289.82,0.62,N,0
23.75965,86.39612,,305.76,0.56,0.43,2025-03-23,2013,N20,VIIRS,n,2,,292.95,1.86,N,2
24.1988,74.28326,,304.49,0.5,0.49,2025-03-23,2013,N20,VIIRS,n,2,,292.06,1.11,N,0
19.02758,74.61095,,313.46,0.41,0.45,2025-03-23,2014,N20,VIIRS,n,2,,294.01,1.07,N,0
20.45627,78.08467,,306.75,0.43,0.38,2025-03-23,2014,N20,VIIRS,n,2,,294.37,0.94,N,0
21.18782,81.39209,,314.53,0.39,0.36,2025-03-23,2014,N20,VIIRS,n,2,,298.07,1.63,N,2
21.53715,78.77007,,304.49,0.41,0.37,2025-03-23,2014,N20,VIIRS,n,2,,292.67,0.95,N,0
21.79258,80.36195,,312.74,0.39,0.36,2025-03-23,2014,N20,VIIRS,n,2,,297.31,1.74,N,0
22.25904,76.45702,,309.14,0.53,0.42,2025-03-23,2014,N20,VIIRS,n,2,,295.46,1.1,N,0
15.33949,76.24898,,307,0.45,0.39,2025-03-23,2015,N20,VIIRS,n,2,,293.15,1.54,N,0
18.25763,73.99628,,335.63,0.44,0.46,2025-03-23,2015,N20,VIIRS,n,2,,296.07,3.03,N,0
24.1696,68.43111,,338.11,0.52,0.67,2025-03-23,2154,N20,VIIRS,n,2,,294.29,3.57,N,0
13.82059,78.19171,,347.57,0.38,0.59,2025-03-24,724,N20,VIIRS,n,2,,302.41,6.54,D,0
14.94507,77.92397,,333.55,0.38,0.59,2025-03-24,724,N20,VIIRS,n,2,,300.47,1.74,D,0
16.20676,77.29742,,331.2,0.4,0.6,2025-03-24,725,N20,VIIRS,n,2,,300.27,1.92,D,0
17.66643,81.44751,,334.55,0.4,0.44,2025-03-24,725,N20,VIIRS,n,2,,300.68,3.3,D,0
18.32972,74.87333,,337.62,0.52,0.67,2025-03-24,725,N20,VIIRS,n,2,,305.4,3.38,D,0
19.17484,76.22813,,345.58,0.41,0.6,2025-03-24,725,N20,VIIRS,n,2,,311.26,4.7,D,0
19.97535,79.23629,,332.36,0.5,0.49,2025-03-24,725,N20,VIIRS,l,2,,306.35,1.83,D,0
19.95635,76.51447,,349.51,0.38,0.58,2025-03-24,726,N20,VIIRS,n,2,,316.05,5.42,D,0
20.50228,76.57214,,354.2,0.36,0.58,2025-03-24,726,N20,VIIRS,n,2,,316.67,8.71,D,0
21.07648,80.27586,,342.23,0.41,0.45,2025-03-24,726,N20,VIIRS,n,2,,308.93,3.12,D,0
21.40779,77.55193,,353.85,0.6,0.53,2025-03-24,726,N20,VIIRS,n,2,,314.78,14.61,D,0
21.63133,79.43201,,338.25,0.45,0.47,2025-03-24,726,N20,VIIRS,n,2,,311.74,4.13,D,0
21.8251,83.90288,,334.59,0.41,0.37,2025-03-24,726,N20,VIIRS,n,2,,305.77,2.92,D,0
22.05716,79.96989,,354.37,0.41,0.45,2025-03-24,726,N20,VIIRS,n,2,,315.24,9.06,D,0
22.23853,80.21848,,342.57,0.4,0.44,2025-03-24,726,N20,VIIRS,n,2,,311.56,2.53,D,0
22.34447,77.55994,,340.04,0.58,0.52,2025-03-24,726,N20,VIIRS,n,2,,312.02,5.49,D,0
22.52657,79.76414,,341.49,0.42,0.45,2025-03-24,726,N20,VIIRS,l,2,,316.47,2,D,0
22.83903,76.92634,,348.17,0.62,0.54,2025-03-24,726,N20,VIIRS,n,2,,314.67,9.17,D,0
23.06093,76.44831,,347.55,0.33,0.55,2025-03-24,726,N20,VIIRS,n,2,,318.06,5.55,D,0
23.46909,82.33099,,338.89,0.45,0.39,2025-03-24,726,N20,VIIRS,l,2,,309.34,4.72,D,0
23.69967,79.82683,,351.38,0.4,0.44,2025-03-24,726,N20,VIIRS,n,2,,318.95,5.53,D,0
24.31665,82.16133,,343.27,0.45,0.39,2025-03-24,726,N20,VIIRS,n,2,,314.17,3.77,D,0
23.79123,79.01639,,350.7,0.44,0.46,2025-03-24,727,N20,VIIRS,n,2,,321.98,15.11,D,0
24.37176,79.38189,,341.79,0.41,0.45,2025-03-24,727,N20,VIIRS,l,2,,314.89,8.55,D,0
25.10414,86.40721,,337.07,0.4,0.37,2025-03-24,727,N20,VIIRS,n,2,,296.6,6.89,D,0
26.942,86.17619,,330.32,0.4,0.37,2025-03-24,727,N20,VIIRS,l,2,,302.11,1.71,D,0
27.56171,84.21976,,339.25,0.38,0.36,2025-03-24,727,N20,VIIRS,n,2,,305.31,7.1,D,0
28.31511,80.41885,,336.28,0.47,0.4,2025-03-24,728,N20,VIIRS,n,2,,300.9,4.87,D,0
29.54951,69.96094,,332.16,0.58,0.7,2025-03-24,729,N20,VIIRS,l,2,,306.48,3.29,D,0
18.61043,73.25907,,337.01,0.54,0.68,2025-03-24,906,N20,VIIRS,n,2,,306.6,4.85,D,0
21.6272,69.9454,,355.79,0.35,0.57,2025-03-24,907,N20,VIIRS,n,2,,317.92,13.55,D,0
23.73933,73.29318,,340.95,0.61,0.71,2025-03-24,907,N20,VIIRS,n,2,,311.08,4.99,D,0
31.61419,74.37286,,298.62,0.58,0.7,2025-03-24,1952,N20,VIIRS,n,2,,288.05,0.94,N,0
27.50918,85.03325,,299.74,0.41,0.37,2025-03-24,1953,N20,VIIRS,n,2,,287.7,0.49,N,0
22.03096,83.36433,,307.66,0.42,0.38,2025-03-24,1954,N20,VIIRS,n,2,,295.32,1.32,N,2
22.52048,80.0137,,296.07,0.41,0.45,2025-03-24,1954,N20,VIIRS,n,2,,285.17,0.4,N,0
22.8596,79.46973,,312.99,0.45,0.47,2025-03-24,1954,N20,VIIRS,n,2,,292.81,1.44,N,0
23.25505,78.67732,,304.14,0.51,0.5,2025-03-24,1954,N20,VIIRS,n,2,,289.56,1.37,N,0
23.66919,84.99657,,312.52,0.39,0.36,2025-03-24,1954,N20,VIIRS,n,2,,292.1,1.36,N,2
23.76696,86.38997,,308.84,0.38,0.36,2025-03-24,1954,N20,VIIRS,n,2,,296.61,1.31,N,2
23.99467,78.45991,,305.87,0.54,0.51,2025-03-24,1954,N20,VIIRS,n,2,,289.87,0.85,N,0
25.05319,86.32723,,302.39,0.38,0.36,2025-03-24,1954,N20,VIIRS,n,2,,291.99,0.59,N,0
20.06349,79.89542,,304.3,0.39,0.44,2025-03-24,1955,N20,VIIRS,n,2,,292.64,0.39,N,0
20.95547,85.01084,,312.96,0.39,0.36,2025-03-24,1955,N20,VIIRS,n,2,,293.23,1.21,N,2
21.24489,79.22248,,312.88,0.45,0.47,2025-03-24,1955,N20,VIIRS,n,2,,293.99,2.28,N,2
21.61003,80.62808,,305.85,0.56,0.43,2025-03-24,1955,N20,VIIRS,n,2,,294.57,1.28,N,0
21.8657,79.91912,,313.44,0.41,0.45,2025-03-24,1955,N20,VIIRS,n,2,,295.63,3.2,N,0
22.11066,79.9155,,317.7,0.42,0.45,2025-03-24,1955,N20,VIIRS,n,2,,294.02,1.57,N,0
22.39277,75.70714,,304.08,0.39,0.59,2025-03-24,1955,N20,VIIRS,n,2,,292.39,1.84,N,0
22.65536,76.19319,,307.08,0.36,0.58,2025-03-24,1955,N20,VIIRS,n,2,,293.4,1.52,N,0
11.78024,77.08447,,303.35,0.46,0.47,2025-03-24,1957,N20,VIIRS,n,2,,291.29,0.42,N,0
22.55102,74.90158,,306.65,0.72,0.75,2025-03-24,2135,N20,VIIRS,n,2,,292.18,1.83,N,0
17.15594,79.0578,,335.8,0.6,0.7,2025-03-25,706,N20,VIIRS,n,2,,298.98,2.59,D,0
18.74551,80.55432,,331.03,0.44,0.62,2025-03-25,706,N20,VIIRS,l,2,,302.32,2.58,D,0
19.74276,82.49654,,339.1,0.63,0.54,2025-03-25,706,N20,VIIRS,n,2,,310.09,5.71,D,0
20.08354,79.91643,,335.91,0.46,0.63,2025-03-25,707,N20,VIIRS,n,2,,305,3.42,D,0
20.39217,79.9121,,337.55,0.45,0.63,2025-03-25,707,N20,VIIRS,n,2,,307.78,1.93,D,0
20.55145,79.81609,,336.42,0.45,0.63,2025-03-25,707,N20,VIIRS,l,2,,309.13,3.34,D,0
20.80558,85.25871,,337.81,0.4,0.45,2025-03-25,707,N20,VIIRS,n,2,,312.04,4.71,D,2
21.14578,80.4586,,336.11,0.4,0.6,2025-03-25,707,N20,VIIRS,l,2,,307.94,2.71,D,0
21.47888,78.83996,,367,0.5,0.66,2025-03-25,707,N20,VIIRS,h,2,,314.98,5.14,D,0
21.67283,84.33952,,353.23,0.44,0.46,2025-03-25,707,N20,VIIRS,n,2,,310.92,11.51,D,0
21.87554,79.85466,,332.25,0.42,0.61,2025-03-25,707,N20,VIIRS,l,2,,305.23,4.2,D,0
22.0859,83.65609,,337.8,0.48,0.48,2025-03-25,707,N20,VIIRS,l,2,,308.53,2.77,D,0
22.33267,80.20129,,340.3,0.39,0.6,2025-03-25,707,N20,VIIRS,l,2,,311.91,5.63,D,0
22.67243,79.25951,,367,0.44,0.63,2025-03-25,707,N20,VIIRS,h,2,,315.4,15.28,D,0
23.36718,81.13309,,334.58,0.33,0.55,2025-03-25,707,N20,VIIRS,n,2,,308.07,4.54,D,0
23.71261,83.53652,,339.7,0.46,0.47,2025-03-25,707,N20,VIIRS,l,2,,310.45,5.99,D,0
24.58704,87.40979,,331.69,0.43,0.38,2025-03-25,707,N20,VIIRS,n,2,,305.26,1.63,D,0
23.04484,77.34953,,354.55,0.57,0.69,2025-03-25,708,N20,VIIRS,n,2,,312.88,19.39,D,0
23.55471,81.62347,,337.33,0.6,0.53,2025-03-25,708,N20,VIIRS,l,2,,309.3,10.18,D,0
24.1852,83.39734,,341.44,0.46,0.47,2025-03-25,708,N20,VIIRS,n,2,,311.9,3.59,D,0
24.56475,84.52092,,343.93,0.39,0.44,2025-03-25,708,N20,VIIRS,n,2,,309.55,7.18,D,0
24.72915,85.96122,,332.99,0.48,0.4,2025-03-25,708,N20,VIIRS,l,2,,307.87,1.64,D,0
25.0552,87.6441,,337.95,0.41,0.37,2025-03-25,708,N20,VIIRS,l,2,,310.62,2.85,D,0
26.59284,89.78192,,335.68,0.39,0.36,2025-03-25,708,N20,VIIRS,l,2,,308.79,2.51,D,0
27.05978,85.93195,,334.43,0.45,0.39,2025-03-25,708,N20,VIIRS,l,2,,305.74,1.81,D,0
27.57768,83.9383,,330.53,0.55,0.43,2025-03-25,708,N20,VIIRS,n,2,,303.53,3.51,D,0
30.38107,76.08768,,340.31,0.46,0.63,2025-03-25,710,N20,VIIRS,n,2,,297.93,3.62,D,0
12.93576,78.60422,,367,0.5,0.66,2025-03-25,845,N20,VIIRS,h,2,,300.3,18.64,D,0
14.59159,79.23828,,367,0.58,0.7,2025-03-25,846,N20,VIIRS,h,2,,303.9,19.93,D,0
18.01562,73.36261,,330.04,0.52,0.5,2025-03-25,847,N20,VIIRS,l,2,,303.88,1.36,D,0
19.33391,73.94986,,367,0.59,0.53,2025-03-25,847,N20,VIIRS,h,2,,317.56,17.95,D,0
20.03773,77.5864,,337.93,0.52,0.67,2025-03-25,847,N20,VIIRS,l,2,,310.65,4.89,D,0
20.5682,80.0853,,351.05,0.77,0.77,2025-03-25,847,N20,VIIRS,n,2,,307.07,13.86,D,0
21.33219,73.94022,,352.55,0.63,0.54,2025-03-25,848,N20,VIIRS,n,2,,318.5,16.46,D,0
21.64579,76.74281,,367,0.48,0.65,2025-03-25,848,N20,VIIRS,h,2,,311.39,6.23,D,0
21.74925,77.01641,,348.61,0.5,0.66,2025-03-25,848,N20,VIIRS,n,2,,312.92,10.33,D,0
22.07501,79.87231,,349.07,0.77,0.77,2025-03-25,848,N20,VIIRS,n,2,,308.67,6.57,D,0
22.38893,75.71742,,338.05,0.42,0.61,2025-03-25,848,N20,VIIRS,l,2,,310.64,4.42,D,0
22.60744,77.29739,,367,0.53,0.67,2025-03-25,848,N20,VIIRS,h,2,,312.76,15.66,D,0
23.0214,76.66763,,352.95,0.49,0.65,2025-03-25,848,N20,VIIRS,n,2,,314.35,9.91,D,0
23.91695,74.61372,,367,0.37,0.58,2025-03-25,848,N20,VIIRS,h,2,,317.15,8.69,D,0
24.3421,79.65273,,351.85,0.79,0.78,2025-03-25,848,N20,VIIRS,n,2,,308.99,28.47,D,0
24.66303,75.45022,,367,0.43,0.62,2025-03-25,849,N20,VIIRS,h,2,,312.68,31.37,D,0
25.82891,77.9106,,337.14,0.63,0.72,2025-03-25,849,N20,VIIRS,n,2,,307.36,5.24,D,0
27.29038,84.97927,,307.95,0.46,0.47,2025-03-25,1934,N20,VIIRS,n,2,,293.84,1.23,N,0
22.37863,87.28085,,324.03,0.46,0.39,2025-03-25,1935,N20,VIIRS,n,2,,299.5,3.7,N,2
23.26067,78.5673,,308.25,0.53,0.67,2025-03-25,1935,N20,VIIRS,n,2,,291.9,2.05,N,0
23.71605,83.23454,,300.76,0.53,0.5,2025-03-25,1935,N20,VIIRS,n,2,,290.39,1.11,N,0
24.16857,82.68286,,312.83,0.59,0.53,2025-03-25,1935,N20,VIIRS,n,2,,293.16,1.35,N,0
25.12471,86.27283,,307.28,0.55,0.43,2025-03-25,1935,N20,VIIRS,n,2,,294.34,1.48,N,0
19.47112,80.4642,,311.27,0.36,0.57,2025-03-25,1936,N20,VIIRS,n,2,,296.82,2.42,N,0
20.51184,79.5545,,310.1,0.42,0.61,2025-03-25,1936,N20,VIIRS,n,2,,298.2,1.49,N,0
21.21004,76.44286,,305.22,0.69,0.74,2025-03-25,1936,N20,VIIRS,n,2,,290.62,2.28,N,0
21.87436,79.94834,,310.66,0.41,0.61,2025-03-25,1936,N20,VIIRS,n,2,,295.84,2.75,N,0
22.23689,77.14262,,300.32,0.63,0.72,2025-03-25,1936,N20,VIIRS,n,2,,287.98,0.59,N,0
22.59792,77.28835,,298.83,0.63,0.72,2025-03-25,1936,N20,VIIRS,n,2,,287.62,0.82,N,0
13.59265,78.47243,,306.09,0.41,0.61,2025-03-25,1938,N20,VIIRS,n,2,,291.55,1.89,N,0
21.26906,76.49899,,302.53,0.48,0.65,2025-03-25,2116,N20,VIIRS,n,2,,292.16,1.2,N,0
22.33113,77.67638,,302.91,0.55,0.68,2025-03-25,2116,N20,VIIRS,n,2,,292.58,1.07,N,0
22.98884,78.75217,,301.05,0.62,0.71,2025-03-25,2116,N20,VIIRS,n,2,,286.82,0.83,N,0
18.49584,75.71491,,303.33,0.49,0.65,2025-03-25,2117,N20,VIIRS,n,2,,290.84,1.59,N,0
17.36258,82.46538,,336.15,0.72,0.76,2025-03-26,647,N20,VIIRS,n,2,,296.36,7.95,D,0
21.00751,83.97005,,334.13,0.48,0.65,2025-03-26,648,N20,VIIRS,l,2,,307.79,5.1,D,0
21.66451,84.76543,,333.83,0.42,0.61,2025-03-26,648,N20,VIIRS,l,2,,305.07,2.58,D,0
22.78211,86.20618,,335.88,0.32,0.55,2025-03-26,648,N20,VIIRS,l,2,,310.34,2.47,D,2
23.44259,83.23476,,330.32,0.48,0.65,2025-03-26,649,N20,VIIRS,l,2,,303.59,2.82,D,0
23.71572,85.1664,,340.65,0.36,0.57,2025-03-26,649,N20,VIIRS,n,2,,305.94,2.89,D,0
23.94159,83.12862,,339.67,0.47,0.64,2025-03-26,649,N20,VIIRS,n,2,,310.27,4.06,D,0
24.44519,79.60415,,351.62,0.76,0.77,2025-03-26,649,N20,VIIRS,n,2,,305.53,13.47,D,0
24.82168,87.35741,,331.04,0.5,0.49,2025-03-26,649,N20,VIIRS,l,2,,305.28,1.28,D,0
26.35882,88.86881,,333.84,0.57,0.43,2025-03-26,649,N20,VIIRS,n,2,,303.59,2,D,0
27.6238,83.84132,,331.65,0.35,0.57,2025-03-26,650,N20,VIIRS,n,2,,297.22,3.28,D,0
12.14948,76.62148,,332.65,0.53,0.42,2025-03-26,826,N20,VIIRS,l,2,,305.53,2.23,D,0
13.34321,79.3391,,343.42,0.54,0.51,2025-03-26,826,N20,VIIRS,n,2,,310.76,8.19,D,0
14.29928,76.09659,,335.96,0.53,0.42,2025-03-26,827,N20,VIIRS,l,2,,308.05,4.16,D,0
15.37781,78.78363,,333.55,0.53,0.5,2025-03-26,827,N20,VIIRS,l,2,,305.18,4.2,D,0
16.9311,77.00252,,336.82,0.43,0.46,2025-03-26,827,N20,VIIRS,n,2,,306.51,4.41,D,0
17.51711,74.4768,,347.09,0.47,0.4,2025-03-26,828,N20,VIIRS,n,2,,311.07,6.09,D,0
18.07484,81.26148,,330.74,0.42,0.61,2025-03-26,828,N20,VIIRS,l,2,,300.8,3.17,D,0
18.49933,83.45158,,334.07,0.59,0.7,2025-03-26,828,N20,VIIRS,n,2,,302.48,2.69,D,0
18.88782,80.20161,,335.65,0.37,0.58,2025-03-26,828,N20,VIIRS,n,2,,304.61,1.83,D,0
19.27713,80.38989,,336.7,0.38,0.59,2025-03-26,828,N20,VIIRS,n,2,,305.52,2.96,D,0
19.44847,80.32978,,336.63,0.38,0.59,2025-03-26,828,N20,VIIRS,n,2,,306.05,3.48,D,0
19.7048,80.36638,,335.78,0.38,0.59,2025-03-26,828,N20,VIIRS,n,2,,305.31,2.85,D,0
19.99346,79.42554,,342.92,0.34,0.56,2025-03-26,828,N20,VIIRS,n,2,,306.89,4.83,D,0
20.36833,79.81013,,330.23,0.36,0.57,2025-03-26,828,N20,VIIRS,l,2,,303.23,2.38,D,0
20.50651,79.80814,,337.1,0.36,0.57,2025-03-26,828,N20,VIIRS,l,2,,310.75,3.12,D,0
20.69145,78.96801,,345.41,0.32,0.55,2025-03-26,828,N20,VIIRS,l,2,,315.77,3.11,D,0
20.98021,81.70715,,350.96,0.49,0.65,2025-03-26,828,N20,VIIRS,n,2,,308.63,5,D,0
21.34074,83.17063,,332.23,0.61,0.71,2025-03-26,828,N20,VIIRS,l,2,,305.65,3.71,D,0
21.35638,80.07849,,335.96,0.39,0.59,2025-03-26,829,N20,VIIRS,l,2,,310.18,3.07,D,0
21.55005,81.91235,,367,0.51,0.66,2025-03-26,829,N20,VIIRS,h,2,,317.38,8.29,D,0
21.70034,79.7524,,339.97,0.37,0.58,2025-03-26,829,N20,VIIRS,n,2,,310.83,2.23,D,0
21.84453,76.87446,,348.7,0.49,0.48,2025-03-26,829,N20,VIIRS,n,2,,320.64,11.95,D,0
22.10163,79.8773,,345.43,0.38,0.59,2025-03-26,829,N20,VIIRS,n,2,,310.93,3.98,D,0
22.22986,79.85984,,348.46,0.38,0.59,2025-03-26,829,N20,VIIRS,n,2,,314.77,4.42,D,0
22.35247,69.98546,,345.66,0.38,0.36,2025-03-26,829,N20,VIIRS,n,2,,315.47,9.3,D,0
22.48101,75.68852,,344.32,0.42,0.45,2025-03-26,829,N20,VIIRS,l,2,,317.51,5.23,D,0
22.69163,78.74276,,341.4,0.33,0.55,2025-03-26,829,N20,VIIRS,n,2,,311.22,2.28,D,0
22.90025,76.49548,,347.42,0.47,0.48,2025-03-26,829,N20,VIIRS,n,2,,318.2,8.06,D,0
23.1533,77.84353,,352.69,0.58,0.52,2025-03-26,829,N20,VIIRS,n,2,,314,6.61,D,0
23.38098,77.60439,,341.82,0.56,0.52,2025-03-26,829,N20,VIIRS,n,2,,311.29,8.66,D,0
23.57617,82.68552,,334.43,0.6,0.71,2025-03-26,829,N20,VIIRS,l,2,,305.19,5.01,D,0
23.74885,83.65624,,333.23,0.69,0.75,2025-03-26,829,N20,VIIRS,l,2,,305.35,6.26,D,0
24.10829,80.11557,,343.27,0.42,0.61,2025-03-26,829,N20,VIIRS,n,2,,313.46,6.78,D,0
24.26053,79.16092,,340.25,0.36,0.58,2025-03-26,829,N20,VIIRS,l,2,,312.79,4.27,D,0
24.4147,79.79571,,344.37,0.4,0.6,2025-03-26,829,N20,VIIRS,n,2,,313.45,6.02,D,0
24.18454,74.2802,,351.19,0.55,0.42,2025-03-26,830,N20,VIIRS,n,2,,318.18,10.46,D,0
24.75652,80.18591,,353.82,0.43,0.62,2025-03-26,830,N20,VIIRS,n,2,,314.61,5.2,D,0
25.34281,77.75426,,350.56,0.61,0.53,2025-03-26,830,N20,VIIRS,n,2,,317.03,7.67,D,0
30.83606,76.48187,,336.4,0.59,0.53,2025-03-26,831,N20,VIIRS,n,2,,299.98,6.16,D,0
22.61295,82.80068,,309.81,0.56,0.69,2025-03-26,1916,N20,VIIRS,n,2,,295.78,2.97,N,0
23.76043,86.39758,,316.37,0.34,0.56,2025-03-26,1916,N20,VIIRS,n,2,,297.38,5.62,N,2
25.14211,86.39394,,306.26,0.35,0.57,2025-03-26,1916,N20,VIIRS,n,2,,294.61,1.42,N,0
20.96185,85.17503,,313.41,0.38,0.58,2025-03-26,1917,N20,VIIRS,n,2,,297.68,2.41,N,2
17.61021,83.2007,,309.89,0.46,0.64,2025-03-26,1918,N20,VIIRS,n,2,,293.52,2.02,N,2
27.8662,80.80225,,337.22,0.33,0.55,2025-03-26,2056,N20,VIIRS,n,2,,289.56,1.62,N,0
21.75775,84.02548,,305.54,0.71,0.75,2025-03-26,2057,N20,VIIRS,n,2,,294.55,3.49,N,2
22.22817,79.1537,,309.36,0.34,0.56,2025-03-26,2057,N20,VIIRS,n,2,,293.76,5,N,0
22.38748,77.2616,,301.21,0.51,0.49,2025-03-26,2057,N20,VIIRS,n,2,,290.56,1.28,N,0
22.54419,76.95789,,301.88,0.49,0.48,2025-03-26,2057,N20,VIIRS,n,2,,290.07,0.58,N,0
22.70621,79.09332,,301.29,0.33,0.55,2025-03-26,2057,N20,VIIRS,n,2,,289.66,0.4,N,0
23.59747,78.88916,,299.65,0.61,0.54,2025-03-26,2057,N20,VIIRS,n,2,,288.34,0.35,N,0
18.32227,80.85335,,304.85,0.53,0.67,2025-03-26,2058,N20,VIIRS,n,2,,292.74,1.88,N,0
20.30811,76.81786,,311.98,0.53,0.5,2025-03-26,2058,N20,VIIRS,n,2,,291.78,1.58,N,0
21.53448,76.57857,,312.04,0.48,0.48,2025-03-26,2058,N20,VIIRS,n,2,,295.64,2.04,N,0
22.8137,78.7727,315.3,,1,1,2025-03-22,424,Terra,MODIS,46,61.03,303.2,,5.3,D,0
16.4897,77.3469,323.2,,1,1,2025-03-22,426,Terra,MODIS,63,61.03,305.2,,6.5,D,0
19.5394,83.8391,322.7,,1,1,2025-03-22,852,Aqua,MODIS,10,61.03,303.8,,9.4,D,0
22.0898,81.2298,321.9,,1,1,2025-03-22,852,Aqua,MODIS,66,61.03,304.5,,9,D,0
28.3246,80.825,317.7,,1,1,2025-03-22,854,Aqua,MODIS,68,61.03,305.5,,6,D,0
21.4528,71.6094,326.2,,1.2,1.1,2025-03-23,504,Terra,MODIS,69,61.03,312.2,,12.8,D,0
15.488,74.8142,335,,1,1,2025-03-23,930,Aqua,MODIS,78,61.03,317.4,,20,D,0
20.9048,73.5136,326.4,,1,1,2025-03-23,931,Aqua,MODIS,15,61.03,312.9,,6.7,D,0
22.3938,76.5266,337.8,,1.5,1.2,2025-03-23,932,Aqua,MODIS,82,61.03,316.5,,38,D,0
23.9586,73.3247,335.9,,1.1,1,2025-03-23,932,Aqua,MODIS,78,61.03,316.2,,21.1,D,0
18.9165,77.7084,329.1,,1.1,1.1,2025-03-23,1557,Terra,MODIS,100,61.03,296.3,,29.2,N,0
22.6322,76.6281,320,,1.2,1.1,2025-03-23,1558,Terra,MODIS,100,61.03,291.8,,21.7,N,0
26.834,83.8949,313.7,,1,1,2025-03-24,404,Terra,MODIS,57,61.03,300.1,,6,D,0
20.1452,85.7533,318.1,,1.1,1,2025-03-24,832,Aqua,MODIS,63,61.03,303.9,,5.8,D,0
24.7497,85.908,320.8,,1,1,2025-03-24,833,Aqua,MODIS,36,61.03,305,,6.3,D,0
21.6325,70.0541,306.5,,1,1,2025-03-24,1637,Terra,MODIS,63,61.03,294.7,,6,N,0
21.7213,70.2627,324.2,,1.3,1.1,2025-03-25,445,Terra,MODIS,62,61.03,307.6,,16.2,D,0
24.1986,74.4605,324.9,,1,1,2025-03-25,445,Terra,MODIS,64,61.03,310.7,,8.5,D,0
11.913,77.4492,322.5,,1.1,1.1,2025-03-25,909,Aqua,MODIS,63,61.03,305.9,,8.7,D,0
18.3191,82.1697,375.2,,1.4,1.2,2025-03-25,910,Aqua,MODIS,100,61.03,306.5,,210.1,D,0
19.551,77.2048,346.9,,1,1,2025-03-25,911,Aqua,MODIS,89,61.03,318.9,,32.9,D,0
20.359,80.2133,328.4,,1.2,1.1,2025-03-25,911,Aqua,MODIS,47,61.03,315.1,,11.1,D,0
21.3923,76.4787,332.7,,1,1,2025-03-25,911,Aqua,MODIS,70,61.03,319.7,,9.6,D,0
22.0369,80.0893,336.9,,1.2,1.1,2025-03-25,911,Aqua,MODIS,79,61.03,313.7,,30,D,0
22.2517,79.6853,337.1,,1.2,1.1,2025-03-25,912,Aqua,MODIS,81,61.03,318.4,,24,D,0
22.8189,76.9237,331.4,,1,1,2025-03-25,912,Aqua,MODIS,66,61.03,319.7,,6.6,D,0
23.4625,81.2263,338.7,,1.5,1.2,2025-03-25,912,Aqua,MODIS,84,61.03,314.4,,44.4,D,0
24.3595,80.5466,337.5,,1.4,1.2,2025-03-25,912,Aqua,MODIS,82,61.03,317.5,,31.7,D,0
25.2477,78.383,408.9,,1.1,1,2025-03-25,912,Aqua,MODIS,100,61.03,326.6,,329.8,D,0
31.4962,75.6586,320.9,,1,1,2025-03-25,914,Aqua,MODIS,74,61.03,302.2,,11,D,0
19.4698,80.7404,309.3,,1,1,2025-03-25,2120,Aqua,MODIS,77,61.03,296.2,,8.2,N,0
23.6765,83.5425,320.4,,2.8,1.6,2025-03-26,813,Aqua,MODIS,54,61.03,307.8,,26,D,0
17.945,73.5062,327.7,,1.7,1.3,2025-03-26,950,Aqua,MODIS,55,61.03,308.3,,20.7,D,0
19.2135,76.986,315.1,,1.1,1.1,2025-03-26,1618,Terra,MODIS,90,61.03,295.3,,13.9,N,0
31.982,75.5662,304.5,,1,1,2025-03-26,2156,Aqua,MODIS,60,61.03,283.8,,7.3,N,0
24.58421,86.06775,,338.49,0.59,0.7,2025-03-27,630,N20,VIIRS,n,2,,308.25,2.7,D,0
25.13147,86.34081,,330.72,0.55,0.68,2025-03-27,630,N20,VIIRS,l,2,,305.67,2.84,D,0
11.12133,76.98904,,343.53,0.38,0.36,2025-03-27,807,N20,VIIRS,n,2,,306.85,4.4,D,0
12.86955,78.86164,,346.63,0.41,0.37,2025-03-27,807,N20,VIIRS,n,2,,310.6,4.07,D,0
13.39052,78.95914,,340.69,0.42,0.38,2025-03-27,807,N20,VIIRS,l,2,,315.59,5,D,0
13.93939,78.2076,,340.58,0.4,0.37,2025-03-27,808,N20,VIIRS,l,2,,311.36,5.09,D,0
14.88354,79.0963,,333.65,0.44,0.38,2025-03-27,808,N20,VIIRS,l,2,,308.11,2.33,D,0
15.5287,78.70784,,333.57,0.43,0.38,2025-03-27,808,N20,VIIRS,l,2,,307.39,3.38,D,0
15.87831,79.30341,,337.63,0.46,0.39,2025-03-27,808,N20,VIIRS,l,2,,311.9,6.34,D,0
16.66175,77.37029,,350.65,0.4,0.37,2025-03-27,808,N20,VIIRS,n,2,,314.58,12.71,D,0
17.34835,77.22372,,346.59,0.4,0.37,2025-03-27,809,N20,VIIRS,n,2,,316.3,5.25,D,0
17.76427,82.04993,,338.21,0.46,0.47,2025-03-27,809,N20,VIIRS,l,2,,310.77,5.84,D,0
18.11982,80.7906,,338.24,0.39,0.44,2025-03-27,809,N20,VIIRS,l,2,,308.24,1.93,D,0
18.32524,80.85234,,336.54,0.39,0.44,2025-03-27,809,N20,VIIRS,l,2,,307.64,1.95,D,0
18.52677,77.59238,,345.24,0.41,0.37,2025-03-27,809,N20,VIIRS,l,2,,319.97,13.86,D,0
18.7898,79.86452,,347.87,0.52,0.42,2025-03-27,809,N20,VIIRS,n,2,,311.66,7.88,D,0
19.01527,80.22811,,339.04,0.55,0.43,2025-03-27,809,N20,VIIRS,l,2,,309.41,5.9,D,0
19.15341,80.36835,,337.4,0.56,0.43,2025-03-27,809,N20,VIIRS,l,2,,310.94,3.9,D,0
19.25038,80.70056,,337.79,0.39,0.44,2025-03-27,809,N20,VIIRS,l,2,,309.93,3,D,0
19.3773,80.8557,,338.48,0.4,0.45,2025-03-27,809,N20,VIIRS,l,2,,308.57,2.87,D,0
19.48787,81.23003,,343.21,0.43,0.46,2025-03-27,809,N20,VIIRS,n,2,,306.19,3.8,D,0
19.57627,81.21262,,335.47,0.43,0.46,2025-03-27,809,N20,VIIRS,l,2,,306.77,2.32,D,0
19.73471,80.4968,,334.3,0.39,0.44,2025-03-27,809,N20,VIIRS,l,2,,308.13,2.83,D,0
19.89749,77.34941,,345.44,0.42,0.37,2025-03-27,809,N20,VIIRS,n,2,,316.6,11.08,D,0
20.04853,83.67225,,344.89,0.62,0.54,2025-03-27,809,N20,VIIRS,n,2,,312,8.82,D,0
20.27942,83.98018,,344.75,0.33,0.55,2025-03-27,809,N20,VIIRS,n,2,,308.93,5.31,D,0
20.35783,83.90681,,341.61,0.33,0.55,2025-03-27,809,N20,VIIRS,n,2,,308.46,5.35,D,0
20.46501,83.7673,,344.43,0.32,0.55,2025-03-27,809,N20,VIIRS,n,2,,311.98,2.86,D,0
20.55557,83.90794,,338.46,0.33,0.55,2025-03-27,809,N20,VIIRS,n,2,,307.95,1.47,D,0
20.64164,84.18851,,367,0.34,0.56,2025-03-27,809,N20,VIIRS,h,2,,314.61,7.05,D,0
20.85203,81.10524,,347.53,0.44,0.46,2025-03-27,809,N20,VIIRS,n,2,,313.39,5.76,D,0
21.35415,84.29005,,353.45,0.35,0.57,2025-03-27,809,N20,VIIRS,n,2,,313.31,4.63,D,0
21.19071,72.07384,,343.16,0.44,0.38,2025-03-27,810,N20,VIIRS,n,2,,307.8,4.4,D,0
21.43955,82.662,,340.74,0.56,0.51,2025-03-27,810,N20,VIIRS,l,2,,315.02,9.98,D,0
21.57843,79.35127,,339.15,0.53,0.42,2025-03-27,810,N20,VIIRS,n,2,,312.69,2.92,D,0
21.72522,73.54695,,335.62,0.39,0.37,2025-03-27,810,N20,VIIRS,l,2,,309.4,1.61,D,0
21.85571,69.847,,347.76,0.55,0.43,2025-03-27,810,N20,VIIRS,n,2,,310.03,12.43,D,0
21.98467,71.03885,,344.44,0.48,0.4,2025-03-27,810,N20,VIIRS,n,2,,314.3,17.67,D,0
22.14434,77.68341,,346.2,0.45,0.39,2025-03-27,810,N20,VIIRS,n,2,,316.01,6.51,D,0
22.24789,80.17475,,343.76,0.4,0.44,2025-03-27,810,N20,VIIRS,n,2,,318.75,10.3,D,0
22.33281,85.44208,,338.79,0.43,0.62,2025-03-27,810,N20,VIIRS,n,2,,308.27,5.73,D,0
22.42824,81.71987,,337.92,0.5,0.49,2025-03-27,810,N20,VIIRS,n,2,,310.06,2.32,D,0
22.61498,75.82893,,341.57,0.39,0.37,2025-03-27,810,N20,VIIRS,l,2,,311.81,4.77,D,0
22.75761,79.0317,,342.15,0.53,0.42,2025-03-27,810,N20,VIIRS,n,2,,316.63,11.46,D,0
22.97185,77.86587,,342.83,0.46,0.39,2025-03-27,810,N20,VIIRS,l,2,,315.22,10.66,D,0
23.21062,77.78683,,349.45,0.46,0.39,2025-03-27,810,N20,VIIRS,n,2,,317.05,7.99,D,0
23.38721,81.18065,,341.8,0.48,0.48,2025-03-27,810,N20,VIIRS,n,2,,312.9,5.72,D,0
23.47152,82.70752,,341.98,0.59,0.53,2025-03-27,810,N20,VIIRS,l,2,,312.93,12.35,D,0
23.5672,84.9879,,338.95,0.42,0.61,2025-03-27,810,N20,VIIRS,n,2,,306.98,5.18,D,0
23.6422,79.39191,,349.68,0.56,0.43,2025-03-27,810,N20,VIIRS,l,2,,320.12,22.06,D,0
23.70819,83.29755,,335.84,0.33,0.55,2025-03-27,810,N20,VIIRS,l,2,,310.61,1.84,D,0
23.76705,86.10558,,334.14,0.49,0.65,2025-03-27,810,N20,VIIRS,n,2,,307.02,2.94,D,0
23.84582,83.68446,,345.46,0.35,0.56,2025-03-27,810,N20,VIIRS,n,2,,313.25,5.02,D,0
23.94867,84.18356,,337.53,0.37,0.58,2025-03-27,810,N20,VIIRS,n,2,,308.67,1.11,D,0
24.027,83.92874,,340.51,0.36,0.57,2025-03-27,810,N20,VIIRS,n,2,,311.19,1.55,D,0
24.17553,78.82651,,342.67,0.53,0.42,2025-03-27,810,N20,VIIRS,l,2,,313.72,5.16,D,0
24.35092,80.52101,,340.19,0.45,0.47,2025-03-27,810,N20,VIIRS,n,2,,313.21,9.71,D,0
24.46364,79.36726,,340.78,0.57,0.43,2025-03-27,810,N20,VIIRS,l,2,,314.32,8.57,D,0
24.5363,84.54661,,337.35,0.4,0.6,2025-03-27,810,N20,VIIRS,l,2,,309.41,3.56,D,0
24.6881,83.72578,,350.65,0.36,0.57,2025-03-27,810,N20,VIIRS,n,2,,313.37,4.91,D,0
24.77859,83.95463,,367,0.37,0.58,2025-03-27,810,N20,VIIRS,h,2,,316.27,8.17,D,0
24.87424,86.72343,,334.86,0.56,0.68,2025-03-27,810,N20,VIIRS,l,2,,308.62,4.82,D,0
25.0665,86.34868,,367,0.53,0.67,2025-03-27,810,N20,VIIRS,h,2,,307.91,7.3,D,0
24.53161,79.55372,,339.13,0.39,0.44,2025-03-27,811,N20,VIIRS,l,2,,313.89,3.01,D,0
25.12446,80.91328,,341.41,0.48,0.48,2025-03-27,811,N20,VIIRS,n,2,,315.69,4.41,D,0
26.40789,77.40062,,338.61,0.48,0.4,2025-03-27,811,N20,VIIRS,l,2,,312.46,3.55,D,0
27.96504,82.30812,,343.1,0.63,0.54,2025-03-27,811,N20,VIIRS,n,2,,307.34,13.18,D,0
28.33225,80.34635,,331.97,0.49,0.48,2025-03-27,812,N20,VIIRS,l,2,,306.32,4.47,D,0
28.79837,70.73677,,343.62,0.41,0.37,2025-03-27,812,N20,VIIRS,n,2,,309.4,3.58,D,0
29.32949,81.82943,,335.65,0.61,0.54,2025-03-27,812,N20,VIIRS,n,2,,301.05,6.16,D,0
32.30107,72.90905,,332.78,0.39,0.36,2025-03-27,813,N20,VIIRS,n,2,,301.38,1.57,D,0
29.47633,77.99042,,305.56,0.4,0.37,2025-03-27,2036,N20,VIIRS,n,2,,290.54,0.96,N,0
25.11048,86.2617,,308.03,0.41,0.61,2025-03-27,2037,N20,VIIRS,n,2,,296.06,2.28,N,0
27.73421,82.62954,,309.27,0.44,0.46,2025-03-27,2037,N20,VIIRS,n,2,,295.2,1.66,N,0
29.64637,75.81583,,328.86,0.39,0.36,2025-03-27,2037,N20,VIIRS,n,2,,289.57,2.71,N,0
21.59308,80.90342,,314.19,0.45,0.47,2025-03-27,2038,N20,VIIRS,n,2,,296.66,2.42,N,0
22.03708,83.35155,,315.63,0.63,0.54,2025-03-27,2038,N20,VIIRS,n,2,,295.92,4.1,N,2
22.31401,82.53165,,308.8,0.55,0.51,2025-03-27,2038,N20,VIIRS,n,2,,296.27,1.74,N,2
22.42327,78.4995,,317.1,0.48,0.4,2025-03-27,2038,N20,VIIRS,n,2,,297.76,3.51,N,0
22.61692,75.12247,,305.22,0.38,0.36,2025-03-27,2038,N20,VIIRS,n,2,,291.37,0.66,N,0
22.68381,75.12723,,305.31,0.38,0.36,2025-03-27,2038,N20,VIIRS,n,2,,291.7,0.43,N,0
22.87287,78.68047,,338.01,0.49,0.4,2025-03-27,2038,N20,VIIRS,n,2,,292.93,6.52,N,0
23.17356,80.09894,,319.21,0.57,0.43,2025-03-27,2038,N20,VIIRS,n,2,,294.23,1.54,N,0
23.48884,79.71868,,305.22,0.54,0.42,2025-03-27,2038,N20,VIIRS,n,2,,293.27,2.18,N,0
23.70465,82.85886,,306.94,0.54,0.51,2025-03-27,2038,N20,VIIRS,n,2,,296.37,3.26,N,0
23.86019,82.40607,,311.07,0.51,0.49,2025-03-27,2038,N20,VIIRS,n,2,,294.5,3,N,0
24.92717,80.38922,,314.12,0.55,0.43,2025-03-27,2038,N20,VIIRS,n,2,,297.15,5.1,N,0
19.23578,82.8108,,312.33,0.33,0.55,2025-03-27,2039,N20,VIIRS,n,2,,295.36,1.29,N,0
19.59574,80.88609,,305.7,0.49,0.49,2025-03-27,2039,N20,VIIRS,n,2,,295.28,2.25,N,0
20.31372,83.9574,,309.25,0.37,0.58,2025-03-27,2039,N20,VIIRS,n,2,,293.77,1.2,N,0
20.4274,83.73216,,311.07,0.36,0.57,2025-03-27,2039,N20,VIIRS,n,2,,297.87,2.33,N,0
20.60468,84.07742,,306.2,0.37,0.58,2025-03-27,2039,N20,VIIRS,n,2,,295.41,2.45,N,0
21.35879,75.65611,,308.26,0.39,0.36,2025-03-27,2039,N20,VIIRS,n,2,,292.91,0.75,N,0
22.42628,73.78867,,308.75,0.39,0.36,2025-03-27,2039,N20,VIIRS,n,2,,292.97,1.22,N,0
17.1795,75.86718,,307.12,0.43,0.38,2025-03-27,2040,N20,VIIRS,n,2,,294.75,1.8,N,0
18.68388,73.04404,,307.33,0.39,0.36,2025-03-27,2040,N20,VIIRS,n,2,,297.18,1.43,N,2
11.12149,77.00392,,344.71,0.39,0.44,2025-03-28,748,N20,VIIRS,n,2,,312.31,4.96,D,0
13.40543,79.50842,,344.16,0.42,0.37,2025-03-28,749,N20,VIIRS,l,2,,307.19,6.08,D,0
14.17742,76.11569,,335.86,0.4,0.44,2025-03-28,749,N20,VIIRS,l,2,,308.68,6.55,D,0
14.94623,75.11528,,331.65,0.45,0.47,2025-03-28,749,N20,VIIRS,l,2,,305.23,1.43,D,0
15.67287,78.83212,,350.01,0.42,0.38,2025-03-28,749,N20,VIIRS,n,2,,312.13,9.09,D,0
16.07827,78.62526,,344.84,0.42,0.38,2025-03-28,749,N20,VIIRS,l,2,,310.25,15.89,D,0
16.6923,77.07843,,341.98,0.48,0.4,2025-03-28,750,N20,VIIRS,l,2,,316.78,13.73,D,0
17.49963,81.00172,,342.22,0.39,0.36,2025-03-28,750,N20,VIIRS,n,2,,305.47,3.96,D,0
17.73366,81.2976,,335.88,0.39,0.36,2025-03-28,750,N20,VIIRS,l,2,,308.55,1.69,D,0
18.00614,80.19681,,339.1,0.38,0.36,2025-03-28,750,N20,VIIRS,l,2,,314.04,2.17,D,0
18.18506,80.86572,,336.18,0.39,0.36,2025-03-28,750,N20,VIIRS,l,2,,310.59,2.25,D,0
18.30274,80.79015,,345.88,0.39,0.36,2025-03-28,750,N20,VIIRS,n,2,,314.54,6.47,D,0
18.43698,79.66575,,339.14,0.39,0.36,2025-03-28,750,N20,VIIRS,l,2,,313.27,1.17,D,0
18.56936,83.07833,,336.73,0.44,0.38,2025-03-28,750,N20,VIIRS,l,2,,309.53,4.16,D,0
18.81681,80.98331,,336.78,0.39,0.36,2025-03-28,750,N20,VIIRS,l,2,,311.19,3.4,D,0
18.91999,80.24403,,350.11,0.38,0.36,2025-03-28,750,N20,VIIRS,n,2,,312.53,3.56,D,0
19.07403,80.58984,,342.21,0.39,0.36,2025-03-28,750,N20,VIIRS,n,2,,310.21,3.86,D,0
19.16049,80.646,,343.35,0.39,0.36,2025-03-28,750,N20,VIIRS,n,2,,311.44,5.55,D,0
19.24484,79.99133,,345.17,0.38,0.36,2025-03-28,750,N20,VIIRS,l,2,,317.41,4.04,D,0
19.31814,81.25563,,347.38,0.39,0.36,2025-03-28,750,N20,VIIRS,n,2,,305.84,3.37,D,0
19.42432,80.41483,,341.92,0.38,0.36,2025-03-28,750,N20,VIIRS,l,2,,312.91,2.89,D,0
19.50936,80.50505,,344.4,0.39,0.36,2025-03-28,750,N20,VIIRS,n,2,,312.15,4.69,D,0
19.56776,81.22186,,337.89,0.39,0.36,2025-03-28,750,N20,VIIRS,l,2,,308.95,3.46,D,0
19.6472,80.3622,,337.14,0.38,0.36,2025-03-28,750,N20,VIIRS,l,2,,310.34,3.81,D,0
19.78051,80.59438,,338.55,0.39,0.36,2025-03-28,750,N20,VIIRS,l,2,,310.1,2.88,D,0
19.89477,80.08807,,350.26,0.38,0.36,2025-03-28,750,N20,VIIRS,n,2,,316.57,10.61,D,0
20.03247,80.12427,,348.7,0.38,0.36,2025-03-28,750,N20,VIIRS,n,2,,317.09,4.9,D,0
20.18654,83.80446,,344.37,0.49,0.4,2025-03-28,750,N20,VIIRS,n,2,,310.15,9.59,D,0
20.30524,83.65675,,341.84,0.48,0.4,2025-03-28,750,N20,VIIRS,n,2,,311.19,3.95,D,0
20.3849,79.78226,,340.94,0.38,0.36,2025-03-28,750,N20,VIIRS,l,2,,313.18,3.94,D,0
20.48098,83.18754,,345.78,0.46,0.39,2025-03-28,750,N20,VIIRS,n,2,,316.15,3.73,D,0
20.5883,83.83782,,334.6,0.5,0.41,2025-03-28,750,N20,VIIRS,l,2,,309.16,2.78,D,0
20.73301,84.10101,,341.38,0.52,0.41,2025-03-28,750,N20,VIIRS,l,2,,312.3,5.74,D,0
19.59243,73.13956,,332.28,0.49,0.49,2025-03-28,751,N20,VIIRS,l,2,,307.04,4,D,0
20.6467,80.44019,,335.45,0.39,0.36,2025-03-28,751,N20,VIIRS,l,2,,309.7,2.78,D,0
20.98582,82.13579,,344.17,0.42,0.38,2025-03-28,751,N20,VIIRS,n,2,,317.5,7.34,D,0
21.17074,78.64746,,344.26,0.39,0.36,2025-03-28,751,N20,VIIRS,n,2,,317.18,5,D,0
21.31461,75.54959,,342.42,0.5,0.41,2025-03-28,751,N20,VIIRS,n,2,,307.05,3.01,D,0
21.43122,83.26977,,343.16,0.48,0.4,2025-03-28,751,N20,VIIRS,l,2,,317.66,8.42,D,0
21.55165,79.72562,,317.98,0.38,0.36,2025-03-28,751,N20,VIIRS,l,2,,324.23,24.56,D,0
21.6642,77.35746,,341.03,0.42,0.37,2025-03-28,751,N20,VIIRS,l,2,,315.04,4.21,D,0
21.77168,84.60312,,343.75,0.57,0.43,2025-03-28,751,N20,VIIRS,n,2,,314.57,8.05,D,0
21.88795,80.97453,,346.5,0.4,0.37,2025-03-28,751,N20,VIIRS,n,2,,315.97,4.65,D,0
21.97305,81.02708,,343.54,0.4,0.37,2025-03-28,751,N20,VIIRS,l,2,,314.26,4.88,D,0
22.08866,82.44183,,339.17,0.45,0.39,2025-03-28,751,N20,VIIRS,l,2,,313.3,4.94,D,0
22.19043,83.59495,,346.5,0.5,0.41,2025-03-28,751,N20,VIIRS,n,2,,311.47,10.73,D,0
22.30601,70.28566,,367,0.33,0.55,2025-03-28,751,N20,VIIRS,h,2,,315.94,5.46,D,0
22.39862,76.57386,,343.35,0.44,0.38,2025-03-28,751,N20,VIIRS,n,2,,312.35,5.06,D,0
22.49065,76.47375,,343.52,0.44,0.38,2025-03-28,751,N20,VIIRS,n,2,,317.46,6.24,D,0
22.60005,86.87891,,338.31,0.53,0.5,2025-03-28,751,N20,VIIRS,l,2,,311.93,7.24,D,0
22.74616,82.70161,,343.48,0.46,0.39,2025-03-28,751,N20,VIIRS,n,2,,312.15,6.39,D,0
22.94346,82.47465,,341.45,0.46,0.39,2025-03-28,751,N20,VIIRS,l,2,,315.76,4.8,D,0
23.14287,78.16982,,345.68,0.39,0.36,2025-03-28,751,N20,VIIRS,l,2,,317.38,5.4,D,0
23.27409,87.29305,,342.31,0.58,0.52,2025-03-28,751,N20,VIIRS,n,2,,309.42,12.83,D,0
23.3928,81.07925,,340.26,0.41,0.37,2025-03-28,751,N20,VIIRS,l,2,,313.72,2.48,D,0
23.48254,87.61488,,342.38,0.61,0.53,2025-03-28,751,N20,VIIRS,n,2,,308.4,10.38,D,0
23.54303,83.17079,,336.68,0.5,0.41,2025-03-28,751,N20,VIIRS,l,2,,311.11,2.69,D,0
23.58338,82.81313,,343.02,0.48,0.4,2025-03-28,751,N20,VIIRS,n,2,,311.98,4.21,D,0
23.64227,82.28503,,342.1,0.45,0.39,2025-03-28,751,N20,VIIRS,n,2,,312.07,7.13,D,0
23.71011,83.30924,,344.02,0.51,0.41,2025-03-28,751,N20,VIIRS,n,2,,312.83,4.87,D,0
23.77877,81.44528,,344.61,0.42,0.38,2025-03-28,751,N20,VIIRS,n,2,,308.6,6.59,D,0
23.83908,79.65335,,348.49,0.39,0.36,2025-03-28,751,N20,VIIRS,n,2,,317.81,6.47,D,0
23.90568,83.66701,,345.44,0.53,0.42,2025-03-28,751,N20,VIIRS,n,2,,312.34,3.9,D,0
24.06125,82.36677,,338.17,0.46,0.39,2025-03-28,751,N20,VIIRS,n,2,,312.38,4.84,D,0
24.27452,84.58346,,340.23,0.4,0.44,2025-03-28,751,N20,VIIRS,n,2,,310.96,2.1,D,0
24.47989,85.29713,,345.26,0.45,0.47,2025-03-28,751,N20,VIIRS,n,2,,312.42,6.25,D,0
24.56015,85.61801,,343.89,0.47,0.48,2025-03-28,751,N20,VIIRS,n,2,,311.55,6.13,D,0
24.64207,83.58722,,340.27,0.54,0.42,2025-03-28,751,N20,VIIRS,l,2,,312.19,6.14,D,0
24.76764,85.88745,,340.52,0.49,0.49,2025-03-28,751,N20,VIIRS,n,2,,312.85,4.04,D,0
23.16305,71.19891,,343.31,0.56,0.51,2025-03-28,752,N20,VIIRS,n,2,,315.8,5.06,D,0
24.2363,78.79233,,344.98,0.38,0.36,2025-03-28,752,N20,VIIRS,n,2,,314.28,2.57,D,0
24.40063,79.43462,,349.55,0.39,0.36,2025-03-28,752,N20,VIIRS,n,2,,315.45,4.01,D,0
24.6979,73.11177,,348.54,0.4,0.44,2025-03-28,752,N20,VIIRS,n,2,,317.65,4.66,D,0
24.89239,73.81323,,343.58,0.55,0.42,2025-03-28,752,N20,VIIRS,n,2,,318.14,21.56,D,0
25.1238,87.70009,,344.58,0.32,0.55,2025-03-28,752,N20,VIIRS,n,2,,308.85,5.98,D,0
26.80937,87.54175,,348.9,0.33,0.55,2025-03-28,752,N20,VIIRS,n,2,,297.83,4.64,D,0
27.62106,86.0983,,330.74,0.55,0.51,2025-03-28,752,N20,VIIRS,l,2,,304.2,5.29,D,0
28.0012,82.33501,,347.64,0.51,0.41,2025-03-28,752,N20,VIIRS,n,2,,314.45,12.44,D,0
28.41747,80.894,,342.49,0.44,0.39,2025-03-28,753,N20,VIIRS,l,2,,312.92,7.36,D,0
28.82648,79.94313,,336.62,0.41,0.37,2025-03-28,753,N20,VIIRS,l,2,,309.35,3.95,D,0
29.52053,79.80627,,347.85,0.42,0.37,2025-03-28,753,N20,VIIRS,n,2,,314.3,7.54,D,0
32.07677,73.08559,,333.52,0.46,0.39,2025-03-28,754,N20,VIIRS,l,2,,304,6.75,D,0
25.03342,86.45325,,308.07,0.43,0.46,2025-03-28,2018,N20,VIIRS,n,2,,297.02,1.53,N,0
25.19192,86.49658,,312.26,0.43,0.46,2025-03-28,2018,N20,VIIRS,n,2,,296.31,1.81,N,0
27.34896,84.91237,,306.52,0.49,0.41,2025-03-28,2018,N20,VIIRS,n,2,,293.01,1.02,N,0
27.41427,84.74599,,303.08,0.48,0.4,2025-03-28,2018,N20,VIIRS,n,2,,291.66,0.45,N,0
27.49221,83.91844,,312.9,0.45,0.39,2025-03-28,2018,N20,VIIRS,n,2,,296.02,2.18,N,0
27.62574,83.76015,,305.96,0.44,0.38,2025-03-28,2018,N20,VIIRS,n,2,,294.14,0.95,N,0
27.72435,82.62649,,314.67,0.4,0.37,2025-03-28,2018,N20,VIIRS,n,2,,295.41,1.76,N,0
27.94407,82.05317,,305.66,0.39,0.36,2025-03-28,2018,N20,VIIRS,n,2,,293.55,1.15,N,0
28.30559,80.4493,,315.28,0.39,0.36,2025-03-28,2018,N20,VIIRS,n,2,,291.7,1.22,N,0
28.4589,80.01771,,306.39,0.39,0.36,2025-03-28,2018,N20,VIIRS,n,2,,290.83,0.55,N,0
28.59738,80.20605,,300.22,0.39,0.36,2025-03-28,2018,N20,VIIRS,n,2,,289.73,0.68,N,0
29.31282,79.14303,,311.35,0.41,0.37,2025-03-28,2018,N20,VIIRS,n,2,,287.12,1.32,N,0
21.77749,83.8353,,313.21,0.53,0.42,2025-03-28,2019,N20,VIIRS,n,2,,298.29,2.47,N,2
22.34879,81.89177,,316.69,0.42,0.38,2025-03-28,2019,N20,VIIRS,n,2,,296.68,2.48,N,0
22.6502,79.36784,,316.95,0.38,0.36,2025-03-28,2019,N20,VIIRS,n,2,,293.47,1.45,N,0
22.78479,86.20704,,308.38,0.46,0.47,2025-03-28,2019,N20,VIIRS,n,2,,297.4,2.31,N,2
22.87927,86.0237,,310.44,0.45,0.47,2025-03-28,2019,N20,VIIRS,n,2,,295.43,2.65,N,0
23.08852,81.53665,,306.84,0.41,0.37,2025-03-28,2019,N20,VIIRS,n,2,,294.27,0.57,N,0
23.22609,76.05599,,302.62,0.47,0.4,2025-03-28,2019,N20,VIIRS,n,2,,284.21,0.99,N,0
23.41809,80.1284,,328.18,0.39,0.36,2025-03-28,2019,N20,VIIRS,n,2,,289.35,3.07,N,0
23.55552,81.9203,,305.74,0.42,0.37,2025-03-28,2019,N20,VIIRS,n,2,,293.98,0.9,N,0
23.67712,86.08754,,312.77,0.44,0.46,2025-03-28,2019,N20,VIIRS,n,2,,298.37,2.01,N,2
23.76341,86.40174,,319.02,0.46,0.47,2025-03-28,2019,N20,VIIRS,n,2,,300.72,3.84,N,2
23.81911,82.59368,,306.25,0.44,0.38,2025-03-28,2019,N20,VIIRS,n,2,,295.16,1.55,N,0
23.93822,73.29443,,315.38,0.46,0.47,2025-03-28,2019,N20,VIIRS,n,2,,294.37,2.35,N,0
24.151,79.42667,,310.14,0.39,0.36,2025-03-28,2019,N20,VIIRS,n,2,,291.58,0.84,N,0
24.33315,83.5118,,306.23,0.47,0.4,2025-03-28,2019,N20,VIIRS,n,2,,295.57,1,N,0
24.55884,79.31694,,300.85,0.39,0.36,2025-03-28,2019,N20,VIIRS,n,2,,289.52,1.07,N,0
24.75978,86.55105,,307.55,0.45,0.47,2025-03-28,2019,N20,VIIRS,n,2,,296.65,1.93,N,0
25.27128,73.62298,,295.86,0.45,0.47,2025-03-28,2019,N20,VIIRS,n,2,,285.28,0.28,N,0
19.13483,80.35021,,307.53,0.4,0.37,2025-03-28,2020,N20,VIIRS,n,2,,296.41,1.32,N,0
19.51141,80.50001,,311.81,0.41,0.37,2025-03-28,2020,N20,VIIRS,n,2,,295.88,1.13,N,0
19.72054,80.26376,,310.71,0.4,0.37,2025-03-28,2020,N20,VIIRS,n,2,,297.58,1.94,N,0
20.10334,83.62464,,308.95,0.54,0.42,2025-03-28,2020,N20,VIIRS,n,2,,298.49,3.04,N,0
20.3381,84.6779,,309.62,0.41,0.45,2025-03-28,2020,N20,VIIRS,n,2,,295.97,1.45,N,0
20.45227,83.82197,,309.24,0.55,0.43,2025-03-28,2020,N20,VIIRS,n,2,,296.64,2.22,N,0
20.57274,84.00192,,307.23,0.56,0.43,2025-03-28,2020,N20,VIIRS,n,2,,296.6,3.34,N,0
20.63772,84.2639,,320.41,0.39,0.44,2025-03-28,2020,N20,VIIRS,n,2,,299.05,1.94,N,0
20.93796,79.26602,,309.59,0.38,0.36,2025-03-28,2020,N20,VIIRS,n,2,,296.5,1.22,N,0
21.19336,80.4492,,308.26,0.4,0.37,2025-03-28,2020,N20,VIIRS,n,2,,297.65,1.77,N,0
21.37752,81.6404,,314.4,0.42,0.38,2025-03-28,2020,N20,VIIRS,n,2,,298.55,1.88,N,2
21.64278,77.52312,,302.08,0.41,0.37,2025-03-28,2020,N20,VIIRS,n,2,,290.64,0.56,N,0
21.88016,79.89056,,324.65,0.39,0.36,2025-03-28,2020,N20,VIIRS,n,2,,296.56,1.4,N,0
22.07625,80.2779,,305.29,0.39,0.36,2025-03-28,2020,N20,VIIRS,n,2,,294.58,1.12,N,0
22.32404,77.26933,,305.46,0.42,0.37,2025-03-28,2020,N20,VIIRS,n,2,,288.87,0.57,N,0
22.40338,77.46957,,298.09,0.41,0.37,2025-03-28,2020,N20,VIIRS,n,2,,288.05,0.82,N,0
22.47912,77.26007,,315.42,0.42,0.38,2025-03-28,2020,N20,VIIRS,n,2,,289.95,1.37,N,0
22.57069,77.49985,,345.25,0.41,0.37,2025-03-28,2020,N20,VIIRS,n,2,,291.82,5.44,N,0
22.65295,77.53734,,343.98,0.41,0.37,2025-03-28,2020,N20,VIIRS,n,2,,295.53,7.09,N,0
22.70506,77.56241,,304.94,0.41,0.37,2025-03-28,2020,N20,VIIRS,n,2,,292.07,1.01,N,0
15.66113,77.30745,,310.78,0.39,0.36,2025-03-28,2021,N20,VIIRS,n,2,,298.91,1.92,N,0
18.38198,80.03809,,316.17,0.4,0.37,2025-03-28,2021,N20,VIIRS,n,2,,297.98,2.25,N,0
13.54412,79.65659,,308.4,0.42,0.38,2025-03-28,2022,N20,VIIRS,n,2,,297.01,1.41,N,0
15.17132,76.3814,,309.31,0.4,0.37,2025-03-28,2022,N20,VIIRS,n,2,,297.63,1.56,N,2
9.78257,77.86548,,351.71,0.37,0.58,2025-03-29,729,N20,VIIRS,n,2,,313.27,5.89,D,0
12.60698,79.54926,,339.85,0.51,0.5,2025-03-29,730,N20,VIIRS,n,2,,309.85,4.86,D,0
13.30413,77.29703,,367,0.35,0.57,2025-03-29,730,N20,VIIRS,h,2,,309.11,5.22,D,0
14.05147,78.15257,,339.62,0.6,0.53,2025-03-29,730,N20,VIIRS,n,2,,312.91,6.23,D,0
14.63112,75.46296,,330.21,0.44,0.63,2025-03-29,730,N20,VIIRS,l,2,,303.05,2.77,D,0
15.29986,79.26388,,335.59,0.48,0.48,2025-03-29,730,N20,VIIRS,l,2,,310.26,3.17,D,0
16.02398,78.76257,,335.06,0.5,0.49,2025-03-29,731,N20,VIIRS,l,2,,308.95,2.72,D,0
16.99377,77.0759,,342.3,0.62,0.54,2025-03-29,731,N20,VIIRS,n,2,,306.3,5.26,D,0
17.83174,82.0355,,340.23,0.46,0.39,2025-03-29,731,N20,VIIRS,n,2,,304.38,5.03,D,0
18.22472,80.99969,,338.73,0.51,0.41,2025-03-29,731,N20,VIIRS,l,2,,308.88,8.13,D,0
18.50348,81.82321,,336.45,0.46,0.39,2025-03-29,731,N20,VIIRS,l,2,,308.83,2.16,D,0
18.81645,80.10933,,341.58,0.56,0.43,2025-03-29,731,N20,VIIRS,n,2,,305.06,3.92,D,0
19.067,78.42376,,330.56,0.47,0.48,2025-03-29,731,N20,VIIRS,l,2,,305,3.28,D,0
19.29947,81.24865,,341.13,0.48,0.4,2025-03-29,731,N20,VIIRS,n,2,,304.42,4.66,D,0
19.4986,80.51506,,341.94,0.52,0.42,2025-03-29,731,N20,VIIRS,n,2,,305.78,5.66,D,0
19.67244,83.32671,,352.38,0.4,0.37,2025-03-29,731,N20,VIIRS,n,2,,309.56,4.45,D,0
19.93507,80.24906,,347.69,0.53,0.42,2025-03-29,731,N20,VIIRS,n,2,,308.2,7.45,D,0
20.18501,83.85966,,335.7,0.39,0.36,2025-03-29,731,N20,VIIRS,l,2,,310.45,2.17,D,0
20.45123,83.82298,,335.83,0.39,0.36,2025-03-29,731,N20,VIIRS,l,2,,307.48,1.15,D,0
19.2285,74.84837,,355.17,0.4,0.6,2025-03-29,732,N20,VIIRS,n,2,,304.45,9.17,D,0
19.98327,78.81165,,344.92,0.43,0.46,2025-03-29,732,N20,VIIRS,n,2,,314.43,3.82,D,0
20.23886,79.88358,,344.61,0.55,0.43,2025-03-29,732,N20,VIIRS,n,2,,310.55,6.11,D,0
20.42239,79.86771,,341.63,0.55,0.42,2025-03-29,732,N20,VIIRS,n,2,,310.34,6.15,D,0
20.58286,84.12105,,334.53,0.39,0.36,2025-03-29,732,N20,VIIRS,l,2,,305.67,2.76,D,0
20.65678,84.33745,,339.61,0.38,0.36,2025-03-29,732,N20,VIIRS,n,2,,310.64,2.59,D,0
20.80513,78.96635,,344.63,0.4,0.45,2025-03-29,732,N20,VIIRS,l,2,,317.11,8.36,D,0
20.98476,73.49342,,332.85,0.44,0.63,2025-03-29,732,N20,VIIRS,l,2,,305.78,3.24,D,0
21.11245,85.7102,,336.72,0.39,0.37,2025-03-29,732,N20,VIIRS,l,2,,308.6,4.71,D,0
21.26674,83.23598,,344.45,0.39,0.36,2025-03-29,732,N20,VIIRS,l,2,,316.8,4.92,D,0
21.40381,86.52734,,339.02,0.42,0.37,2025-03-29,732,N20,VIIRS,n,2,,306.31,3.68,D,0
21.51726,84.27674,,341.94,0.38,0.36,2025-03-29,732,N20,VIIRS,n,2,,312.39,8.36,D,0
21.66977,82.96774,,341.76,0.4,0.37,2025-03-29,732,N20,VIIRS,n,2,,314.64,5.26,D,0
21.81009,78.9474,,338.82,0.39,0.44,2025-03-29,732,N20,VIIRS,l,2,,313.7,4.18,D,0
21.93528,86.30449,,330.9,0.41,0.37,2025-03-29,732,N20,VIIRS,l,2,,305.75,3.65,D,0
22.02164,79.88637,,339.54,0.52,0.41,2025-03-29,732,N20,VIIRS,n,2,,312.34,3.47,D,0
22.17596,79.85425,,337.52,0.51,0.41,2025-03-29,732,N20,VIIRS,n,2,,309.04,4.17,D,0
22.29468,83.13335,,337.55,0.39,0.36,2025-03-29,732,N20,VIIRS,l,2,,308.94,2.5,D,0
22.37709,87.35161,,336.41,0.45,0.39,2025-03-29,732,N20,VIIRS,n,2,,307.4,2.77,D,0
22.44174,77.83344,,343.48,0.44,0.46,2025-03-29,732,N20,VIIRS,n,2,,315.42,6.49,D,0
22.53766,77.4475,,339.81,0.46,0.47,2025-03-29,732,N20,VIIRS,n,2,,310.84,4.54,D,0
22.62025,81.9175,,336.58,0.42,0.37,2025-03-29,732,N20,VIIRS,l,2,,311.09,1.82,D,0
22.68486,77.5516,,343.22,0.46,0.47,2025-03-29,732,N20,VIIRS,n,2,,310.93,21.64,D,0
22.80387,77.29288,,348.76,0.47,0.48,2025-03-29,732,N20,VIIRS,n,2,,317.05,18.27,D,0
22.93455,83.81141,,338.82,0.38,0.36,2025-03-29,732,N20,VIIRS,l,2,,310,3.74,D,0
23.16227,79.27184,,348.35,0.53,0.42,2025-03-29,732,N20,VIIRS,l,2,,319.42,14.92,D,0
23.32123,83.69933,,338.32,0.38,0.36,2025-03-29,732,N20,VIIRS,l,2,,309.85,2.28,D,0
23.46539,87.58911,,338.99,0.48,0.4,2025-03-29,732,N20,VIIRS,l,2,,310.58,10.79,D,0
23.56973,84.46784,,347.62,0.39,0.36,2025-03-29,732,N20,VIIRS,n,2,,311.8,2.89,D,0
23.62216,84.66347,,341.07,0.39,0.36,2025-03-29,732,N20,VIIRS,n,2,,311.03,2.48,D,0
23.68669,83.18224,,355.56,0.39,0.36,2025-03-29,732,N20,VIIRS,n,2,,317.08,5.95,D,0
23.73925,82.22658,,338.7,0.4,0.37,2025-03-29,732,N20,VIIRS,l,2,,312.69,5.35,D,0
23.80045,82.82323,,345.77,0.39,0.36,2025-03-29,732,N20,VIIRS,n,2,,316.69,4.11,D,0
23.89267,82.41718,,335.76,0.4,0.37,2025-03-29,732,N20,VIIRS,l,2,,309.62,3.34,D,0
24.00927,83.33175,,352.83,0.39,0.36,2025-03-29,732,N20,VIIRS,l,2,,324.8,17.22,D,0
24.15789,85.35002,,350.71,0.4,0.37,2025-03-29,732,N20,VIIRS,n,2,,315.66,6.78,D,0
24.4013,85.1729,,342.52,0.4,0.37,2025-03-29,732,N20,VIIRS,l,2,,316.97,3.15,D,0
22.40094,73.66366,,339.28,0.4,0.6,2025-03-29,733,N20,VIIRS,n,2,,313.12,2.36,D,0
23.734,73.53963,,345.95,0.39,0.59,2025-03-29,733,N20,VIIRS,n,2,,314.4,5.73,D,0
24.08903,82.45447,,345.83,0.39,0.37,2025-03-29,733,N20,VIIRS,n,2,,315.33,6.22,D,0
24.32647,80.62145,,344.86,0.45,0.39,2025-03-29,733,N20,VIIRS,l,2,,316.09,3.95,D,0
24.45718,84.99626,,346.04,0.4,0.37,2025-03-29,733,N20,VIIRS,l,2,,318.88,4.34,D,0
24.504,84.52252,,344.91,0.39,0.36,2025-03-29,733,N20,VIIRS,l,2,,318.52,3.73,D,0
24.54351,85.5844,,343.24,0.41,0.37,2025-03-29,733,N20,VIIRS,l,2,,317.7,4.7,D,0
24.58179,85.45533,,367,0.41,0.37,2025-03-29,733,N20,VIIRS,h,2,,321.97,10.15,D,0
24.62673,85.75779,,342.5,0.42,0.37,2025-03-29,733,N20,VIIRS,l,2,,315.16,4.53,D,0
24.69211,83.59605,,347.68,0.38,0.36,2025-03-29,733,N20,VIIRS,l,2,,319.92,6.93,D,0
24.75309,86.48985,,345.28,0.44,0.38,2025-03-29,733,N20,VIIRS,l,2,,319.18,5.14,D,0
24.79526,86.56348,,342.05,0.44,0.39,2025-03-29,733,N20,VIIRS,l,2,,316.68,5.25,D,0
24.85839,85.9912,,340.36,0.42,0.38,2025-03-29,733,N20,VIIRS,l,2,,314.99,2.77,D,0
24.96991,86.77483,,346.11,0.46,0.39,2025-03-29,733,N20,VIIRS,n,2,,320.3,5.06,D,0
25.11406,86.24643,,344.23,0.44,0.38,2025-03-29,733,N20,VIIRS,l,2,,315.42,5.31,D,0
25.57808,81.59893,,340.19,0.4,0.37,2025-03-29,733,N20,VIIRS,l,2,,314.48,2.93,D,0
26.97743,86.41558,,339.57,0.46,0.39,2025-03-29,733,N20,VIIRS,n,2,,303.67,4.54,D,0
27.25897,85.36296,,330.56,0.42,0.38,2025-03-29,733,N20,VIIRS,l,2,,304.35,2.26,D,0
27.37271,84.54547,,336.92,0.4,0.37,2025-03-29,733,N20,VIIRS,n,2,,305.44,2.42,D,0
27.54672,83.91521,,333.16,0.39,0.36,2025-03-29,733,N20,VIIRS,l,2,,306.69,2.02,D,0
27.72693,85.84121,,337.97,0.44,0.39,2025-03-29,733,N20,VIIRS,n,2,,312.59,5.27,D,0
28.09079,80.30731,,354.78,0.42,0.38,2025-03-29,734,N20,VIIRS,n,2,,314.73,10.93,D,0
28.53048,80.59497,,333.55,0.41,0.37,2025-03-29,734,N20,VIIRS,n,2,,305.48,7.05,D,0
29.74199,81.91766,,334.25,0.38,0.36,2025-03-29,734,N20,VIIRS,n,2,,303.05,3.81,D,0
19.34915,73.60043,,338.87,0.73,0.76,2025-03-29,912,N20,VIIRS,n,2,,296.63,4.36,D,0
22.31279,69.69702,,367,0.44,0.62,2025-03-29,913,N20,VIIRS,h,2,,316.51,8.06,D,0
26.70076,81.61538,,297.79,0.47,0.4,2025-03-29,1959,N20,VIIRS,n,2,,287.47,1.25,N,0
27.19967,87.25122,,352.52,0.4,0.37,2025-03-29,1959,N20,VIIRS,n,2,,301.7,13.68,N,0
27.29832,85.2569,,301.6,0.38,0.36,2025-03-29,1959,N20,VIIRS,n,2,,291.08,0.86,N,0
27.38339,84.2944,,327.56,0.39,0.36,2025-03-29,1959,N20,VIIRS,n,2,,294.9,1.73,N,0
27.43411,84.8169,,302.75,0.39,0.36,2025-03-29,1959,N20,VIIRS,n,2,,292.2,0.66,N,0
27.49053,84.37324,,310.19,0.39,0.36,2025-03-29,1959,N20,VIIRS,n,2,,293.67,1.34,N,0
27.61222,83.89568,,326.18,0.4,0.37,2025-03-29,1959,N20,VIIRS,n,2,,293.34,2.44,N,0
27.67329,84.62823,,307.69,0.39,0.36,2025-03-29,1959,N20,VIIRS,n,2,,292.85,0.88,N,0
27.76414,82.87785,,310.62,0.43,0.38,2025-03-29,1959,N20,VIIRS,n,2,,294.08,0.86,N,0
27.949,82.07051,,313.68,0.47,0.39,2025-03-29,1959,N20,VIIRS,n,2,,292.63,2.39,N,0
22.20184,84.57954,,305.27,0.39,0.36,2025-03-29,2000,N20,VIIRS,n,2,,294.94,0.92,N,0
22.63247,82.7714,,312.85,0.4,0.37,2025-03-29,2000,N20,VIIRS,n,2,,294.63,1.01,N,0
22.81925,86.31057,,307.35,0.41,0.37,2025-03-29,2000,N20,VIIRS,n,2,,296.77,2.38,N,0
23.0121,84.11996,,308.94,0.38,0.36,2025-03-29,2000,N20,VIIRS,n,2,,292.07,0.58,N,0
23.20719,83.98193,,301.31,0.39,0.36,2025-03-29,2000,N20,VIIRS,n,2,,290.93,0.77,N,0
23.34095,80.44012,,309.68,0.5,0.41,2025-03-29,2000,N20,VIIRS,n,2,,290.14,1.37,N,0
23.47699,82.98196,,306.18,0.4,0.37,2025-03-29,2000,N20,VIIRS,n,2,,291.9,0.97,N,0
23.51637,80.50345,,297.99,0.49,0.41,2025-03-29,2000,N20,VIIRS,n,2,,286.98,0.76,N,0
23.56597,87.48581,,305.76,0.44,0.39,2025-03-29,2000,N20,VIIRS,n,2,,292.48,1.39,N,0
23.62647,83.97514,,303.19,0.39,0.36,2025-03-29,2000,N20,VIIRS,n,2,,290.35,0.67,N,0
23.67004,82.3017,,307.22,0.42,0.38,2025-03-29,2000,N20,VIIRS,n,2,,289.79,0.94,N,0
23.70761,84.24284,,304.56,0.38,0.36,2025-03-29,2000,N20,VIIRS,n,2,,290.99,0.72,N,0
23.74846,81.97215,,304.78,0.43,0.38,2025-03-29,2000,N20,VIIRS,n,2,,288.07,0.82,N,0
23.77906,86.34324,,306.56,0.4,0.37,2025-03-29,2000,N20,VIIRS,n,2,,294.25,0.91,N,2
23.80304,82.4972,,311.03,0.41,0.37,2025-03-29,2000,N20,VIIRS,n,2,,293.93,0.73,N,0
23.83704,83.57374,,305.59,0.39,0.36,2025-03-29,2000,N20,VIIRS,n,2,,291.96,1.71,N,0
23.89453,85.44305,,311.15,0.39,0.36,2025-03-29,2000,N20,VIIRS,n,2,,290.44,1.61,N,0
23.97227,84.9166,,315.74,0.38,0.36,2025-03-29,2000,N20,VIIRS,n,2,,294.4,1.69,N,0
24.08834,87.26872,,308.8,0.43,0.38,2025-03-29,2000,N20,VIIRS,n,2,,296.57,1.77,N,0
24.16964,74.3678,,301.46,0.39,0.6,2025-03-29,2000,N20,VIIRS,n,2,,287.51,1.13,N,0
24.26841,74.63132,,298.36,0.38,0.59,2025-03-29,2000,N20,VIIRS,n,2,,286.22,0.48,N,0
24.44278,74.03225,,304.07,0.42,0.61,2025-03-29,2000,N20,VIIRS,n,2,,289.82,0.83,N,0
24.52802,83.42773,,310.48,0.4,0.37,2025-03-29,2000,N20,VIIRS,n,2,,295.55,1.48,N,0
24.56355,85.41608,,306.38,0.39,0.36,2025-03-29,2000,N20,VIIRS,n,2,,293.99,0.93,N,0
24.61952,82.95501,,326.36,0.41,0.37,2025-03-29,2000,N20,VIIRS,n,2,,295.03,1.8,N,0
24.66854,85.73276,,302.76,0.39,0.36,2025-03-29,2000,N20,VIIRS,n,2,,289.62,0.73,N,0
24.74549,83.76508,,307.87,0.39,0.36,2025-03-29,2000,N20,VIIRS,n,2,,294.44,1.05,N,0
24.82291,83.95121,,314.98,0.39,0.36,2025-03-29,2000,N20,VIIRS,n,2,,293.68,0.98,N,0
24.86384,83.65473,,312.47,0.39,0.36,2025-03-29,2000,N20,VIIRS,n,2,,294.77,1.22,N,0
25.01153,86.44235,,319.11,0.4,0.37,2025-03-29,2000,N20,VIIRS,n,2,,292.85,0.76,N,0
25.10464,86.47688,,324.73,0.4,0.37,2025-03-29,2000,N20,VIIRS,n,2,,293.9,2.07,N,0
25.18166,86.50336,,323.84,0.4,0.37,2025-03-29,2000,N20,VIIRS,n,2,,297.15,1.98,N,0
19.30602,81.22057,,305.97,0.42,0.38,2025-03-29,2001,N20,VIIRS,n,2,,294.52,1.11,N,0
19.69761,79.08133,,309.4,0.53,0.42,2025-03-29,2001,N20,VIIRS,n,2,,296.35,1.88,N,0
19.9828,83.76601,,305.66,0.38,0.36,2025-03-29,2001,N20,VIIRS,n,2,,294.92,0.84,N,0
20.17169,80.23376,,336.87,0.47,0.4,2025-03-29,2001,N20,VIIRS,n,2,,299.06,2.87,N,0
20.27946,84.01956,,306.19,0.38,0.36,2025-03-29,2001,N20,VIIRS,n,2,,295.23,1.32,N,0
20.3963,83.96887,,308.75,0.38,0.36,2025-03-29,2001,N20,VIIRS,n,2,,295.38,1.4,N,0
20.51941,84.18128,,306.98,0.39,0.36,2025-03-29,2001,N20,VIIRS,n,2,,294.58,1,N,0
20.61376,83.92796,,311.61,0.38,0.36,2025-03-29,2001,N20,VIIRS,n,2,,296.41,1.8,N,0
20.86458,80.18462,,309.99,0.48,0.4,2025-03-29,2001,N20,VIIRS,n,2,,295.88,1.68,N,0
21.1755,80.31005,,308.71,0.48,0.4,2025-03-29,2001,N20,VIIRS,n,2,,295.07,1.36,N,0
21.38342,80.67735,,307.82,0.46,0.39,2025-03-29,2001,N20,VIIRS,n,2,,295.15,1.57,N,0
21.54945,80.86694,,309.27,0.45,0.39,2025-03-29,2001,N20,VIIRS,n,2,,295.3,1.65,N,0
21.70441,76.76208,,308.49,0.52,0.5,2025-03-29,2001,N20,VIIRS,n,2,,291.15,1.93,N,0
21.817,76.91469,,313.78,0.51,0.49,2025-03-29,2001,N20,VIIRS,n,2,,293.89,2.39,N,0
21.98969,85.19494,,317.99,0.39,0.36,2025-03-29,2001,N20,VIIRS,n,2,,296.45,2.05,N,0
22.15633,81.06896,,303.73,0.45,0.39,2025-03-29,2001,N20,VIIRS,n,2,,291.63,0.4,N,0
22.27996,77.1923,,298.87,0.49,0.49,2025-03-29,2001,N20,VIIRS,n,2,,287.41,0.35,N,0
22.36981,81.70864,,329.82,0.43,0.38,2025-03-29,2001,N20,VIIRS,n,2,,296.31,3.58,N,0
22.415,77.34268,,300.57,0.48,0.48,2025-03-29,2001,N20,VIIRS,n,2,,287.65,1.17,N,0
22.45052,82.24458,,312.02,0.41,0.37,2025-03-29,2001,N20,VIIRS,n,2,,296.32,2,N,0
22.48505,77.62253,,299.35,0.47,0.47,2025-03-29,2001,N20,VIIRS,n,2,,287.67,1.92,N,0
22.52168,77.61932,,305.18,0.47,0.48,2025-03-29,2001,N20,VIIRS,n,2,,288.83,3.55,N,0
22.55929,80.5002,,307.22,0.48,0.4,2025-03-29,2001,N20,VIIRS,n,2,,293.58,1.58,N,0
22.63014,77.60889,,298.41,0.47,0.48,2025-03-29,2001,N20,VIIRS,n,2,,285.67,0.82,N,0
22.68085,77.43707,,305.5,0.48,0.48,2025-03-29,2001,N20,VIIRS,n,2,,289.5,1.41,N,0
22.71812,77.57895,,306.07,0.47,0.48,2025-03-29,2001,N20,VIIRS,n,2,,287.63,0.67,N,0
22.78404,79.07888,,304.77,0.39,0.44,2025-03-29,2001,N20,VIIRS,n,2,,293.39,1.67,N,0
22.96956,78.42788,,301.11,0.42,0.45,2025-03-29,2001,N20,VIIRS,n,2,,286.37,1.76,N,0
15.76199,78.81238,,308.03,0.49,0.41,2025-03-29,2002,N20,VIIRS,n,2,,296.19,2.47,N,0
17.95958,80.78455,,309.23,0.42,0.38,2025-03-29,2002,N20,VIIRS,n,2,,297.48,1.7,N,0
19.17179,77.60818,,308.13,0.42,0.46,2025-03-29,2002,N20,VIIRS,n,2,,296.24,1.93,N,0
13.03442,78.72112,,332.92,0.47,0.39,2025-03-29,2003,N20,VIIRS,n,2,,296.42,2.23,N,0
13.71591,79.22627,,306.72,0.45,0.39,2025-03-29,2003,N20,VIIRS,n,2,,296.59,1.85,N,0
14.6187,79.3504,,312,0.45,0.39,2025-03-29,2003,N20,VIIRS,n,2,,298.46,1.49,N,0
12.21781,77.16827,,309.58,0.55,0.43,2025-03-29,2004,N20,VIIRS,n,2,,293.56,1.26,N,0
24.30626,73.28483,,301.1,0.65,0.73,2025-03-29,2141,N20,VIIRS,n,2,,289.94,1.37,N,0
12.78581,78.39333,,356.46,0.64,0.72,2025-03-30,711,N20,VIIRS,n,2,,304.96,13.97,D,0
13.29646,78.93095,,339,0.57,0.69,2025-03-30,711,N20,VIIRS,n,2,,301.18,5.88,D,0
13.9319,79.20186,,339.05,0.54,0.68,2025-03-30,711,N20,VIIRS,n,2,,301.82,7.07,D,0
14.89157,79.19307,,334.88,0.51,0.66,2025-03-30,711,N20,VIIRS,n,2,,302.87,3.31,D,0
15.74635,78.80437,,344.45,0.52,0.67,2025-03-30,712,N20,VIIRS,n,2,,303.12,10.29,D,0
16.90863,78.57932,,337.14,0.51,0.66,2025-03-30,712,N20,VIIRS,n,2,,298.84,4.03,D,0
18.10639,82.27934,,342.04,0.56,0.51,2025-03-30,712,N20,VIIRS,n,2,,300.42,9.12,D,0
18.39134,80.04246,,335.68,0.39,0.59,2025-03-30,712,N20,VIIRS,n,2,,302.14,2.72,D,0
18.85886,80.09762,,334.35,0.37,0.58,2025-03-30,712,N20,VIIRS,n,2,,302.55,1.8,D,0
19.06764,80.49297,,346.91,0.35,0.57,2025-03-30,712,N20,VIIRS,n,2,,304.27,2.83,D,0
19.53701,83.4358,,340.08,0.44,0.46,2025-03-30,712,N20,VIIRS,n,2,,301.42,5.25,D,0
19.34422,81.15544,,355.82,0.62,0.54,2025-03-30,713,N20,VIIRS,n,2,,306.33,21.91,D,0
19.61308,79.5529,,333.28,0.39,0.59,2025-03-30,713,N20,VIIRS,n,2,,306.23,2.39,D,0
19.85587,79.90898,,330.89,0.37,0.58,2025-03-30,713,N20,VIIRS,l,2,,305.38,2.16,D,0
20.04662,80.04084,,367,0.36,0.57,2025-03-30,713,N20,VIIRS,h,2,,305.25,4.52,D,0
20.32135,79.76369,,337.88,0.37,0.58,2025-03-30,713,N20,VIIRS,n,2,,307.47,2.85,D,0
20.50379,81.74933,,331.27,0.54,0.51,2025-03-30,713,N20,VIIRS,l,2,,305.61,3.54,D,0
20.70372,80.13181,,344.02,0.34,0.56,2025-03-30,713,N20,VIIRS,n,2,,308.37,2.87,D,0
20.93934,83.78474,,341.28,0.4,0.44,2025-03-30,713,N20,VIIRS,n,2,,309.03,3.11,D,0
21.15957,80.30036,,367,0.33,0.55,2025-03-30,713,N20,VIIRS,h,2,,305.08,4.5,D,0
21.36662,75.3087,,331.2,0.67,0.74,2025-03-30,713,N20,VIIRS,n,2,,301.08,3.1,D,0
21.5294,79.46107,,335.64,0.36,0.58,2025-03-30,713,N20,VIIRS,n,2,,306.49,5.13,D,0
21.68464,84.37884,,340.58,0.54,0.42,2025-03-30,713,N20,VIIRS,l,2,,313.3,7.44,D,0
21.82477,81.46792,,351.92,0.53,0.5,2025-03-30,713,N20,VIIRS,n,2,,315.89,6.75,D,0
21.94583,83.36993,,340.31,0.41,0.45,2025-03-30,713,N20,VIIRS,l,2,,311.32,8.27,D,0
22.11747,78.45963,,336.06,0.41,0.61,2025-03-30,713,N20,VIIRS,l,2,,306.27,2.72,D,0
22.33937,80.0652,,355.94,0.32,0.55,2025-03-30,713,N20,VIIRS,n,2,,312.82,7.05,D,0
22.4773,83.37683,,336.89,0.4,0.44,2025-03-30,713,N20,VIIRS,l,2,,309.89,3.21,D,0
22.59643,82.14223,,335.48,0.47,0.48,2025-03-30,713,N20,VIIRS,l,2,,309.09,3.66,D,0
22.78372,82.76219,,343.23,0.43,0.46,2025-03-30,713,N20,VIIRS,n,2,,312.99,6,D,0
23.03961,87.38388,,347.57,0.4,0.37,2025-03-30,713,N20,VIIRS,n,2,,308.41,3.87,D,0
23.44544,83.78509,,341,0.55,0.42,2025-03-30,713,N20,VIIRS,n,2,,309.31,6.95,D,0
23.61817,89.28912,,340.72,0.39,0.36,2025-03-30,713,N20,VIIRS,n,2,,306.29,3.18,D,0
24.03879,87.31467,,338.98,0.39,0.36,2025-03-30,713,N20,VIIRS,l,2,,313.63,3.44,D,0
22.4246,77.41206,,330.47,0.47,0.64,2025-03-30,714,N20,VIIRS,l,2,,303.39,3.61,D,0
22.55086,77.67278,,335.82,0.45,0.63,2025-03-30,714,N20,VIIRS,n,2,,304.91,4.62,D,0
22.68417,78.73538,,331.22,0.38,0.59,2025-03-30,714,N20,VIIRS,l,2,,304.14,2.24,D,0
22.87574,79.48391,,342.62,0.34,0.56,2025-03-30,714,N20,VIIRS,n,2,,311.21,5.32,D,0
23.161,77.78006,,335.56,0.43,0.62,2025-03-30,714,N20,VIIRS,l,2,,308.41,2.94,D,0
23.36024,79.77116,,342.45,0.32,0.54,2025-03-30,714,N20,VIIRS,n,2,,310.91,6.8,D,0
23.48613,80.79215,,340.47,0.55,0.51,2025-03-30,714,N20,VIIRS,l,2,,313.79,5.81,D,0
23.5784,82.32673,,344,0.44,0.46,2025-03-30,714,N20,VIIRS,n,2,,312.86,4.1,D,0
23.66665,82.44536,,341.43,0.43,0.46,2025-03-30,714,N20,VIIRS,l,2,,311.54,7.26,D,0
23.74638,83.12463,,345.45,0.39,0.44,2025-03-30,714,N20,VIIRS,n,2,,313.66,4.36,D,0
23.82451,85.19737,,339.64,0.46,0.39,2025-03-30,714,N20,VIIRS,l,2,,312.48,4.39,D,0
23.9142,82.43828,,347.25,0.43,0.46,2025-03-30,714,N20,VIIRS,n,2,,310.35,4.92,D,0
24.02208,81.17693,,354.23,0.5,0.49,2025-03-30,714,N20,VIIRS,n,2,,310.8,7.73,D,0
24.1351,78.81503,,340.46,0.35,0.57,2025-03-30,714,N20,VIIRS,n,2,,315.04,2.41,D,0
24.25258,84.29391,,348.74,0.5,0.41,2025-03-30,714,N20,VIIRS,n,2,,317.25,9.03,D,0
24.36486,85.10104,,367,0.46,0.39,2025-03-30,714,N20,VIIRS,h,2,,319.79,9.86,D,0
24.45336,85.33866,,339.3,0.45,0.39,2025-03-30,714,N20,VIIRS,l,2,,313.91,9.29,D,0
24.51311,84.44526,,339.63,0.49,0.4,2025-03-30,714,N20,VIIRS,l,2,,313.82,3.44,D,0
24.54915,85.74631,,354.01,0.43,0.38,2025-03-30,714,N20,VIIRS,n,2,,318.34,7.49,D,0
24.643,85.61449,,352.87,0.43,0.38,2025-03-30,714,N20,VIIRS,n,2,,319.96,8.89,D,0
24.73832,85.73367,,340.62,0.43,0.38,2025-03-30,714,N20,VIIRS,n,2,,314.99,3.13,D,0
24.8505,83.5663,,352.55,0.53,0.42,2025-03-30,714,N20,VIIRS,n,2,,317.97,21.45,D,0
25.02803,87.65332,,350.64,0.39,0.36,2025-03-30,714,N20,VIIRS,n,2,,318.9,6.74,D,0
25.18205,87.59334,,348.12,0.39,0.36,2025-03-30,714,N20,VIIRS,n,2,,314.9,7.42,D,0
26.707,86.84185,,340.3,0.39,0.36,2025-03-30,714,N20,VIIRS,n,2,,304.81,3.46,D,0
27.07042,86.07228,,336.07,0.4,0.37,2025-03-30,714,N20,VIIRS,n,2,,302.51,2.64,D,0
27.23658,84.94465,,334.3,0.43,0.38,2025-03-30,714,N20,VIIRS,l,2,,305.02,3.55,D,0
27.3284,85.16789,,342.76,0.42,0.38,2025-03-30,714,N20,VIIRS,n,2,,304.61,7.12,D,0
27.46963,84.40372,,334.14,0.45,0.39,2025-03-30,715,N20,VIIRS,n,2,,306.2,12.7,D,0
27.63026,84.17557,,343.32,0.46,0.39,2025-03-30,715,N20,VIIRS,n,2,,306.69,5.69,D,0
29.7091,80.79665,,344.67,0.41,0.45,2025-03-30,715,N20,VIIRS,n,2,,294.74,21.48,D,0
9.7151,77.99789,,336.57,0.53,0.67,2025-03-30,850,N20,VIIRS,l,2,,308.42,11.57,D,0
12.3159,77.77039,,367,0.55,0.68,2025-03-30,851,N20,VIIRS,h,2,,309.96,43.38,D,0
13.04129,78.91017,,341.8,0.67,0.74,2025-03-30,851,N20,VIIRS,n,2,,295.9,7.5,D,0
13.75964,78.36265,,367,0.63,0.72,2025-03-30,851,N20,VIIRS,h,2,,306.13,35.82,D,0
14.53255,78.91982,,330.4,0.7,0.75,2025-03-30,852,N20,VIIRS,l,2,,303.18,9.97,D,0
15.68335,78.917,,330.29,0.72,0.76,2025-03-30,852,N20,VIIRS,l,2,,305.25,5.93,D,0
16.81343,78.36546,,334.62,0.69,0.74,2025-03-30,852,N20,VIIRS,n,2,,298.67,1.15,D,0
18.50347,73.60361,,333.33,0.35,0.57,2025-03-30,853,N20,VIIRS,n,2,,302.84,2.44,D,0
19.99073,73.27345,,338.82,0.34,0.56,2025-03-30,853,N20,VIIRS,n,2,,307.46,1.87,D,0
21.3695,75.29049,,348.76,0.48,0.65,2025-03-30,854,N20,VIIRS,n,2,,305.34,6.05,D,0
21.69986,76.86911,,330.61,0.62,0.71,2025-03-30,854,N20,VIIRS,l,2,,303.66,2.88,D,0
22.39303,73.63867,,341.1,0.39,0.59,2025-03-30,854,N20,VIIRS,n,2,,307.61,2.24,D,0
22.51134,77.46725,,354.1,0.69,0.74,2025-03-30,854,N20,VIIRS,n,2,,302.57,10.09,D,0
22.68484,77.65778,,337.3,0.71,0.75,2025-03-30,854,N20,VIIRS,n,2,,302.14,6.63,D,0
23.31498,69.80025,,345.18,0.45,0.47,2025-03-30,854,N20,VIIRS,l,2,,320.15,5.12,D,0
24.2336,72.75317,,340.4,0.36,0.57,2025-03-30,855,N20,VIIRS,n,2,,315.31,2.47,D,0
25.75716,76.91428,,340.13,0.68,0.74,2025-03-30,855,N20,VIIRS,l,2,,311.99,6.82,D,0
26.72146,86.78303,,302.63,0.46,0.39,2025-03-30,1940,N20,VIIRS,n,2,,291,0.89,N,0
26.91907,86.32205,,319.97,0.48,0.4,2025-03-30,1940,N20,VIIRS,n,2,,293.72,2.17,N,0
27.15228,85.84711,,310.87,0.51,0.41,2025-03-30,1940,N20,VIIRS,n,2,,291.24,2.34,N,0
27.28702,85.38649,,302.49,0.54,0.42,2025-03-30,1940,N20,VIIRS,n,2,,291.7,1.11,N,0
27.41091,89.28485,,297.27,0.39,0.36,2025-03-30,1940,N20,VIIRS,n,2,,275.02,2.26,N,0
27.51719,84.20824,,301.89,0.42,0.45,2025-03-30,1940,N20,VIIRS,n,2,,290.89,1.48,N,0
27.67256,84.65637,,304.15,0.4,0.44,2025-03-30,1940,N20,VIIRS,n,2,,292.45,0.71,N,0
28.0765,83.68033,,307.95,0.46,0.47,2025-03-30,1940,N20,VIIRS,n,2,,288.33,1.14,N,0
22.37877,87.27857,,335.11,0.4,0.37,2025-03-30,1941,N20,VIIRS,n,2,,297.8,2.74,N,2
23.14945,82.32314,,309.82,0.48,0.48,2025-03-30,1941,N20,VIIRS,n,2,,295.48,1.74,N,0
23.42537,83.95611,,303.42,0.39,0.44,2025-03-30,1941,N20,VIIRS,n,2,,286.92,0.92,N,0
23.53282,81.8617,,303.24,0.52,0.5,2025-03-30,1941,N20,VIIRS,n,2,,291.48,0.97,N,0
23.62709,82.93773,,309.59,0.45,0.47,2025-03-30,1941,N20,VIIRS,n,2,,293.12,1.43,N,0
23.68051,86.3904,,309.83,0.44,0.39,2025-03-30,1941,N20,VIIRS,n,2,,295.11,1.47,N,2
23.75198,82.15728,,305.45,0.5,0.49,2025-03-30,1941,N20,VIIRS,n,2,,292.95,1.59,N,0
23.80255,82.39402,,309.62,0.48,0.48,2025-03-30,1941,N20,VIIRS,n,2,,293.56,1.5,N,0
23.89188,85.93009,,301.93,0.46,0.39,2025-03-30,1941,N20,VIIRS,n,2,,290.34,0.93,N,0
24.08603,86.14597,,305.63,0.46,0.39,2025-03-30,1941,N20,VIIRS,n,2,,293.77,1.2,N,0
24.43277,84.99585,,313.76,0.52,0.42,2025-03-30,1941,N20,VIIRS,n,2,,294.79,2.9,N,0
24.63161,86.17964,,302.62,0.46,0.39,2025-03-30,1941,N20,VIIRS,n,2,,291.32,1.21,N,0
24.83556,83.59346,,312.24,0.42,0.45,2025-03-30,1941,N20,VIIRS,n,2,,294.19,1.3,N,0
25.15212,86.49667,,307.25,0.45,0.39,2025-03-30,1941,N20,VIIRS,n,2,,291.96,0.95,N,0
20.14239,83.66658,,323.43,0.55,0.43,2025-03-30,1942,N20,VIIRS,n,2,,296.98,4.4,N,0
20.97051,85.17686,,329.04,0.47,0.4,2025-03-30,1942,N20,VIIRS,n,2,,298.41,3.69,N,2
21.38505,73.99017,,295.65,0.79,0.78,2025-03-30,1942,N20,VIIRS,n,2,,274.47,1.74,N,0
21.75399,80.94407,,309.58,0.56,0.52,2025-03-30,1942,N20,VIIRS,n,2,,293.6,2.61,N,0
21.98265,83.23238,,303.39,0.41,0.45,2025-03-30,1942,N20,VIIRS,n,2,,293.33,1.26,N,2
22.20295,79.21732,,303.68,0.37,0.58,2025-03-30,1942,N20,VIIRS,n,2,,286.8,0.97,N,0
22.34174,80.23195,,302.75,0.32,0.55,2025-03-30,1942,N20,VIIRS,n,2,,291.01,0.46,N,0
22.46348,75.86413,,303.2,0.61,0.71,2025-03-30,1942,N20,VIIRS,n,2,,288.87,1.89,N,0
22.52523,79.66355,,310.07,0.35,0.57,2025-03-30,1942,N20,VIIRS,n,2,,290.65,1.08,N,0
22.57643,77.43351,,299.07,0.49,0.65,2025-03-30,1942,N20,VIIRS,n,2,,286.62,0.52,N,0
22.65011,77.63385,,308.38,0.47,0.64,2025-03-30,1942,N20,VIIRS,n,2,,287.16,1.45,N,0
22.6994,77.32171,,299.2,0.5,0.66,2025-03-30,1942,N20,VIIRS,n,2,,285.72,0.62,N,0
22.84324,81.78443,,302.24,0.51,0.5,2025-03-30,1942,N20,VIIRS,n,2,,291.66,0.83,N,0
23.0702,79.57594,,298.13,0.36,0.57,2025-03-30,1942,N20,VIIRS,n,2,,285.74,0.36,N,0
18.93098,80.53632,,306.82,0.55,0.51,2025-03-30,1943,N20,VIIRS,n,2,,293.59,2.35,N,0
14.17586,77.1602,,318.32,0.4,0.6,2025-03-30,1944,N20,VIIRS,n,2,,292.89,3.12,N,0
34.06364,75.04844,,314.19,0.51,0.5,2025-03-30,2119,N20,VIIRS,n,2,,279.82,2.05,N,0
22.28124,76.50564,,304.34,0.58,0.69,2025-03-30,2122,N20,VIIRS,n,2,,288.94,1.8,N,0
22.49957,77.76406,,302.9,0.68,0.74,2025-03-30,2122,N20,VIIRS,n,2,,289.8,1.85,N,0
22.79621,78.46381,,297.84,0.74,0.76,2025-03-30,2122,N20,VIIRS,n,2,,284.16,1.6,N,0
23.7857,74.7973,,308.43,0.42,0.61,2025-03-30,2122,N20,VIIRS,n,2,,291.22,0.99,N,0
24.39835,73.6105,,310.4,0.34,0.56,2025-03-30,2122,N20,VIIRS,n,2,,292.52,1.15,N,0
19.39097,73.34325,,315.52,0.42,0.61,2025-03-30,2123,N20,VIIRS,n,2,,290.92,1.26,N,0
19.1146,84.32724,,339.52,0.4,0.6,2025-03-31,653,N20,VIIRS,n,2,,303.22,4.43,D,0
19.23535,84.13954,,332.34,0.41,0.61,2025-03-31,654,N20,VIIRS,n,2,,300.42,4.57,D,0
19.56831,83.20496,,344.58,0.46,0.64,2025-03-31,654,N20,VIIRS,n,2,,299.96,15.15,D,0
20.62916,86.59605,,330.47,0.53,0.5,2025-03-31,654,N20,VIIRS,n,2,,304.82,3.36,D,0
21.38218,80.07946,,336.39,0.67,0.74,2025-03-31,654,N20,VIIRS,n,2,,299.85,4.59,D,0
22.14201,82.59792,,335.9,0.45,0.63,2025-03-31,654,N20,VIIRS,l,2,,308.42,2.64,D,0
22.56578,81.8782,,331.25,0.49,0.65,2025-03-31,655,N20,VIIRS,l,2,,304.42,2.15,D,0
23.17877,82.32236,,338.52,0.44,0.63,2025-03-31,655,N20,VIIRS,n,2,,307.14,4.42,D,0
23.48653,82.9949,,335.03,0.4,0.6,2025-03-31,655,N20,VIIRS,l,2,,307.2,2.82,D,0
23.59877,83.06747,,336.22,0.39,0.59,2025-03-31,655,N20,VIIRS,l,2,,307.26,3.36,D,0
23.73071,85.73066,,340.63,0.53,0.5,2025-03-31,655,N20,VIIRS,n,2,,313.97,5.34,D,0
23.87428,82.8791,,335.39,0.39,0.6,2025-03-31,655,N20,VIIRS,n,2,,306.33,6.31,D,0
24.04099,83.68906,,341.19,0.35,0.57,2025-03-31,655,N20,VIIRS,l,2,,312.52,4.17,D,0
24.27149,79.74804,,342.75,0.6,0.71,2025-03-31,655,N20,VIIRS,n,2,,310.07,6.01,D,0
24.48767,79.84312,,367,0.59,0.7,2025-03-31,655,N20,VIIRS,h,2,,310.84,18.04,D,0
24.65999,83.82783,,335.87,0.33,0.55,2025-03-31,655,N20,VIIRS,l,2,,310.55,2.18,D,0
24.78457,83.96677,,367,0.32,0.55,2025-03-31,655,N20,VIIRS,h,2,,316.45,9.4,D,0
24.85056,83.57716,,348.02,0.34,0.56,2025-03-31,655,N20,VIIRS,n,2,,315.3,5.3,D,0
25.17115,87.62675,,354.08,0.38,0.43,2025-03-31,655,N20,VIIRS,n,2,,316.33,9.66,D,0
26.92637,86.38982,,334.78,0.42,0.45,2025-03-31,655,N20,VIIRS,n,2,,303.45,4.01,D,0
27.03231,86.05568,,339.73,0.43,0.46,2025-03-31,656,N20,VIIRS,n,2,,309.11,7.81,D,0
27.3408,84.94549,,332.04,0.5,0.49,2025-03-31,656,N20,VIIRS,l,2,,303.54,2.22,D,0
27.93194,82.37071,,331.89,0.35,0.56,2025-03-31,656,N20,VIIRS,l,2,,305.85,2.05,D,0
28.82034,76.94008,,333.52,0.69,0.74,2025-03-31,657,N20,VIIRS,n,2,,306.46,3.78,D,0
12.29869,77.41133,,336.84,0.5,0.49,2025-03-31,832,N20,VIIRS,l,2,,307.29,1.71,D,0
13.46373,76.71999,,336.02,0.46,0.47,2025-03-31,833,N20,VIIRS,l,2,,308.32,3.95,D,0
14.11115,77.81081,,335.34,0.56,0.51,2025-03-31,833,N20,VIIRS,l,2,,307.18,6.86,D,0
14.87177,76.52616,,338.6,0.47,0.48,2025-03-31,833,N20,VIIRS,l,2,,309.25,3.75,D,0
15.56176,78.73159,,332.21,0.34,0.56,2025-03-31,833,N20,VIIRS,n,2,,298.84,2.35,D,0
16.89516,76.77484,,340.6,0.52,0.5,2025-03-31,834,N20,VIIRS,n,2,,311.79,2.97,D,0
17.9605,75.0649,,336.6,0.42,0.45,2025-03-31,834,N20,VIIRS,n,2,,302.93,2.21,D,0
18.41795,77.33829,,341.84,0.59,0.53,2025-03-31,834,N20,VIIRS,l,2,,314.8,6.55,D,0
18.83262,76.45501,,335.24,0.52,0.5,2025-03-31,834,N20,VIIRS,l,2,,305.55,21.05,D,0
19.09872,79.11573,,341.69,0.4,0.6,2025-03-31,834,N20,VIIRS,n,2,,302.39,4.66,D,0
19.29749,81.22867,,336.19,0.55,0.68,2025-03-31,834,N20,VIIRS,n,2,,298.48,4.86,D,0
19.4247,80.85032,,332.37,0.52,0.67,2025-03-31,834,N20,VIIRS,n,2,,301.08,7.75,D,0
19.66075,79.56361,,350.12,0.43,0.62,2025-03-31,834,N20,VIIRS,n,2,,302.25,5.65,D,0
19.91704,76.71074,,333.02,0.56,0.52,2025-03-31,834,N20,VIIRS,l,2,,305.4,1.66,D,0
20.21252,78.68564,,335.88,0.38,0.59,2025-03-31,834,N20,VIIRS,l,2,,306.6,2.11,D,0
20.60826,79.57492,,333.6,0.44,0.62,2025-03-31,834,N20,VIIRS,n,2,,302.18,1.8,D,0
20.88866,74.3894,,345.68,0.41,0.45,2025-03-31,835,N20,VIIRS,n,2,,311.16,9.53,D,0
21.30729,79.44388,,331.3,0.44,0.62,2025-03-31,835,N20,VIIRS,l,2,,303.05,3.39,D,0
21.52824,80.67088,,334.24,0.53,0.67,2025-03-31,835,N20,VIIRS,n,2,,303.26,4.75,D,0
21.78781,78.81693,,331.01,0.41,0.6,2025-03-31,835,N20,VIIRS,l,2,,305.51,1.14,D,0
22.18865,79.25664,,367,0.44,0.62,2025-03-31,835,N20,VIIRS,h,2,,313.6,17.45,D,0
22.41634,77.69401,,345.89,0.35,0.57,2025-03-31,835,N20,VIIRS,n,2,,304.77,3.86,D,0
22.51505,77.66905,,338.16,0.35,0.57,2025-03-31,835,N20,VIIRS,n,2,,302.27,2.55,D,0
22.59308,75.21646,,335.13,0.49,0.48,2025-03-31,835,N20,VIIRS,l,2,,309.83,7.22,D,0
22.72986,77.53904,,346,0.34,0.56,2025-03-31,835,N20,VIIRS,n,2,,304.68,5.63,D,0
22.99214,79.32171,,330.08,0.45,0.63,2025-03-31,835,N20,VIIRS,l,2,,303.72,2.25,D,0
23.29531,74.01838,,343.13,0.42,0.45,2025-03-31,835,N20,VIIRS,l,2,,316.73,7.67,D,0
23.66253,82.27652,,335.85,0.71,0.75,2025-03-31,835,N20,VIIRS,n,2,,301.73,7.94,D,0
24.15342,82.56714,,344.46,0.75,0.77,2025-03-31,835,N20,VIIRS,n,2,,307.62,8.86,D,0
24.11799,74.55582,,347.31,0.46,0.47,2025-03-31,836,N20,VIIRS,n,2,,317.54,7.65,D,0
24.25772,79.4883,,339.37,0.48,0.65,2025-03-31,836,N20,VIIRS,l,2,,311.74,10.1,D,0
24.39708,77.29433,,341.37,0.35,0.57,2025-03-31,836,N20,VIIRS,l,2,,314.15,4.53,D,0
24.52494,79.93193,,348.46,0.51,0.66,2025-03-31,836,N20,VIIRS,n,2,,312.48,14.92,D,0
24.64355,75.33224,,350.66,0.53,0.5,2025-03-31,836,N20,VIIRS,n,2,,317.77,10.86,D,0
25.16525,80.97356,,341.83,0.61,0.71,2025-03-31,836,N20,VIIRS,n,2,,308.01,5.24,D,0
25.82216,77.87994,,345.84,0.39,0.6,2025-03-31,836,N20,VIIRS,n,2,,312.18,4.54,D,0
30.60141,76.96181,,345.17,0.39,0.59,2025-03-31,837,N20,VIIRS,n,2,,310.53,5.35,D,0
34.11634,73.52557,,347.64,0.53,0.5,2025-03-31,838,N20,VIIRS,n,2,,303.66,8.8,D,0
26.997,87.41695,,305.13,0.51,0.49,2025-03-31,1921,N20,VIIRS,n,2,,289.37,1.3,N,0
27.19264,85.39832,,313.73,0.34,0.56,2025-03-31,1921,N20,VIIRS,n,2,,294.48,1.27,N,0
27.35834,85.66626,,308.33,0.33,0.55,2025-03-31,1921,N20,VIIRS,n,2,,289.48,0.91,N,0
27.53272,85.06886,,303.46,0.36,0.58,2025-03-31,1921,N20,VIIRS,n,2,,290.3,1.05,N,0
27.97703,83.83965,,302.78,0.44,0.62,2025-03-31,1921,N20,VIIRS,n,2,,287.27,0.87,N,0
23.33485,80.25683,,298.83,0.66,0.73,2025-03-31,1922,N20,VIIRS,n,2,,280.83,1.81,N,0
23.62205,85.21597,,307.46,0.32,0.55,2025-03-31,1922,N20,VIIRS,n,2,,294.62,1.74,N,0
23.77489,79.81935,,303.04,0.71,0.75,2025-03-31,1922,N20,VIIRS,n,2,,288.61,2.34,N,0
23.97961,79.65424,,297.45,0.73,0.76,2025-03-31,1922,N20,VIIRS,n,2,,282.14,2.89,N,0
24.80417,83.89687,,303.5,0.4,0.6,2025-03-31,1922,N20,VIIRS,n,2,,293.4,1.38,N,0
20.52569,83.93368,,303.3,0.36,0.57,2025-03-31,1923,N20,VIIRS,n,2,,292.41,0.29,N,0
21.85406,79.11507,,300.96,0.76,0.77,2025-03-31,1923,N20,VIIRS,n,2,,284.5,2.24,N,0
22.39312,83.49617,,305.44,0.4,0.6,2025-03-31,1923,N20,VIIRS,n,2,,294.63,1.5,N,0
27.77616,84.49129,,308.84,0.67,0.74,2025-03-31,2101,N20,VIIRS,n,2,,291.78,2.43,N,0
32.56625,70.34403,,308.7,0.39,0.36,2025-03-31,2101,N20,VIIRS,n,2,,288.09,0.87,N,0
28.34823,79.95391,,300.25,0.35,0.57,2025-03-31,2102,N20,VIIRS,n,2,,289.78,0.95,N,0
22.49689,82.26997,,303.15,0.66,0.73,2025-03-31,2103,N20,VIIRS,n,2,,289.87,1.84,N,0
22.67344,77.73781,,311.05,0.34,0.56,2025-03-31,2103,N20,VIIRS,n,2,,287.21,1.13,N,0
23.11701,74.49655,,302.28,0.42,0.45,2025-03-31,2103,N20,VIIRS,n,2,,290.11,1.07,N,0
23.65056,73.41594,,319.68,0.53,0.42,2025-03-31,2103,N20,VIIRS,n,2,,294.37,4.05,N,0
23.90626,73.2583,,305.08,0.52,0.41,2025-03-31,2103,N20,VIIRS,n,2,,294.45,1.63,N,0
24.17612,73.15381,,314.07,0.51,0.41,2025-03-31,2103,N20,VIIRS,n,2,,295.52,1.63,N,0
24.54723,79.50069,,305.58,0.4,0.6,2025-03-31,2103,N20,VIIRS,n,2,,292.25,1.01,N,0
25.05929,73.59589,,302.63,0.52,0.41,2025-03-31,2103,N20,VIIRS,n,2,,289.42,0.58,N,0
22.32799,73.70293,,316.3,0.39,0.44,2025-03-31,2104,N20,VIIRS,n,2,,294.07,1.51,N,0
27.5532,84.2451,313.2,,1.4,1.2,2025-03-27,424,Terra,MODIS,45,61.03,298.6,,8.6,D,0
21.8187,79.268,319.2,,1,1,2025-03-27,426,Terra,MODIS,53,61.03,308,,5.9,D,0
23.9317,78.3763,331.1,,1,1,2025-03-27,426,Terra,MODIS,77,61.03,310.8,,16.6,D,0
13.9729,77.6515,331.8,,2.2,1.4,2025-03-27,850,Aqua,MODIS,80,61.03,309.6,,53.2,D,0
19.0878,80.5304,338.4,,1.2,1.1,2025-03-27,851,Aqua,MODIS,85,61.03,311.2,,32.3,D,0
19.6847,80.0889,324.8,,1.2,1.1,2025-03-27,851,Aqua,MODIS,56,61.03,308.8,,9.9,D,0
20.3612,79.8117,334.1,,1.2,1.1,2025-03-27,851,Aqua,MODIS,76,61.03,312.4,,23.4,D,0
20.6707,83.6729,335.7,,1,1,2025-03-27,851,Aqua,MODIS,78,61.03,317.8,,16.5,D,0
21.3612,78.8945,341,,1.3,1.1,2025-03-27,851,Aqua,MODIS,85,61.03,319.9,,37.3,D,0
21.8156,79.2752,334.2,,1.2,1.1,2025-03-27,852,Aqua,MODIS,77,61.03,313.1,,27.2,D,0
22.4099,82.1427,327,,1,1,2025-03-27,852,Aqua,MODIS,59,61.03,314.2,,8.5,D,0
23.0017,77.7018,331.4,,1.5,1.2,2025-03-27,852,Aqua,MODIS,70,61.03,314.9,,24.2,D,0
23.4783,82.7008,324.4,,1,1,2025-03-27,852,Aqua,MODIS,57,61.03,313.2,,9.5,D,0
23.6885,83.0871,326.3,,1,1,2025-03-27,852,Aqua,MODIS,64,61.03,312.9,,9.3,D,0
23.9185,78.7146,328.8,,1.2,1.1,2025-03-27,852,Aqua,MODIS,63,61.03,316.9,,10.6,D,0
24.3282,79.2801,330.9,,1.1,1.1,2025-03-27,852,Aqua,MODIS,69,61.03,316,,14.3,D,0
24.7184,83.8854,334.2,,1.1,1.1,2025-03-27,852,Aqua,MODIS,78,61.03,315.9,,19.4,D,0
25.0601,86.3429,332.6,,1.6,1.2,2025-03-27,852,Aqua,MODIS,80,61.03,309.8,,30.7,D,0
27.6682,82.3229,322.6,,1,1,2025-03-27,853,Aqua,MODIS,63,61.03,309.3,,7.2,D,0
28.4799,80.3123,321.2,,1,1,2025-03-27,853,Aqua,MODIS,51,61.03,310.4,,7.3,D,0
28.8441,80.197,302.2,,2.1,1.4,2025-03-27,1522,Terra,MODIS,44,61.03,270.5,,23,N,0
24.2372,74.4822,319.3,,1.7,1.3,2025-03-28,505,Terra,MODIS,60,61.03,307.5,,14,D,0
22.9557,71.0022,317.8,,1.1,1.1,2025-03-28,506,Terra,MODIS,50,61.03,304,,6.7,D,0
18.9446,80.6161,323.7,,2.5,1.5,2025-03-28,930,Aqua,MODIS,47,61.03,306.7,,28.6,D,0
22.3968,71.7691,336.5,,1,1,2025-03-28,931,Aqua,MODIS,79,61.03,321.2,,17.4,D,0
24.7369,80.3411,332.6,,2.9,1.6,2025-03-28,931,Aqua,MODIS,78,61.03,308.9,,87.6,D,0
19.1904,77.4927,306.6,,1.1,1,2025-03-28,1559,Terra,MODIS,56,61.03,295.6,,5.7,N,0
22.5515,77.3657,315.5,,1,1,2025-03-28,1559,Terra,MODIS,91,61.03,293.9,,12.3,N,0
23.3165,77.6056,309.9,,1,1,2025-03-28,1600,Terra,MODIS,79,61.03,296.5,,7.6,N,0
22.6673,77.4417,304.7,,1,1,2025-03-28,2138,Aqua,MODIS,61,61.03,288.5,,6.6,N,0
24.4202,79.4874,321.2,,1.5,1.2,2025-03-29,406,Terra,MODIS,66,61.03,307.1,,14.6,D,0
21.6697,78.2269,327.8,,1.7,1.3,2025-03-29,407,Terra,MODIS,75,61.03,305.2,,28.3,D,0
14.0739,79.0095,323.3,,1.2,1.1,2025-03-29,409,Terra,MODIS,64,61.03,307.5,,12.3,D,0
20.7837,85.2538,326.1,,1.1,1.1,2025-03-29,831,Aqua,MODIS,45,61.03,312,,12.1,D,2
22.7321,81.7486,322.6,,1.8,1.3,2025-03-29,832,Aqua,MODIS,57,61.03,305.3,,25.2,D,0
23.7424,83.5193,333.2,,1.3,1.1,2025-03-29,832,Aqua,MODIS,79,61.03,316.7,,25.2,D,0
24.2885,80.3863,335.7,,2,1.4,2025-03-29,832,Aqua,MODIS,81,61.03,316.4,,58.7,D,0
24.5553,85.5576,325.9,,1,1,2025-03-29,832,Aqua,MODIS,22,61.03,312.3,,9,D,0
24.8247,83.5903,329.4,,1.2,1.1,2025-03-29,832,Aqua,MODIS,71,61.03,316.6,,15.1,D,0
24.9918,80.8479,325.9,,1.8,1.3,2025-03-29,833,Aqua,MODIS,57,61.03,315.7,,18.6,D,0
27.3769,83.5512,343.3,,1.1,1.1,2025-03-29,833,Aqua,MODIS,90,61.03,308.1,,45.8,D,0
25.181,86.52,307.5,,2,1.4,2025-03-29,1501,Terra,MODIS,72,61.03,297.4,,14.4,N,0
31.8378,77.3721,314.1,,1,1,2025-03-30,444,Terra,MODIS,65,61.03,289.4,,14.5,D,0
22.9437,75.1802,342.8,,1.1,1,2025-03-30,446,Terra,MODIS,89,61.03,309.2,,37.9,D,0
21.3435,70.2399,335.4,,1.2,1.1,2025-03-30,447,Terra,MODIS,81,61.03,312.7,,28.9,D,0
22.2656,74.1611,322.8,,1,1,2025-03-30,447,Terra,MODIS,64,61.03,309.1,,7.3,D,0
11.5649,76.6474,323.3,,1.3,1.1,2025-03-30,908,Aqua,MODIS,53,61.03,311.6,,10,D,0
12.9015,78.6199,327.2,,1,1,2025-03-30,908,Aqua,MODIS,39,61.03,306.7,,10.9,D,0
14.0575,79.1963,362.7,,1,1,2025-03-30,909,Aqua,MODIS,100,61.03,314.4,,77.7,D,0
15.8235,78.8223,333.4,,1,1,2025-03-30,909,Aqua,MODIS,75,61.03,310,,20.2,D,0
18.5785,80.1588,327.1,,1.1,1,2025-03-30,910,Aqua,MODIS,69,61.03,310,,9.9,D,0
19.4208,80.8091,324,,1.2,1.1,2025-03-30,910,Aqua,MODIS,39,61.03,309.1,,9.5,D,0
20.6157,80.4284,337,,1.2,1.1,2025-03-30,910,Aqua,MODIS,80,61.03,312.1,,25.4,D,0
22.0002,83.4691,333.6,,1.9,1.4,2025-03-30,910,Aqua,MODIS,79,61.03,308.8,,48.4,D,0
21.9622,80.3235,326.6,,1.2,1.1,2025-03-30,911,Aqua,MODIS,54,61.03,309.3,,14.4,D,0
22.4816,77.2932,324.3,,1,1,2025-03-30,911,Aqua,MODIS,49,61.03,310.4,,5.8,D,0
22.9252,75.7583,345.8,,1.1,1,2025-03-30,911,Aqua,MODIS,89,61.03,313.6,,39.1,D,0
23.6321,82.9276,322.9,,1.8,1.3,2025-03-30,911,Aqua,MODIS,23,61.03,309.8,,18.9,D,0
24.1386,78.759,330.8,,1.1,1,2025-03-30,911,Aqua,MODIS,42,61.03,316.7,,9.2,D,0
24.5749,75.1734,347.9,,1.1,1,2025-03-30,911,Aqua,MODIS,91,61.03,320.1,,42,D,0
27.4573,71.9697,331.8,,1.4,1.2,2025-03-30,912,Aqua,MODIS,43,61.03,319.5,,12.5,D,0
21.8938,79.8682,312.4,,1.4,1.2,2025-03-30,1540,Terra,MODIS,84,61.03,296.4,,12.9,N,0
22.8,78.6663,304.8,,1.6,1.2,2025-03-30,1541,Terra,MODIS,61,61.03,291.3,,10.1,N,0
24.5345,83.417,308.4,,1,1,2025-03-30,1541,Terra,MODIS,48,61.03,296.3,,6.7,N,0
23.8344,81.9941,305.4,,1,1,2025-03-30,2118,Aqua,MODIS,64,61.03,292.9,,7.4,N,0
21.1513,70.141,325.1,,2.3,1.5,2025-03-31,526,Terra,MODIS,73,61.03,304,,43.2,D,0
27.0155,88.4221,311.3,,1.2,1.1,2025-03-31,813,Aqua,MODIS,60,61.03,297,,6.3,D,0
21.7119,70.2525,332.9,,1.1,1.1,2025-03-31,950,Aqua,MODIS,64,61.03,317.4,,15.7,D,0
18.1007,74.4464,305.8,,1,1,2025-03-31,1619,Terra,MODIS,66,61.03,292.4,,5,N,0
24.2092,74.404,306.1,,1,1,2025-03-31,1620,Terra,MODIS,67,61.03,295.8,,5.2,N,0
23.83525,88.44627,,355.07,0.35,0.57,2025-04-01,636,N20,VIIRS,n,2,,302.38,5.92,D,0
24.07446,88.48743,,333.82,0.35,0.56,2025-04-01,636,N20,VIIRS,l,2,,307.45,3.96,D,0
24.28987,88.61327,,340.41,0.34,0.56,2025-04-01,636,N20,VIIRS,n,2,,308.01,4.29,D,0
24.81488,83.49244,,336.42,0.68,0.74,2025-04-01,636,N20,VIIRS,l,2,,308.97,3.63,D,0
26.63532,88.17447,,350.67,0.32,0.54,2025-04-01,637,N20,VIIRS,n,2,,307.01,4.48,D,0
27.14031,87.66933,,334.36,0.33,0.56,2025-04-01,637,N20,VIIRS,l,2,,307.79,3.5,D,0
27.33245,84.91979,,336.04,0.49,0.65,2025-04-01,637,N20,VIIRS,n,2,,303.42,6.56,D,0
29.94167,80.47319,,337.53,0.77,0.77,2025-04-01,638,N20,VIIRS,n,2,,292.77,12.49,D,0
12.89778,78.17819,,345.26,0.45,0.39,2025-04-01,814,N20,VIIRS,n,2,,313.47,7.41,D,0
13.9953,76.32999,,342.39,0.4,0.37,2025-04-01,814,N20,VIIRS,n,2,,314.04,4.2,D,0
15.03766,78.74407,,343.96,0.5,0.41,2025-04-01,814,N20,VIIRS,n,2,,313.77,7.2,D,0
15.59071,79.01943,,339.6,0.52,0.42,2025-04-01,814,N20,VIIRS,l,2,,313.55,7.01,D,0
16.19215,75.86443,,347.92,0.4,0.37,2025-04-01,814,N20,VIIRS,n,2,,312.45,11.77,D,0
16.88511,76.81485,,340.27,0.43,0.38,2025-04-01,815,N20,VIIRS,l,2,,314.17,9.17,D,0
17.62145,80.27621,,334.75,0.44,0.46,2025-04-01,815,N20,VIIRS,l,2,,306.01,2.59,D,0
17.89445,76.19298,,345.93,0.41,0.37,2025-04-01,815,N20,VIIRS,n,2,,314.76,9.63,D,0
18.30405,80.63031,,331.5,0.47,0.48,2025-04-01,815,N20,VIIRS,l,2,,301.67,1.79,D,0
18.65844,80.40878,,330.58,0.46,0.47,2025-04-01,815,N20,VIIRS,l,2,,302.15,1.19,D,0
18.94758,80.18543,,337.77,0.45,0.47,2025-04-01,815,N20,VIIRS,n,2,,304.25,3.01,D,0
19.22558,83.50748,,331.15,0.37,0.58,2025-04-01,815,N20,VIIRS,l,2,,302,2.42,D,0
19.44878,83.15699,,335.14,0.36,0.57,2025-04-01,815,N20,VIIRS,n,2,,298.45,1.87,D,0
19.5955,84.13092,,347.18,0.42,0.61,2025-04-01,815,N20,VIIRS,n,2,,300.34,3.92,D,0
19.87979,81.91232,,332.29,0.6,0.53,2025-04-01,815,N20,VIIRS,n,2,,299.15,4.71,D,0
20.68781,83.4214,,330.11,0.39,0.59,2025-04-01,815,N20,VIIRS,n,2,,299.32,2.28,D,0
21.06919,82.3036,,330.56,0.33,0.55,2025-04-01,816,N20,VIIRS,l,2,,304.12,1.79,D,0
21.64673,83.57838,,330.15,0.4,0.6,2025-04-01,816,N20,VIIRS,l,2,,303.54,1.91,D,0
22.28511,83.12315,,367,0.38,0.59,2025-04-01,816,N20,VIIRS,h,2,,305.4,10,D,0
22.63975,77.71262,,336.55,0.54,0.42,2025-04-01,816,N20,VIIRS,n,2,,280.34,5.77,D,0
22.91638,75.83005,,345.42,0.44,0.38,2025-04-01,816,N20,VIIRS,n,2,,314.34,6.28,D,0
23.24004,82.31383,,339.79,0.35,0.57,2025-04-01,816,N20,VIIRS,n,2,,305.79,1.44,D,0
23.5538,83.34132,,337.19,0.41,0.61,2025-04-01,816,N20,VIIRS,n,2,,301.18,1.4,D,0
23.74633,79.87124,,355.93,0.5,0.49,2025-04-01,816,N20,VIIRS,n,2,,306.32,17.14,D,0
23.8867,83.71401,,335.68,0.44,0.62,2025-04-01,816,N20,VIIRS,n,2,,305.46,2.99,D,0
24.11172,82.45467,,336.74,0.37,0.58,2025-04-01,816,N20,VIIRS,n,2,,306.88,1.69,D,0
23.89421,73.24405,,345.67,0.39,0.36,2025-04-01,817,N20,VIIRS,n,2,,312.88,5.98,D,0
24.21994,78.82935,,350.06,0.43,0.46,2025-04-01,817,N20,VIIRS,n,2,,312.13,7.66,D,0
24.34455,79.34755,,343.87,0.47,0.48,2025-04-01,817,N20,VIIRS,n,2,,313.64,16.75,D,0
24.48374,82.21773,,342.79,0.36,0.57,2025-04-01,817,N20,VIIRS,n,2,,309.38,3.33,D,0
24.63135,75.33607,,353.68,0.44,0.38,2025-04-01,817,N20,VIIRS,l,2,,326.5,16.62,D,0
24.7577,78.04154,,344.5,0.4,0.44,2025-04-01,817,N20,VIIRS,l,2,,319.09,8.66,D,0
24.86751,83.50685,,336.61,0.44,0.62,2025-04-01,817,N20,VIIRS,l,2,,311.44,3.15,D,0
25.32749,78.33291,,346.36,0.42,0.45,2025-04-01,817,N20,VIIRS,l,2,,317.53,5,D,0
26.73967,86.5795,,351.51,0.71,0.75,2025-04-01,817,N20,VIIRS,n,2,,306.44,10.21,D,0
27.53456,84.36043,,336.02,0.52,0.67,2025-04-01,817,N20,VIIRS,n,2,,304.72,5.87,D,0
27.8725,84.55799,,330.07,0.54,0.68,2025-04-01,818,N20,VIIRS,l,2,,303.41,4.52,D,0
28.54699,77.52391,,342.25,0.41,0.45,2025-04-01,818,N20,VIIRS,n,2,,311.31,5,D,0
29.18845,81.66463,,332.42,0.37,0.58,2025-04-01,818,N20,VIIRS,n,2,,300.91,6.01,D,0
29.9768,79.32986,,330.71,0.55,0.51,2025-04-01,818,N20,VIIRS,l,2,,301.93,4.62,D,0
26.87894,86.46752,,305.69,0.58,0.7,2025-04-01,1902,N20,VIIRS,n,2,,293.08,2.19,N,0
27.54173,85.03758,,299.72,0.72,0.76,2025-04-01,1902,N20,VIIRS,n,2,,289.69,2.7,N,0
23.77864,86.20713,,310.36,0.56,0.69,2025-04-01,1903,N20,VIIRS,n,2,,291.91,4.24,N,2
22.80466,86.08801,,304.68,0.56,0.69,2025-04-01,1904,N20,VIIRS,n,2,,291.87,2.03,N,2
33.2142,74.37216,,302.12,0.4,0.37,2025-04-01,2042,N20,VIIRS,n,2,,287.23,0.96,N,0
26.91237,86.36644,,304.67,0.47,0.64,2025-04-01,2043,N20,VIIRS,n,2,,293.23,1.35,N,0
27.22958,87.27264,,313.96,0.53,0.67,2025-04-01,2043,N20,VIIRS,n,2,,288.45,2.75,N,0
27.45189,84.62022,,299.27,0.36,0.58,2025-04-01,2043,N20,VIIRS,n,2,,279.74,0.29,N,0
27.63202,83.97265,,299.02,0.33,0.55,2025-04-01,2043,N20,VIIRS,n,2,,280.32,1.28,N,0
27.93111,84.38348,,297.28,0.34,0.56,2025-04-01,2043,N20,VIIRS,n,2,,284.12,0.45,N,0
28.79905,71.02639,,321.04,0.47,0.4,2025-04-01,2043,N20,VIIRS,n,2,,294.95,3.24,N,0
22.36002,82.30456,,305.89,0.33,0.56,2025-04-01,2044,N20,VIIRS,n,2,,287.63,2.16,N,2
23.10912,76.03141,,299.89,0.43,0.38,2025-04-01,2044,N20,VIIRS,n,2,,289.2,0.84,N,0
23.65596,85.50764,,306.11,0.5,0.66,2025-04-01,2044,N20,VIIRS,n,2,,289.87,1.65,N,2
23.89928,73.23046,,308.34,0.38,0.36,2025-04-01,2044,N20,VIIRS,n,2,,295.17,1.62,N,0
24.18724,74.72942,,306.3,0.39,0.36,2025-04-01,2044,N20,VIIRS,n,2,,293.64,0.68,N,0
24.57504,73.23561,,307.66,0.39,0.36,2025-04-01,2044,N20,VIIRS,n,2,,296.24,1.03,N,0
24.9648,78.03551,,309.47,0.5,0.41,2025-04-01,2044,N20,VIIRS,n,2,,287.84,1.08,N,0
20.7118,80.74873,,303.01,0.57,0.52,2025-04-01,2045,N20,VIIRS,n,2,,289.62,0.68,N,0
22.43998,75.81087,,306.18,0.43,0.38,2025-04-01,2045,N20,VIIRS,n,2,,291.53,1.36,N,0
17.07847,78.091,,311.64,0.45,0.47,2025-04-01,2046,N20,VIIRS,n,2,,292.31,0.74,N,0
23.98411,88.44204,,333.22,0.69,0.74,2025-04-02,617,N20,VIIRS,n,2,,299.93,3.83,D,0
11.26849,79.04009,,342.35,0.4,0.37,2025-04-02,754,N20,VIIRS,n,2,,305.37,3.13,D,0
14.96981,75.10024,,335.81,0.54,0.42,2025-04-02,755,N20,VIIRS,l,2,,307.1,4.65,D,0
16.49979,80.74731,,355.98,0.4,0.37,2025-04-02,756,N20,VIIRS,n,2,,309.38,9.82,D,0
17.44055,81.26199,,333.48,0.42,0.38,2025-04-02,756,N20,VIIRS,l,2,,303.99,2.72,D,0
17.93334,76.02942,,343.78,0.45,0.39,2025-04-02,756,N20,VIIRS,n,2,,311.19,12.21,D,0
18.31064,80.96255,,346.75,0.42,0.37,2025-04-02,756,N20,VIIRS,n,2,,307.8,7.04,D,0
18.91203,73.17119,,341.71,0.41,0.45,2025-04-02,756,N20,VIIRS,n,2,,302.71,2.05,D,0
19.35731,84.00765,,351.59,0.4,0.44,2025-04-02,756,N20,VIIRS,n,2,,306.66,41.57,D,0
18.98603,73.57005,,332.91,0.38,0.43,2025-04-02,757,N20,VIIRS,n,2,,302.14,2.99,D,0
20.17435,75.12326,,334.82,0.46,0.39,2025-04-02,757,N20,VIIRS,l,2,,309.05,4.63,D,0
20.90342,81.64985,,338.24,0.47,0.4,2025-04-02,757,N20,VIIRS,n,2,,308.03,6.74,D,0
21.43139,72.71915,,342.56,0.39,0.44,2025-04-02,757,N20,VIIRS,n,2,,310.89,6.41,D,0
21.93289,81.83164,,337.44,0.49,0.4,2025-04-02,757,N20,VIIRS,l,2,,308.17,5.29,D,0
22.37738,87.28109,,333.5,0.35,0.57,2025-04-02,757,N20,VIIRS,n,2,,295.98,5.15,D,2
23.33345,82.27934,,335.97,0.53,0.42,2025-04-02,757,N20,VIIRS,l,2,,306.21,4.31,D,0
24.06325,88.67882,,338.8,0.45,0.63,2025-04-02,757,N20,VIIRS,n,2,,300.64,4.97,D,0
24.25879,87.82296,,335.5,0.4,0.6,2025-04-02,757,N20,VIIRS,n,2,,299.65,3.59,D,0
23.73,78.30424,,330.37,0.39,0.36,2025-04-02,758,N20,VIIRS,n,2,,282.08,3.29,D,0
24.43052,85.05024,,330.41,0.54,0.51,2025-04-02,758,N20,VIIRS,l,2,,305,2.9,D,0
25.03741,87.68436,,335.29,0.4,0.6,2025-04-02,758,N20,VIIRS,n,2,,305.74,5.42,D,0
26.39161,79.06836,,338.87,0.42,0.37,2025-04-02,758,N20,VIIRS,l,2,,313.78,2.9,D,0
27.38205,85.00913,,332.94,0.58,0.52,2025-04-02,758,N20,VIIRS,n,2,,293.81,4.6,D,0
28.35382,81.78104,,337.11,0.38,0.43,2025-04-02,759,N20,VIIRS,l,2,,308.9,4.73,D,0
29.13287,81.13751,,333.21,0.54,0.42,2025-04-02,759,N20,VIIRS,l,2,,306.83,5.14,D,0
29.97515,78.37408,,339.94,0.42,0.38,2025-04-02,759,N20,VIIRS,n,2,,310.83,2.6,D,0
33.74235,71.09888,,342.02,0.46,0.39,2025-04-02,801,N20,VIIRS,n,2,,303.85,10.94,D,0
33.86759,75.21585,,328.8,0.38,0.43,2025-04-02,2023,N20,VIIRS,n,2,,284.2,3.09,N,0
27.04662,88.42972,,298.98,0.32,0.55,2025-04-02,2024,N20,VIIRS,n,2,,287.2,0.59,N,0
27.20683,85.37359,,305.67,0.42,0.45,2025-04-02,2024,N20,VIIRS,n,2,,294.73,1.02,N,0
27.34719,84.51533,,307.97,0.56,0.43,2025-04-02,2024,N20,VIIRS,n,2,,295.98,3.21,N,0
27.38135,84.86158,,305.02,0.39,0.44,2025-04-02,2024,N20,VIIRS,n,2,,292.59,1.32,N,0
27.44923,83.9633,,301.78,0.53,0.42,2025-04-02,2024,N20,VIIRS,n,2,,289.97,1.3,N,0
27.50294,84.89541,,316.47,0.39,0.44,2025-04-02,2024,N20,VIIRS,n,2,,291.38,2.24,N,0
27.63181,84.64046,,301.12,0.57,0.43,2025-04-02,2024,N20,VIIRS,n,2,,290.43,1.51,N,0
27.74619,82.77229,,306.53,0.46,0.39,2025-04-02,2024,N20,VIIRS,n,2,,295.4,2.56,N,0
27.91684,85.64354,,299.1,0.42,0.45,2025-04-02,2024,N20,VIIRS,n,2,,287.72,0.95,N,0
28.22731,84.27648,,307.17,0.53,0.42,2025-04-02,2024,N20,VIIRS,n,2,,290.16,1.66,N,0
28.52767,81.73466,,302.33,0.41,0.37,2025-04-02,2024,N20,VIIRS,n,2,,284.66,0.84,N,0
28.80501,80.29965,,302.61,0.39,0.36,2025-04-02,2024,N20,VIIRS,n,2,,287.74,0.62,N,0
29.54818,77.93229,,298.3,0.4,0.37,2025-04-02,2024,N20,VIIRS,n,2,,288.18,0.57,N,0
22.51062,81.61616,,309.32,0.48,0.4,2025-04-02,2025,N20,VIIRS,n,2,,292.68,1.44,N,0
23.14629,80.13239,,304.12,0.41,0.37,2025-04-02,2025,N20,VIIRS,n,2,,289.1,0.73,N,0
23.48974,82.22826,,304.51,0.49,0.41,2025-04-02,2025,N20,VIIRS,n,2,,289.82,1.26,N,0
23.72751,73.35832,,325.74,0.55,0.43,2025-04-02,2025,N20,VIIRS,n,2,,296.12,4.31,N,0
24.21697,74.29316,,313.87,0.5,0.41,2025-04-02,2025,N20,VIIRS,n,2,,292.5,1.24,N,0
24.89715,83.61816,,318.75,0.55,0.43,2025-04-02,2025,N20,VIIRS,n,2,,294.08,2.86,N,0
20.786,85.26178,,309.03,0.55,0.51,2025-04-02,2026,N20,VIIRS,n,2,,291.75,3.89,N,2
22.00396,82.67124,,311.38,0.55,0.42,2025-04-02,2026,N20,VIIRS,n,2,,293.14,2.72,N,2
22.75015,78.51393,,303.24,0.39,0.36,2025-04-02,2026,N20,VIIRS,n,2,,284.45,0.68,N,0
22.91282,78.47519,,308.45,0.39,0.36,2025-04-02,2026,N20,VIIRS,n,2,,288.52,0.78,N,0
23.18236,76.56322,,310.1,0.4,0.37,2025-04-02,2026,N20,VIIRS,n,2,,291.78,0.99,N,0
19.6728,73.46913,,309.68,0.49,0.4,2025-04-02,2027,N20,VIIRS,n,2,,294.02,2.02,N,0
15.55205,78.501,,341.41,0.42,0.46,2025-04-03,737,N20,VIIRS,n,2,,295.54,7.17,D,0
17.58423,73.59227,,331.47,0.41,0.6,2025-04-03,737,N20,VIIRS,n,2,,295.63,7.29,D,0
18.88613,83.03754,,337.56,0.39,0.36,2025-04-03,737,N20,VIIRS,n,2,,308.77,4.1,D,0
19.26392,83.17641,,335.95,0.38,0.36,2025-04-03,737,N20,VIIRS,l,2,,308.07,4.85,D,0
19.40543,82.9022,,354.98,0.39,0.36,2025-04-03,737,N20,VIIRS,n,2,,304.28,18.61,D,0
19.64414,83.82778,,339.4,0.39,0.36,2025-04-03,737,N20,VIIRS,n,2,,309.28,3.47,D,0
18.68367,75.70207,,333.3,0.56,0.52,2025-04-03,738,N20,VIIRS,l,2,,304.05,6.84,D,0
20.04445,77.93441,,341.61,0.39,0.44,2025-04-03,738,N20,VIIRS,n,2,,300.38,7.08,D,0
20.53625,86.43193,,333.6,0.46,0.39,2025-04-03,738,N20,VIIRS,l,2,,307.23,2.99,D,0
20.95263,85.00033,,339.53,0.41,0.37,2025-04-03,738,N20,VIIRS,n,2,,305.98,4.05,D,0
21.99953,76.81426,,335.62,0.42,0.45,2025-04-03,738,N20,VIIRS,n,2,,305.43,2.16,D,0
23.27826,84.97761,,337.71,0.43,0.38,2025-04-03,738,N20,VIIRS,l,2,,308.42,4.82,D,0
23.91781,88.65682,,338.04,0.45,0.47,2025-04-03,738,N20,VIIRS,n,2,,305.51,4.21,D,0
24.11373,88.5315,,345.68,0.44,0.46,2025-04-03,738,N20,VIIRS,n,2,,310.68,15.22,D,0
21.60369,70.97181,,341.65,0.5,0.66,2025-04-03,739,N20,VIIRS,l,2,,315.25,4.32,D,0
22.66346,77.19829,,333.02,0.39,0.44,2025-04-03,739,N20,VIIRS,l,2,,306.1,1.71,D,0
22.91809,75.746,,340.18,0.47,0.48,2025-04-03,739,N20,VIIRS,l,2,,312.46,7.92,D,0
23.21146,72.34171,,339.85,0.38,0.58,2025-04-03,739,N20,VIIRS,n,2,,314.32,1.29,D,0
23.90461,85.05663,,338.65,0.44,0.38,2025-04-03,739,N20,VIIRS,n,2,,308.59,3.53,D,0
24.29307,88.2603,,344.95,0.43,0.46,2025-04-03,739,N20,VIIRS,n,2,,310.65,8.04,D,0
24.61337,85.65064,,344.24,0.47,0.4,2025-04-03,739,N20,VIIRS,n,2,,310.87,4.58,D,0
25.49219,87.96918,,336.85,0.43,0.46,2025-04-03,739,N20,VIIRS,l,2,,310.21,3.52,D,0
26.83515,86.43954,,346.69,0.55,0.42,2025-04-03,739,N20,VIIRS,n,2,,313.27,5.04,D,0
27.03392,87.59267,,341.45,0.42,0.46,2025-04-03,739,N20,VIIRS,n,2,,309.53,5.54,D,0
27.15627,85.80782,,330.87,0.51,0.41,2025-04-03,739,N20,VIIRS,l,2,,305.49,2.59,D,0
27.26255,85.32546,,339.33,0.49,0.4,2025-04-03,739,N20,VIIRS,n,2,,308.06,6.07,D,0
27.3502,84.74516,,355.59,0.46,0.39,2025-04-03,739,N20,VIIRS,n,2,,315.21,18.16,D,0
27.39168,84.33546,,347.66,0.44,0.38,2025-04-03,739,N20,VIIRS,n,2,,292.08,5.99,D,0
27.49036,84.42908,,341.82,0.45,0.39,2025-04-03,740,N20,VIIRS,n,2,,294.08,6.4,D,0
27.8505,82.27441,,343.07,0.39,0.36,2025-04-03,740,N20,VIIRS,n,2,,309.29,4.9,D,0
28.17226,83.8604,,331.26,0.43,0.38,2025-04-03,740,N20,VIIRS,n,2,,275.6,4.04,D,0
28.56266,83.67638,,336.19,0.43,0.38,2025-04-03,740,N20,VIIRS,n,2,,298.61,10.44,D,0
28.83655,80.29253,,351.43,0.39,0.36,2025-04-03,740,N20,VIIRS,n,2,,316.8,5.5,D,0
29.75967,79.75642,,336.21,0.39,0.36,2025-04-03,740,N20,VIIRS,l,2,,306.3,5.29,D,0
21.55278,69.73726,,337.64,0.54,0.68,2025-04-03,919,N20,VIIRS,n,2,,305.24,2.22,D,0
33.12614,74.16797,,318.97,0.4,0.6,2025-04-03,2004,N20,VIIRS,n,2,,287.95,1.69,N,0
26.80219,87.88065,,331.62,0.49,0.4,2025-04-03,2005,N20,VIIRS,n,2,,294.68,4.2,N,0
27.01509,87.46548,,302.01,0.47,0.39,2025-04-03,2005,N20,VIIRS,n,2,,286.11,0.78,N,0
27.17025,85.30997,,299.42,0.4,0.37,2025-04-03,2005,N20,VIIRS,n,2,,284.36,0.49,N,0
27.23431,85.63915,,303.19,0.4,0.37,2025-04-03,2005,N20,VIIRS,n,2,,280.16,0.85,N,0
27.33843,84.84963,,310.31,0.39,0.36,2025-04-03,2005,N20,VIIRS,n,2,,288.53,0.58,N,0
27.35928,84.4472,,338.21,0.39,0.36,2025-04-03,2005,N20,VIIRS,n,2,,299.51,3.29,N,0
27.37508,84.813,,309.28,0.39,0.36,2025-04-03,2005,N20,VIIRS,n,2,,293.59,1.53,N,0
27.40891,89.26805,,295.98,0.56,0.43,2025-04-03,2005,N20,VIIRS,n,2,,260.47,1.77,N,0
27.45945,85.0062,,312.76,0.39,0.36,2025-04-03,2005,N20,VIIRS,n,2,,290.32,1.83,N,0
27.49187,85.15992,,295.68,0.39,0.36,2025-04-03,2005,N20,VIIRS,n,2,,279.77,0.64,N,0
27.5261,84.86971,,311.62,0.39,0.36,2025-04-03,2005,N20,VIIRS,n,2,,292.36,0.83,N,0
27.62323,84.86051,,323.14,0.39,0.36,2025-04-03,2005,N20,VIIRS,n,2,,291.94,2.24,N,0
27.67521,83.85206,,304.11,0.38,0.36,2025-04-03,2005,N20,VIIRS,n,2,,288.92,0.74,N,0
27.70787,82.48268,,309.11,0.4,0.37,2025-04-03,2005,N20,VIIRS,n,2,,285.87,1.2,N,0
27.73699,82.90822,,318.9,0.39,0.36,2025-04-03,2005,N20,VIIRS,n,2,,269.58,1.05,N,0
27.77177,82.69548,,323.25,0.4,0.37,2025-04-03,2005,N20,VIIRS,n,2,,290.83,1.96,N,0
27.83681,84.71886,,302.46,0.39,0.36,2025-04-03,2005,N20,VIIRS,n,2,,289.11,1.02,N,0
27.90077,82.95011,,300.87,0.39,0.36,2025-04-03,2005,N20,VIIRS,n,2,,284.54,0.68,N,0
27.98771,84.75671,,298.22,0.39,0.36,2025-04-03,2005,N20,VIIRS,n,2,,284.8,0.47,N,0
28.28382,81.92915,,315.96,0.42,0.37,2025-04-03,2005,N20,VIIRS,n,2,,293.52,2.45,N,0
28.47975,80.84422,,310.46,0.46,0.39,2025-04-03,2005,N20,VIIRS,n,2,,290.91,1.59,N,0
28.72028,81.31392,,304.92,0.44,0.38,2025-04-03,2005,N20,VIIRS,n,2,,292.63,1.38,N,0
29.16064,81.57778,,297.93,0.43,0.38,2025-04-03,2005,N20,VIIRS,n,2,,285.61,0.79,N,0
23.16534,82.33656,,340.02,0.39,0.36,2025-04-03,2006,N20,VIIRS,n,2,,288.81,2.31,N,2
24.80892,82.13934,,310.29,0.39,0.36,2025-04-03,2006,N20,VIIRS,n,2,,277.26,1.17,N,0
22.76947,75.61849,,327.93,0.5,0.49,2025-04-03,2007,N20,VIIRS,n,2,,290.65,4.96,N,0
23.14034,76.09132,,320.37,0.47,0.48,2025-04-03,2007,N20,VIIRS,n,2,,289.74,1.51,N,0
18.68349,73.03626,,305.81,0.33,0.55,2025-04-03,2008,N20,VIIRS,n,2,,293.61,2.52,N,2
16.78679,76.82336,,330.65,0.53,0.67,2025-04-04,718,N20,VIIRS,n,2,,296.92,3.36,D,0
20.00228,76.01752,,354.44,0.52,0.66,2025-04-04,719,N20,VIIRS,n,2,,303.75,7.36,D,0
21.81413,81.48225,,341.84,0.43,0.46,2025-04-04,719,N20,VIIRS,n,2,,305.78,4.28,D,0
22.55616,76.13717,,335.2,0.45,0.63,2025-04-04,720,N20,VIIRS,l,2,,308.63,1.85,D,0
22.69947,77.40215,,367,0.37,0.58,2025-04-04,720,N20,VIIRS,h,2,,313.77,9.89,D,0
22.83104,77.8304,,334.54,0.34,0.56,2025-04-04,720,N20,VIIRS,n,2,,304.73,5.78,D,0
23.13364,76.11472,,351.14,0.44,0.62,2025-04-04,720,N20,VIIRS,n,2,,317.21,13.17,D,0
23.64464,83.63945,,337.32,0.46,0.39,2025-04-04,720,N20,VIIRS,n,2,,303.44,2.91,D,0
23.94466,81.85953,,336.95,0.56,0.43,2025-04-04,720,N20,VIIRS,l,2,,307.89,14.28,D,0
24.51495,87.28862,,338.46,0.39,0.36,2025-04-04,720,N20,VIIRS,n,2,,307.31,4.48,D,0
24.80866,80.15976,,353.46,0.45,0.47,2025-04-04,720,N20,VIIRS,n,2,,310.33,13.38,D,0
25.00778,80.62281,,335.98,0.42,0.45,2025-04-04,720,N20,VIIRS,l,2,,310.03,2.87,D,0
27.00636,86.46342,,341.73,0.38,0.36,2025-04-04,720,N20,VIIRS,n,2,,299.62,8.1,D,0
27.08956,85.84695,,338.47,0.38,0.36,2025-04-04,721,N20,VIIRS,l,2,,310.75,2.95,D,0
27.15891,82.66696,,352.35,0.46,0.39,2025-04-04,721,N20,VIIRS,n,2,,315.55,11.26,D,0
27.2051,85.73754,,338.48,0.38,0.36,2025-04-04,721,N20,VIIRS,n,2,,307.62,3.84,D,0
27.24885,87.2843,,327.76,0.39,0.36,2025-04-04,721,N20,VIIRS,n,2,,277.04,1.51,D,0
27.32697,84.74316,,345.83,0.4,0.37,2025-04-04,721,N20,VIIRS,n,2,,309.83,7.32,D,0
27.35777,84.26608,,344.79,0.4,0.37,2025-04-04,721,N20,VIIRS,n,2,,309.54,4.96,D,0
27.40291,85.28181,,333.97,0.39,0.36,2025-04-04,721,N20,VIIRS,l,2,,307.17,2.91,D,0
27.46952,84.63251,,335.33,0.4,0.37,2025-04-04,721,N20,VIIRS,n,2,,303.66,2.37,D,0
27.54557,83.87353,,340.37,0.41,0.37,2025-04-04,721,N20,VIIRS,n,2,,308.41,10.27,D,0
27.6367,83.99541,,340.49,0.41,0.37,2025-04-04,721,N20,VIIRS,n,2,,308.97,6.01,D,0
27.68995,82.49566,,342.39,0.46,0.39,2025-04-04,721,N20,VIIRS,l,2,,313.48,11.4,D,0
27.78702,85.10619,,337.58,0.39,0.36,2025-04-04,721,N20,VIIRS,n,2,,305.6,2.81,D,0
27.9496,82.57998,,347.67,0.45,0.39,2025-04-04,721,N20,VIIRS,n,2,,311.75,6.96,D,0
28.2949,80.25182,,352.24,0.39,0.44,2025-04-04,721,N20,VIIRS,n,2,,308.78,7.2,D,0
28.7981,80.31059,,353.63,0.56,0.43,2025-04-04,721,N20,VIIRS,n,2,,310.29,11.48,D,0
29.37275,77.60564,,335.1,0.52,0.5,2025-04-04,722,N20,VIIRS,n,2,,306.41,1.5,D,0
33.13604,74.16603,,334.99,0.34,0.56,2025-04-04,723,N20,VIIRS,n,2,,303.06,5.75,D,0
20.93348,73.65215,,341.12,0.47,0.64,2025-04-04,900,N20,VIIRS,n,2,,310.02,6.09,D,0
22.61369,75.65791,,341.58,0.67,0.73,2025-04-04,900,N20,VIIRS,n,2,,303.68,4.25,D,0
22.96208,72.18891,,367,0.4,0.6,2025-04-04,901,N20,VIIRS,h,2,,317.27,22.12,D,0
24.63832,73.41412,,340.35,0.5,0.66,2025-04-04,901,N20,VIIRS,n,2,,307.12,5.33,D,0
32.77068,72.93606,,335.49,0.56,0.68,2025-04-04,903,N20,VIIRS,n,2,,303.51,5.87,D,0
26.79365,87.74028,,306.11,0.39,0.36,2025-04-04,1946,N20,VIIRS,n,2,,292.84,0.67,N,0
26.84968,86.54923,,310.66,0.41,0.37,2025-04-04,1946,N20,VIIRS,n,2,,292.97,0.8,N,0
26.9237,87.41649,,307.43,0.39,0.36,2025-04-04,1946,N20,VIIRS,n,2,,290.11,1.37,N,0
27.03612,86.41766,,303.92,0.41,0.37,2025-04-04,1946,N20,VIIRS,n,2,,292.8,0.79,N,0
27.11365,87.30531,,303.86,0.4,0.37,2025-04-04,1946,N20,VIIRS,n,2,,289.49,1.14,N,0
27.15839,85.91563,,302.3,0.43,0.38,2025-04-04,1946,N20,VIIRS,n,2,,290.17,1.08,N,0
27.21338,84.88513,,300.63,0.48,0.4,2025-04-04,1946,N20,VIIRS,n,2,,289.09,0.58,N,0
27.24758,85.13982,,302.7,0.46,0.39,2025-04-04,1946,N20,VIIRS,n,2,,291.51,1.68,N,0
27.30972,85.54321,,304.11,0.45,0.39,2025-04-04,1946,N20,VIIRS,n,2,,292.7,0.98,N,0
27.35287,84.37255,,306.87,0.5,0.41,2025-04-04,1946,N20,VIIRS,n,2,,294.88,1.6,N,0
27.37558,85.1837,,301.92,0.46,0.39,2025-04-04,1946,N20,VIIRS,n,2,,291.28,0.77,N,0
27.41112,85.24806,,313.29,0.46,0.39,2025-04-04,1946,N20,VIIRS,n,2,,292.49,0.88,N,0
27.4607,83.94136,,302.11,0.53,0.42,2025-04-04,1946,N20,VIIRS,n,2,,290.51,1.51,N,0
27.4932,84.68347,,305.12,0.49,0.4,2025-04-04,1946,N20,VIIRS,n,2,,293.21,1.43,N,0
27.52583,84.12705,,306.07,0.52,0.42,2025-04-04,1946,N20,VIIRS,n,2,,293.21,1.42,N,0
27.58778,84.77857,,304.87,0.49,0.4,2025-04-04,1946,N20,VIIRS,n,2,,291.27,0.47,N,0
27.67618,83.61543,,306.26,0.56,0.43,2025-04-04,1946,N20,VIIRS,n,2,,294.9,2.85,N,0
27.71224,84.33022,,318.22,0.51,0.41,2025-04-04,1946,N20,VIIRS,n,2,,295.66,2.06,N,0
27.76382,84.22306,,300.78,0.52,0.41,2025-04-04,1946,N20,VIIRS,n,2,,290.66,1.09,N,0
27.84657,82.81802,,301.49,0.41,0.45,2025-04-04,1946,N20,VIIRS,n,2,,290.94,0.84,N,0
27.94867,81.94996,,325.9,0.46,0.47,2025-04-04,1946,N20,VIIRS,n,2,,296.91,2.74,N,0
28.12381,80.52348,,307.64,0.57,0.52,2025-04-04,1946,N20,VIIRS,n,2,,293.32,1.89,N,0
28.37183,81.70212,,304.8,0.49,0.48,2025-04-04,1946,N20,VIIRS,n,2,,293.59,1.37,N,0
28.67796,81.30881,,307.74,0.52,0.5,2025-04-04,1946,N20,VIIRS,n,2,,292.84,0.74,N,0
29.46751,80.86163,,299.44,0.56,0.52,2025-04-04,1946,N20,VIIRS,n,2,,282.94,0.78,N,0
23.71984,86.44964,,312.35,0.4,0.37,2025-04-04,1947,N20,VIIRS,n,2,,301.76,2.42,N,2
24.12039,86.8597,,313.49,0.39,0.36,2025-04-04,1947,N20,VIIRS,n,2,,295.87,1.69,N,2
24.88305,75.43384,,303.77,0.55,0.68,2025-04-04,1947,N20,VIIRS,n,2,,290.99,1.43,N,0
20.80566,85.25931,,311.74,0.41,0.37,2025-04-04,1948,N20,VIIRS,n,2,,291.76,1.94,N,2
21.9559,83.80791,,308.43,0.47,0.4,2025-04-04,1948,N20,VIIRS,n,2,,294.63,0.57,N,0
22.33111,82.60622,,310.27,0.55,0.42,2025-04-04,1948,N20,VIIRS,n,2,,296.38,1.72,N,2
22.66778,78.17345,,323.72,0.35,0.56,2025-04-04,1948,N20,VIIRS,n,2,,290.5,1.85,N,0
22.93443,78.55358,,299.42,0.33,0.55,2025-04-04,1948,N20,VIIRS,n,2,,289.15,0.65,N,0
23.14465,78.01958,,328.13,0.36,0.57,2025-04-04,1948,N20,VIIRS,n,2,,289.63,2.03,N,0
23.52507,83.60008,,307.48,0.5,0.41,2025-04-04,1948,N20,VIIRS,n,2,,292.24,1.35,N,0
23.79681,77.97392,,297.8,0.37,0.58,2025-04-04,1948,N20,VIIRS,n,2,,287.72,0.3,N,0
24.47269,73.88438,,305.57,0.68,0.74,2025-04-04,1948,N20,VIIRS,n,2,,294.44,1.68,N,0
16.53017,73.65524,,315.14,0.58,0.7,2025-04-04,1950,N20,VIIRS,n,2,,291.22,1.64,N,0
22.38295,75.86198,,309.17,0.66,0.73,2025-04-04,2128,N20,VIIRS,n,2,,294.34,2.86,N,0
23.01334,70.10341,,307.55,0.55,0.51,2025-04-04,2129,N20,VIIRS,n,2,,295.59,1.44,N,2
19.31084,80.51505,,332.18,0.55,0.68,2025-04-05,700,N20,VIIRS,n,2,,299.63,2.32,D,0
19.88937,83.5733,,337.16,0.34,0.56,2025-04-05,700,N20,VIIRS,n,2,,304.5,2.44,D,0
20.55789,86.69574,,337.76,0.42,0.45,2025-04-05,700,N20,VIIRS,n,2,,307.2,3.93,D,0
21.47917,82.15995,,338.1,0.39,0.59,2025-04-05,700,N20,VIIRS,l,2,,310.04,4.13,D,0
21.99574,77.27666,,333.93,0.77,0.78,2025-04-05,701,N20,VIIRS,l,2,,306.65,5.95,D,0
22.62597,77.76751,,342.02,0.7,0.75,2025-04-05,701,N20,VIIRS,n,2,,309.92,9.43,D,0
22.75267,77.40025,,335.99,0.73,0.76,2025-04-05,701,N20,VIIRS,l,2,,309.67,5.56,D,0
22.86443,77.86381,,332.53,0.68,0.74,2025-04-05,701,N20,VIIRS,n,2,,305.09,14.49,D,0
23.28147,82.05512,,342.44,0.36,0.58,2025-04-05,701,N20,VIIRS,l,2,,312.62,3.46,D,0
23.58474,79.1704,,342.51,0.54,0.68,2025-04-05,701,N20,VIIRS,n,2,,309.03,4.23,D,0
23.71459,79.0659,,367,0.55,0.68,2025-04-05,701,N20,VIIRS,h,2,,316.1,16.12,D,0
23.92294,81.27882,,330.14,0.39,0.6,2025-04-05,701,N20,VIIRS,l,2,,304.47,1.94,D,0
24.20817,80.53997,,332.96,0.43,0.62,2025-04-05,701,N20,VIIRS,l,2,,307.89,1.61,D,0
24.37837,81.44263,,344.35,0.38,0.58,2025-04-05,701,N20,VIIRS,n,2,,309.2,3.3,D,0
24.60565,85.79704,,340.91,0.4,0.45,2025-04-05,701,N20,VIIRS,l,2,,314.54,5.16,D,0
24.78891,83.35358,,344.06,0.56,0.52,2025-04-05,701,N20,VIIRS,n,2,,313.78,10.68,D,0
25.35678,88.6864,,349.83,0.43,0.38,2025-04-05,701,N20,VIIRS,n,2,,311.49,5.11,D,0
25.90543,77.88611,,355.11,0.58,0.69,2025-04-05,702,N20,VIIRS,n,2,,311.29,13.73,D,0
27.00844,86.82296,,330.92,0.49,0.4,2025-04-05,702,N20,VIIRS,l,2,,305.03,2.95,D,0
27.14029,87.60761,,335.32,0.45,0.39,2025-04-05,702,N20,VIIRS,n,2,,303.85,12.51,D,0
27.27302,82.73884,,350.72,0.54,0.51,2025-04-05,702,N20,VIIRS,n,2,,318.08,16.96,D,0
27.34683,84.81039,,341.99,0.41,0.45,2025-04-05,702,N20,VIIRS,n,2,,306.31,6.46,D,0
27.52515,85.03212,,333.87,0.4,0.44,2025-04-05,702,N20,VIIRS,n,2,,300.24,3.01,D,0
27.79469,82.74265,,334.83,0.53,0.5,2025-04-05,702,N20,VIIRS,n,2,,304.19,6.61,D,0
28.43307,83.38102,,336.59,0.47,0.48,2025-04-05,702,N20,VIIRS,n,2,,302.87,6.19,D,0
29.58947,77.95009,,350.74,0.47,0.64,2025-04-05,703,N20,VIIRS,n,2,,303.82,5.81,D,0
15.63431,78.48818,,333.8,0.41,0.61,2025-04-05,839,N20,VIIRS,n,2,,297.85,3.78,D,0
17.96042,73.69016,,335.02,0.43,0.46,2025-04-05,840,N20,VIIRS,n,2,,303.4,1.85,D,0
19.59694,79.97576,,330.17,0.58,0.7,2025-04-05,840,N20,VIIRS,l,2,,303.3,3.07,D,0
20.34085,73.00491,,340.68,0.42,0.45,2025-04-05,841,N20,VIIRS,l,2,,312.69,2.72,D,0
21.29209,78.44998,,336.6,0.48,0.65,2025-04-05,841,N20,VIIRS,n,2,,310.86,17.61,D,0
21.98556,77.14034,,344.87,0.4,0.6,2025-04-05,841,N20,VIIRS,n,2,,312.22,4.39,D,0
22.29686,78.25478,,348.54,0.48,0.65,2025-04-05,841,N20,VIIRS,n,2,,312.27,6.92,D,0
22.60683,75.5636,,367,0.32,0.55,2025-04-05,841,N20,VIIRS,h,2,,318.33,6.53,D,0
22.70886,78.35629,,356.07,0.49,0.65,2025-04-05,841,N20,VIIRS,n,2,,314.5,17.81,D,0
22.80504,79.66782,,367,0.6,0.7,2025-04-05,841,N20,VIIRS,h,2,,313.12,16.29,D,0
22.80997,77.96732,,348.97,0.47,0.64,2025-04-05,842,N20,VIIRS,n,2,,313.25,15.02,D,0
22.95687,75.86744,,355.42,0.34,0.56,2025-04-05,842,N20,VIIRS,n,2,,320.71,32.32,D,0
23.11118,76.53252,,367,0.38,0.59,2025-04-05,842,N20,VIIRS,h,2,,316.27,10.45,D,0
23.36519,75.90987,,367,0.35,0.57,2025-04-05,842,N20,VIIRS,h,2,,317.96,5.18,D,0
23.60476,75.91677,,367,0.35,0.57,2025-04-05,842,N20,VIIRS,h,2,,314.03,6.2,D,0
23.75782,73.29913,,344.82,0.48,0.48,2025-04-05,842,N20,VIIRS,n,2,,314.22,48.34,D,0
24.2859,80.56043,,345.46,0.71,0.75,2025-04-05,842,N20,VIIRS,n,2,,309.29,12.28,D,0
24.481,78.29954,,348.98,0.51,0.66,2025-04-05,842,N20,VIIRS,n,2,,320.25,24.95,D,0
24.93654,81.03773,,333.86,0.77,0.77,2025-04-05,842,N20,VIIRS,n,2,,301.24,6.3,D,0
28.55224,80.2629,,339.68,0.73,0.76,2025-04-05,843,N20,VIIRS,n,2,,304.24,7.75,D,0
33.01722,73.0818,,338.14,0.6,0.53,2025-04-05,844,N20,VIIRS,n,2,,310.7,3.65,D,0
27.39609,89.47284,,339.55,0.49,0.4,2025-04-05,1927,N20,VIIRS,n,2,,281.15,7.74,N,0
27.68376,84.81789,,303.12,0.6,0.53,2025-04-05,1927,N20,VIIRS,n,2,,286.87,1.35,N,0
27.73463,82.79208,,305.86,0.4,0.6,2025-04-05,1927,N20,VIIRS,n,2,,294.81,1.27,N,0
27.88625,85.06989,,298.03,0.58,0.52,2025-04-05,1927,N20,VIIRS,n,2,,287.47,0.55,N,0
28.1646,83.20399,,301.79,0.38,0.59,2025-04-05,1927,N20,VIIRS,n,2,,285.71,0.51,N,0
28.92717,80.79951,,298.89,0.55,0.68,2025-04-05,1927,N20,VIIRS,n,2,,288.24,0.43,N,0
24.19389,82.57886,,305.2,0.38,0.59,2025-04-05,1928,N20,VIIRS,n,2,,293.62,0.53,N,2
26.72345,86.69032,,301.73,0.45,0.47,2025-04-05,1928,N20,VIIRS,n,2,,289.77,0.18,N,0
26.86432,86.21677,,315.63,0.48,0.48,2025-04-05,1928,N20,VIIRS,n,2,,294.93,3.03,N,0
27.06629,86.15966,,300.16,0.49,0.49,2025-04-05,1928,N20,VIIRS,n,2,,289.89,0.69,N,0
27.19758,85.78357,,311.98,0.52,0.5,2025-04-05,1928,N20,VIIRS,n,2,,290.86,1.43,N,0
27.24621,82.77809,,326.99,0.4,0.6,2025-04-05,1928,N20,VIIRS,n,2,,288.82,1.48,N,0
27.29353,83.45449,,303.14,0.36,0.57,2025-04-05,1928,N20,VIIRS,n,2,,287.67,0.3,N,0
27.345,82.65891,,303.06,0.41,0.6,2025-04-05,1928,N20,VIIRS,n,2,,287.82,0.63,N,0
27.47713,83.97153,,304.82,0.34,0.56,2025-04-05,1928,N20,VIIRS,n,2,,290.44,0.36,N,0
21.29362,80.07819,,305.5,0.51,0.66,2025-04-05,1929,N20,VIIRS,n,2,,294.59,1.37,N,0
22.36521,87.02087,,307.2,0.57,0.43,2025-04-05,1929,N20,VIIRS,n,2,,296.91,1.34,N,2
22.8142,77.38622,,299.02,0.79,0.78,2025-04-05,1929,N20,VIIRS,n,2,,288.53,0.86,N,0
23.14853,78.01527,,297.95,0.72,0.76,2025-04-05,1929,N20,VIIRS,n,2,,287.79,1.29,N,0
23.57676,79.94923,,319.5,0.55,0.68,2025-04-05,1929,N20,VIIRS,n,2,,289.46,3.95,N,0
23.82303,77.48625,,303.91,0.79,0.78,2025-04-05,1929,N20,VIIRS,n,2,,287.6,1.31,N,0
19.78114,83.66079,,315.68,0.57,0.52,2025-04-05,1930,N20,VIIRS,n,2,,293.3,1.95,N,0
32.74009,71.69592,,339.07,0.41,0.37,2025-04-05,2107,N20,VIIRS,n,2,,294.43,3.85,N,0
27.22068,82.78709,,307.27,0.68,0.74,2025-04-05,2108,N20,VIIRS,n,2,,287.97,5.75,N,0
27.71432,82.46686,,303.7,0.64,0.72,2025-04-05,2108,N20,VIIRS,n,2,,293.23,2.29,N,0
28.70473,80.1346,,309.86,0.44,0.62,2025-04-05,2108,N20,VIIRS,n,2,,290.83,1.18,N,0
22.89801,77.99906,,304.41,0.44,0.62,2025-04-05,2109,N20,VIIRS,n,2,,289.03,1.25,N,0
23.66583,78.26402,,297.29,0.44,0.62,2025-04-05,2109,N20,VIIRS,n,2,,287.14,0.34,N,0
24.32073,80.32159,,308.07,0.57,0.69,2025-04-05,2109,N20,VIIRS,n,2,,292.68,3.02,N,0
25.79505,68.69745,,307.35,0.39,0.36,2025-04-05,2109,N20,VIIRS,n,2,,294.91,1.03,N,2
22.09063,79.05164,,307.84,0.53,0.67,2025-04-05,2110,N20,VIIRS,n,2,,289.22,1.83,N,0
22.68435,75.44204,,308.47,0.61,0.53,2025-04-05,2110,N20,VIIRS,n,2,,289.91,1.16,N,0
23.05297,75.99139,,313.78,0.32,0.55,2025-04-05,2110,N20,VIIRS,n,2,,289.21,1.03,N,0
27.5196,84.5223,311.2,,1.6,1.2,2025-04-01,426,Terra,MODIS,55,61.03,299.6,,12.1,D,0
23.0388,78.561,321.6,,1,1,2025-04-01,427,Terra,MODIS,68,61.03,302,,10.4,D,0
24.639,75.329,332.1,,1.3,1.1,2025-04-01,427,Terra,MODIS,78,61.03,312,,24.8,D,0
15.3822,78.7956,326,,1.8,1.3,2025-04-01,849,Aqua,MODIS,52,61.03,308.8,,24,D,0
19.3379,80.115,340,,1.3,1.1,2025-04-01,850,Aqua,MODIS,87,61.03,306.3,,40.3,D,0
21.7727,84.2656,326.6,,1.1,1,2025-04-01,850,Aqua,MODIS,69,61.03,307.7,,11.3,D,0
23.8765,82.0496,335.5,,1,1,2025-04-01,851,Aqua,MODIS,81,61.03,306.4,,23.8,D,0
24.4546,79.4518,332,,1.2,1.1,2025-04-01,851,Aqua,MODIS,73,61.03,315.2,,17.4,D,0
24.8614,86.0311,326.5,,1.4,1.2,2025-04-01,851,Aqua,MODIS,55,61.03,314.6,,11.6,D,0
26.8245,87.5298,317.8,,1.9,1.3,2025-04-01,852,Aqua,MODIS,49,61.03,301.9,,19.4,D,0
27.4056,89.2888,331.1,,2.6,1.6,2025-04-01,852,Aqua,MODIS,85,61.03,294.2,,115.1,D,0
28.3994,80.8643,324.1,,1,1,2025-04-01,852,Aqua,MODIS,66,61.03,308.4,,11.2,D,0
23.684,86.0879,308.9,,1.1,1,2025-04-01,1521,Terra,MODIS,76,61.03,296.3,,7.6,N,2
27.5246,84.3825,312.4,,1.2,1.1,2025-04-01,1523,Terra,MODIS,76,61.03,295.7,,11.9,N,0
21.4165,70.2598,370.2,,1.1,1.1,2025-04-02,507,Terra,MODIS,100,61.03,316,,119.5,D,0
24.1011,89.3785,319.2,,2.5,1.5,2025-04-02,752,Aqua,MODIS,67,61.03,304.7,,25.6,D,0
22.2761,70.1941,334.1,,1.2,1.1,2025-04-02,930,Aqua,MODIS,64,61.03,322.1,,11.1,D,0
25.3144,77.9031,331.2,,1.9,1.3,2025-04-02,931,Aqua,MODIS,75,61.03,311.5,,32.5,D,0
22.6237,77.8311,317.1,,1,1,2025-04-02,1601,Terra,MODIS,94,61.03,294.6,,12.5,N,0
27.3721,84.3943,306.7,,1.6,1.3,2025-04-02,2136,Aqua,MODIS,30,61.03,295.3,,11.7,N,0
28.3841,81.7038,317,,1.2,1.1,2025-04-03,407,Terra,MODIS,68,61.03,302.6,,10.9,D,0
19.7772,83.8119,322.9,,1.5,1.2,2025-04-03,830,Aqua,MODIS,67,61.03,304.8,,16.7,D,0
25.4295,88.6845,337.6,,1.1,1,2025-04-03,831,Aqua,MODIS,87,61.03,311.1,,29.4,D,0
27.1061,85.0824,328.6,,1,1,2025-04-03,832,Aqua,MODIS,79,61.03,306.5,,18.6,D,0
27.4025,89.2878,379.6,,1.2,1.1,2025-04-03,832,Aqua,MODIS,100,61.03,305.2,,190.7,D,0
22.2779,70.1575,331.9,,2.4,1.5,2025-04-03,1009,Aqua,MODIS,66,61.03,317.3,,28.9,D,0
21.1993,78.9622,315.6,,2,1.4,2025-04-04,448,Terra,MODIS,48,61.03,298.7,,14.8,D,0
22.9395,75.7336,323.6,,1.2,1.1,2025-04-04,448,Terra,MODIS,52,61.03,308.9,,9.1,D,0
22.3674,75.7286,331.5,,1.1,1.1,2025-04-04,910,Aqua,MODIS,67,61.03,314.3,,13.6,D,0
23.1596,75.9961,333,,1.1,1,2025-04-04,910,Aqua,MODIS,69,61.03,319.3,,13.2,D,0
24.4134,79.6249,337.8,,1.1,1.1,2025-04-04,910,Aqua,MODIS,82,61.03,316.6,,23.9,D,0
27.523,85.1894,319.2,,2.9,1.6,2025-04-04,911,Aqua,MODIS,65,61.03,298.3,,49.7,D,0
28.8102,80.3222,328.3,,1.4,1.2,2025-04-04,911,Aqua,MODIS,45,61.03,308.3,,17.5,D,0
22.8512,78.4624,307.8,,1.5,1.2,2025-04-04,1542,Terra,MODIS,70,61.03,292.7,,10.4,N,0
27.3533,84.4539,313.9,,1.2,1.1,2025-04-04,1543,Terra,MODIS,73,61.03,297.8,,13.2,N,0
28.4106,81.6648,305.9,,1,1,2025-04-04,1543,Terra,MODIS,52,61.03,294.8,,4.8,N,0
27.155,85.2723,315.7,,1.3,1.1,2025-04-05,348,Terra,MODIS,40,61.03,300,,10.4,D,0
21.7551,70.3106,324.4,,2.4,1.5,2025-04-05,528,Terra,MODIS,61,61.03,309.3,,30.2,D,0
27.1403,82.6775,327.4,,3,1.6,2025-04-05,812,Aqua,MODIS,78,61.03,311.8,,57,D,0
21.7262,70.7218,339.7,,1.2,1.1,2025-04-05,949,Aqua,MODIS,77,61.03,321.9,,23.1,D,0
21.7213,70.626,306.8,,1.2,1.1,2025-04-05,1621,Terra,MODIS,55,61.03,296,,6,N,0
23.8278,79.1522,303.5,,2,1.4,2025-04-05,1621,Terra,MODIS,41,61.03,292.9,,13.1,N,0
20.73129,86.4848,,339.26,0.43,0.62,2025-04-06,641,N20,VIIRS,n,2,,300.27,4.88,D,0
23.58646,82.86435,,336.71,0.63,0.72,2025-04-06,642,N20,VIIRS,n,2,,306.92,3.98,D,0
23.9847,83.44717,,367,0.57,0.69,2025-04-06,642,N20,VIIRS,h,2,,315.23,12.84,D,0
24.48703,85.75888,,338.06,0.4,0.6,2025-04-06,642,N20,VIIRS,n,2,,306.52,2.62,D,0
24.65915,83.4094,,367,0.55,0.68,2025-04-06,643,N20,VIIRS,h,2,,315.26,12.32,D,0
26.51544,83.52088,,331.01,0.49,0.65,2025-04-06,643,N20,VIIRS,n,2,,304.04,19.93,D,0
27.22733,83.33343,,367,0.49,0.65,2025-04-06,643,N20,VIIRS,h,2,,312.26,12.9,D,0
27.37013,85.40487,,331.02,0.36,0.58,2025-04-06,643,N20,VIIRS,n,2,,299.48,3.9,D,0
28.54502,81.25987,,339.69,0.6,0.71,2025-04-06,644,N20,VIIRS,n,2,,297.54,7.5,D,0
13.78955,77.58624,,340.16,0.51,0.41,2025-04-06,820,N20,VIIRS,l,2,,312.6,11.02,D,0
15.34329,76.58823,,337.91,0.47,0.4,2025-04-06,821,N20,VIIRS,l,2,,309.57,10.73,D,0
17.08335,73.64008,,339.88,0.39,0.36,2025-04-06,821,N20,VIIRS,l,2,,312.38,7.64,D,0
18.1182,73.89819,,340.31,0.4,0.37,2025-04-06,821,N20,VIIRS,l,2,,315,14.75,D,0
18.80735,80.11794,,343.37,0.56,0.52,2025-04-06,821,N20,VIIRS,n,2,,307.74,12.26,D,0
18.51247,73.60254,,344.76,0.39,0.36,2025-04-06,822,N20,VIIRS,n,2,,314.52,6.87,D,0
19.34659,80.33648,,334.01,0.59,0.53,2025-04-06,822,N20,VIIRS,l,2,,306.31,8.45,D,0
19.73437,83.68226,,333.53,0.5,0.66,2025-04-06,822,N20,VIIRS,n,2,,299.77,17.06,D,0
20.05423,83.94373,,339.22,0.52,0.67,2025-04-06,822,N20,VIIRS,n,2,,303.5,5.62,D,0
20.38285,79.78139,,339.24,0.56,0.52,2025-04-06,822,N20,VIIRS,l,2,,312.3,3.84,D,0
20.84307,73.38147,,350.77,0.4,0.37,2025-04-06,822,N20,VIIRS,n,2,,320.13,10.79,D,0
21.30524,79.33586,,345.94,0.54,0.51,2025-04-06,822,N20,VIIRS,n,2,,313.42,9.32,D,0
21.52878,82.02952,,346.69,0.41,0.6,2025-04-06,822,N20,VIIRS,n,2,,316.53,7.89,D,0
21.69851,79.95676,,336.36,0.6,0.53,2025-04-06,822,N20,VIIRS,l,2,,310.7,9.33,D,0
21.99324,79.00026,,350.69,0.52,0.5,2025-04-06,822,N20,VIIRS,n,2,,320.14,14.17,D,0
22.13969,81.14452,,338.8,0.36,0.58,2025-04-06,822,N20,VIIRS,l,2,,313.06,1.87,D,0
22.33367,78.45336,,344.93,0.49,0.49,2025-04-06,822,N20,VIIRS,l,2,,317.81,9.73,D,0
22.52421,79.09637,,354.84,0.54,0.51,2025-04-06,822,N20,VIIRS,n,2,,320.74,16.88,D,0
22.3571,75.75357,,348.58,0.51,0.41,2025-04-06,823,N20,VIIRS,l,2,,320.37,13.95,D,0
22.7102,78.02431,,354.52,0.46,0.47,2025-04-06,823,N20,VIIRS,n,2,,318.75,17.41,D,0
22.80878,77.98614,,345.9,0.46,0.47,2025-04-06,823,N20,VIIRS,l,2,,317.73,9.62,D,0
22.88979,77.99075,,348.98,0.47,0.47,2025-04-06,823,N20,VIIRS,l,2,,321.45,27.08,D,0
23.01808,76.78336,,349.48,0.39,0.44,2025-04-06,823,N20,VIIRS,n,2,,319.89,13.05,D,0
23.11204,75.97748,,346.25,0.54,0.42,2025-04-06,823,N20,VIIRS,l,2,,320.88,13.18,D,0
23.25556,79.12372,,350.88,0.55,0.51,2025-04-06,823,N20,VIIRS,n,2,,317.16,23.88,D,0
23.41835,78.21143,,342.37,0.49,0.48,2025-04-06,823,N20,VIIRS,l,2,,317.11,5.31,D,0
23.57943,80.13746,,353.58,0.32,0.55,2025-04-06,823,N20,VIIRS,n,2,,314.96,5.46,D,0
23.72643,77.37044,,355.35,0.44,0.46,2025-04-06,823,N20,VIIRS,n,2,,320.27,19.28,D,0
23.84399,82.09816,,341.3,0.44,0.62,2025-04-06,823,N20,VIIRS,n,2,,305.65,4.95,D,0
24.04209,77.31521,,345.6,0.44,0.46,2025-04-06,823,N20,VIIRS,l,2,,319.78,6.79,D,0
24.27165,80.49414,,346.48,0.35,0.57,2025-04-06,823,N20,VIIRS,l,2,,316.98,5.87,D,0
24.47588,84.4307,,346.55,0.62,0.72,2025-04-06,823,N20,VIIRS,n,2,,306.6,5.3,D,0
24.7165,80.29823,,344.6,0.34,0.56,2025-04-06,823,N20,VIIRS,l,2,,316.45,8.49,D,0
24.87097,83.53706,,338.94,0.55,0.68,2025-04-06,823,N20,VIIRS,l,2,,312.34,3.96,D,0
25.29157,77.09684,,351.99,0.44,0.46,2025-04-06,823,N20,VIIRS,l,2,,325.47,25.59,D,0
27.15939,82.64002,,339.59,0.51,0.66,2025-04-06,824,N20,VIIRS,n,2,,309.51,8.71,D,0
27.69659,83.48412,,344.28,0.58,0.7,2025-04-06,824,N20,VIIRS,n,2,,301.71,5.81,D,0
28.63541,80.26576,,333.66,0.38,0.58,2025-04-06,824,N20,VIIRS,l,2,,307.73,1.88,D,0
29.79503,78.93259,,338.48,0.32,0.55,2025-04-06,825,N20,VIIRS,n,2,,304.12,3.47,D,0
33.7316,70.12245,,334.89,0.4,0.37,2025-04-06,826,N20,VIIRS,l,2,,308.74,3.18,D,0
27.2493,87.71463,,300.47,0.39,0.59,2025-04-06,1909,N20,VIIRS,n,2,,286.81,0.77,N,0
27.3751,82.67713,,305.45,0.8,0.78,2025-04-06,1909,N20,VIIRS,n,2,,288.13,1.33,N,0
27.91799,84.27561,,299.36,0.64,0.72,2025-04-06,1909,N20,VIIRS,n,2,,287.26,1.33,N,0
23.16864,82.33177,,329.16,0.77,0.77,2025-04-06,1910,N20,VIIRS,n,2,,293.59,5.09,N,2
20.72157,84.63945,,311.79,0.52,0.67,2025-04-06,1911,N20,VIIRS,n,2,,295.24,2.59,N,0
33.90475,71.91627,,305.01,0.43,0.38,2025-04-06,2048,N20,VIIRS,n,2,,293.59,0.95,N,2
27.18939,82.65916,,309.63,0.35,0.57,2025-04-06,2049,N20,VIIRS,n,2,,291.72,0.69,N,0
27.30288,82.81599,,329.4,0.35,0.57,2025-04-06,2049,N20,VIIRS,n,2,,291.5,2.07,N,0
27.4265,84.18481,,302.19,0.43,0.62,2025-04-06,2049,N20,VIIRS,n,2,,291.5,0.64,N,0
27.71091,82.46227,,310.29,0.33,0.55,2025-04-06,2049,N20,VIIRS,n,2,,294.12,2.54,N,0
27.88362,83.97488,,300.36,0.4,0.6,2025-04-06,2049,N20,VIIRS,n,2,,287.79,0.77,N,0
28.17761,82.18658,,304.18,0.62,0.54,2025-04-06,2049,N20,VIIRS,n,2,,290.72,2.67,N,0
29.12576,75.77988,,310.36,0.42,0.38,2025-04-06,2049,N20,VIIRS,n,2,,294.59,1.35,N,2
23.46462,80.21639,,306.51,0.59,0.53,2025-04-06,2050,N20,VIIRS,n,2,,289.03,1.84,N,0
23.83878,77.47567,,311.85,0.4,0.44,2025-04-06,2050,N20,VIIRS,n,2,,293.41,1.04,N,0
24.32758,80.33326,,309.2,0.58,0.52,2025-04-06,2050,N20,VIIRS,n,2,,295.14,2.54,N,0
25.05793,73.40258,,313.25,0.39,0.36,2025-04-06,2050,N20,VIIRS,n,2,,298.33,3.1,N,0
25.50882,76.73116,,309.26,0.51,0.41,2025-04-06,2050,N20,VIIRS,n,2,,291.97,2.47,N,0
20.79762,85.25414,,316.02,0.7,0.75,2025-04-06,2051,N20,VIIRS,n,2,,293.06,2.71,N,2
21.39302,73.47132,,307.63,0.42,0.37,2025-04-06,2051,N20,VIIRS,n,2,,295.65,1.07,N,0
21.99431,74.26658,,308.46,0.44,0.38,2025-04-06,2051,N20,VIIRS,n,2,,296.59,1.17,N,0
22.26653,81.06654,,303.43,0.35,0.57,2025-04-06,2051,N20,VIIRS,n,2,,293.1,1.66,N,0
22.50546,71.57381,,309.11,0.38,0.36,2025-04-06,2051,N20,VIIRS,n,2,,295.79,1.19,N,0
22.68788,78.27937,,315.34,0.46,0.47,2025-04-06,2051,N20,VIIRS,n,2,,291.17,1.52,N,0
22.74637,78.18764,,312.64,0.46,0.47,2025-04-06,2051,N20,VIIRS,n,2,,290.31,1.44,N,0
22.8028,80.33638,,302.66,0.62,0.54,2025-04-06,2051,N20,VIIRS,n,2,,292.55,1.2,N,0
22.92,78.0843,,300.92,0.45,0.47,2025-04-06,2051,N20,VIIRS,n,2,,290.14,0.38,N,0
23.12805,77.94202,,320.92,0.43,0.46,2025-04-06,2051,N20,VIIRS,n,2,,290.7,1.67,N,0
23.58609,75.51628,,310.99,0.47,0.4,2025-04-06,2051,N20,VIIRS,n,2,,293.58,1.15,N,0
24.09759,74.58201,,308.73,0.43,0.38,2025-04-06,2051,N20,VIIRS,n,2,,296.33,1.23,N,0
18.69303,73.04036,,326.9,0.43,0.38,2025-04-06,2052,N20,VIIRS,n,2,,298.97,2.26,N,2
15.17979,77.10313,,305.12,0.53,0.5,2025-04-06,2053,N20,VIIRS,n,2,,293.4,1.76,N,2
12.94405,79.62049,,334.16,0.39,0.36,2025-04-07,801,N20,VIIRS,l,2,,307.08,2.14,D,0
14.01618,79.16678,,339.69,0.39,0.36,2025-04-07,801,N20,VIIRS,l,2,,311.78,4.65,D,0
15.68693,78.85934,,343.12,0.39,0.36,2025-04-07,802,N20,VIIRS,l,2,,313.74,4.41,D,0
17.11997,73.64368,,339.09,0.49,0.41,2025-04-07,802,N20,VIIRS,n,2,,312.09,5.31,D,0
17.77889,79.87479,,335.76,0.43,0.38,2025-04-07,802,N20,VIIRS,l,2,,306.5,3.53,D,0
18.36857,82.3635,,334.7,0.39,0.44,2025-04-07,802,N20,VIIRS,l,2,,307.31,2.67,D,0
18.33512,73.58183,,341.93,0.48,0.4,2025-04-07,803,N20,VIIRS,l,2,,313.68,14.64,D,0
18.93511,80.07536,,337.94,0.45,0.39,2025-04-07,803,N20,VIIRS,l,2,,311.43,4.86,D,0
19.16582,80.59659,,347.62,0.48,0.4,2025-04-07,803,N20,VIIRS,n,2,,307.77,8.77,D,0
19.28834,79.195,,348.28,0.42,0.38,2025-04-07,803,N20,VIIRS,n,2,,317.69,6.12,D,0
19.46215,83.89692,,331.38,0.5,0.49,2025-04-07,803,N20,VIIRS,l,2,,305.43,3.07,D,0
19.63939,79.87219,,352.71,0.45,0.39,2025-04-07,803,N20,VIIRS,n,2,,316.22,11.56,D,0
19.88391,83.63622,,338.19,0.49,0.48,2025-04-07,803,N20,VIIRS,n,2,,304.16,10.59,D,0
20.15911,80.00434,,367,0.46,0.39,2025-04-07,803,N20,VIIRS,h,2,,317.16,7.26,D,0
20.49034,79.63299,,345.35,0.44,0.39,2025-04-07,803,N20,VIIRS,n,2,,313.14,6.29,D,0
20.77917,76.01914,,367,0.39,0.36,2025-04-07,803,N20,VIIRS,l,2,,326.15,11.32,D,0
21.03098,82.17199,,344.04,0.41,0.45,2025-04-07,803,N20,VIIRS,n,2,,316.24,7.44,D,0
21.36243,79.39028,,367,0.44,0.39,2025-04-07,803,N20,VIIRS,l,2,,326.84,23.94,D,0
21.69013,80.78455,,336.76,0.52,0.41,2025-04-07,803,N20,VIIRS,l,2,,310.83,2.16,D,0
21.86996,84.47124,,332.88,0.58,0.52,2025-04-07,803,N20,VIIRS,l,2,,307.46,3.7,D,0
22.06334,85.24259,,338.19,0.33,0.55,2025-04-07,803,N20,VIIRS,n,2,,304.97,1.95,D,0
22.08005,78.75006,,350.56,0.43,0.38,2025-04-07,804,N20,VIIRS,l,2,,325.11,19.22,D,0
22.35285,73.55956,,344.47,0.43,0.38,2025-04-07,804,N20,VIIRS,l,2,,318.95,9.29,D,0
22.59513,75.4782,,367,0.39,0.36,2025-04-07,804,N20,VIIRS,l,2,,326.05,20.62,D,0
22.70503,78.2655,,350.47,0.41,0.37,2025-04-07,804,N20,VIIRS,l,2,,322.58,13.7,D,0
22.74389,79.12783,,347.46,0.44,0.39,2025-04-07,804,N20,VIIRS,n,2,,320.96,2.45,D,0
22.79882,78.01377,,367,0.41,0.37,2025-04-07,804,N20,VIIRS,h,2,,322.53,19.3,D,0
22.97357,75.88008,,367,0.38,0.36,2025-04-07,804,N20,VIIRS,l,2,,325.81,8.6,D,0
23.18585,83.75175,,332.16,0.54,0.51,2025-04-07,804,N20,VIIRS,l,2,,306.2,2.89,D,0
23.3814,77.68162,,349.01,0.4,0.37,2025-04-07,804,N20,VIIRS,l,2,,319.84,8.76,D,0
23.52367,81.43983,,346.91,0.4,0.44,2025-04-07,804,N20,VIIRS,l,2,,317.56,6.04,D,0
23.6256,77.97582,,350.13,0.41,0.37,2025-04-07,804,N20,VIIRS,l,2,,324.74,12.46,D,0
23.71779,83.16631,,335.74,0.51,0.49,2025-04-07,804,N20,VIIRS,l,2,,310.59,2.2,D,0
23.82911,83.68237,,343.67,0.55,0.51,2025-04-07,804,N20,VIIRS,n,2,,310.75,8.63,D,0
23.98823,77.69246,,367,0.41,0.37,2025-04-07,804,N20,VIIRS,l,2,,325.29,11.14,D,0
24.17611,78.78699,,343.9,0.44,0.39,2025-04-07,804,N20,VIIRS,l,2,,318.57,5.9,D,0
24.35356,80.71547,,350.27,0.55,0.43,2025-04-07,804,N20,VIIRS,n,2,,319.49,7.27,D,0
24.60684,83.311,,344.42,0.53,0.5,2025-04-07,804,N20,VIIRS,n,2,,316.29,7.65,D,0
24.82636,87.83195,,339.4,0.52,0.66,2025-04-07,804,N20,VIIRS,n,2,,299.77,5.52,D,0
25.0369,77.00202,,367,0.4,0.37,2025-04-07,804,N20,VIIRS,h,2,,342.41,44.28,D,0
25.34478,88.4398,,335.79,0.57,0.69,2025-04-07,804,N20,VIIRS,n,2,,296.41,10.26,D,0
25.48728,76.74162,,355.15,0.39,0.37,2025-04-07,805,N20,VIIRS,l,2,,325.86,20.18,D,0
27.12932,82.6845,,336.19,0.52,0.5,2025-04-07,805,N20,VIIRS,n,2,,304.71,7.43,D,0
27.37664,82.65284,,348.04,0.52,0.5,2025-04-07,805,N20,VIIRS,n,2,,307.03,13.46,D,0
28.41043,80.02027,,336.5,0.57,0.43,2025-04-07,805,N20,VIIRS,n,2,,306.3,4.21,D,0
29.182,78.00338,,346.31,0.46,0.39,2025-04-07,806,N20,VIIRS,n,2,,312.09,14.37,D,0
31.84309,77.37194,,333.57,0.46,0.39,2025-04-07,806,N20,VIIRS,n,2,,302.46,4.76,D,0
33.9733,72.70943,,307.15,0.43,0.46,2025-04-07,2029,N20,VIIRS,n,2,,293.38,0.75,N,0
27.93232,82.58921,,305.62,0.53,0.42,2025-04-07,2030,N20,VIIRS,n,2,,290.88,0.83,N,0
28.62362,77.48141,,307.01,0.39,0.36,2025-04-07,2030,N20,VIIRS,n,2,,295.65,1.22,N,0
30.11008,78.8718,,298.87,0.39,0.36,2025-04-07,2030,N20,VIIRS,n,2,,286.82,0.59,N,0
23.74009,85.01047,,314.09,0.59,0.53,2025-04-07,2031,N20,VIIRS,n,2,,295.34,4.48,N,2
24.42787,79.22352,,311.2,0.42,0.38,2025-04-07,2031,N20,VIIRS,n,2,,296.09,2.63,N,0
24.96824,80.63397,,309.06,0.47,0.4,2025-04-07,2031,N20,VIIRS,n,2,,296.8,2.27,N,0
25.42328,76.8176,,334.02,0.38,0.36,2025-04-07,2031,N20,VIIRS,n,2,,296.38,10.37,N,0
27.0909,82.97544,,307.01,0.38,0.43,2025-04-07,2031,N20,VIIRS,n,2,,294.47,1.06,N,0
27.34217,83.14851,,318.76,0.39,0.44,2025-04-07,2031,N20,VIIRS,n,2,,294.34,1.51,N,0
21.18943,81.19759,,307.84,0.38,0.43,2025-04-07,2032,N20,VIIRS,n,2,,293.43,0.48,N,2
21.63237,80.50784,,307.39,0.52,0.41,2025-04-07,2032,N20,VIIRS,n,2,,295.24,2.86,N,0
21.85912,79.89555,,305.11,0.48,0.4,2025-04-07,2032,N20,VIIRS,n,2,,293.85,1.55,N,0
22.0888,78.62859,,306.34,0.42,0.38,2025-04-07,2032,N20,VIIRS,n,2,,292.9,0.78,N,0
22.30832,80.86614,,307.77,0.53,0.42,2025-04-07,2032,N20,VIIRS,n,2,,291.41,1.43,N,0
22.43843,82.80207,,308.02,0.45,0.47,2025-04-07,2032,N20,VIIRS,n,2,,293.67,0.92,N,0
22.62243,75.46903,,322.06,0.39,0.36,2025-04-07,2032,N20,VIIRS,n,2,,293.72,1.09,N,0
22.69577,81.6765,,304.76,0.39,0.44,2025-04-07,2032,N20,VIIRS,n,2,,294.42,1.53,N,0
22.74915,79.30501,,314.73,0.44,0.38,2025-04-07,2032,N20,VIIRS,n,2,,294.92,2.52,N,0
22.80233,86.08974,,320.39,0.36,0.57,2025-04-07,2032,N20,VIIRS,n,2,,294.65,2.24,N,2
22.84488,78.18262,,301.66,0.4,0.37,2025-04-07,2032,N20,VIIRS,n,2,,290.96,0.44,N,0
22.89385,77.93244,,324.88,0.4,0.37,2025-04-07,2032,N20,VIIRS,n,2,,294.25,2.37,N,0
23.00119,76.01408,,313.68,0.39,0.36,2025-04-07,2032,N20,VIIRS,n,2,,291.47,1.1,N,0
23.14182,77.6912,,315.89,0.39,0.36,2025-04-07,2032,N20,VIIRS,n,2,,293.59,2.28,N,0
23.29632,78.52773,,304.81,0.41,0.37,2025-04-07,2032,N20,VIIRS,n,2,,291.5,0.35,N,0
23.46412,77.03023,,319.3,0.39,0.36,2025-04-07,2032,N20,VIIRS,n,2,,292.41,1.07,N,0
23.55525,79.99815,,313.82,0.46,0.39,2025-04-07,2032,N20,VIIRS,n,2,,290.86,1.05,N,0
23.66501,78.19722,,307.79,0.4,0.37,2025-04-07,2032,N20,VIIRS,n,2,,293.37,0.67,N,0
23.78584,78.1479,,335.73,0.4,0.37,2025-04-07,2032,N20,VIIRS,n,2,,300.25,3.32,N,0
23.96104,79.23091,,320.13,0.43,0.38,2025-04-07,2032,N20,VIIRS,n,2,,292.1,1.66,N,0
24.53075,73.25729,,313.21,0.47,0.4,2025-04-07,2032,N20,VIIRS,n,2,,296.24,3.8,N,0
18.31253,79.77422,,304.75,0.53,0.42,2025-04-07,2033,N20,VIIRS,n,2,,293.84,1.49,N,0
19.64327,73.49104,,305.2,0.42,0.37,2025-04-07,2033,N20,VIIRS,n,2,,294.85,1.07,N,0
21.05456,72.85146,,307.7,0.45,0.39,2025-04-07,2033,N20,VIIRS,n,2,,294.77,1.42,N,0
17.05353,73.94099,,304.57,0.39,0.36,2025-04-07,2034,N20,VIIRS,n,2,,294.3,2.65,N,0
13.01949,77.75526,,343.09,0.41,0.45,2025-04-08,742,N20,VIIRS,n,2,,307.8,3.27,D,0
14.14288,79.02575,,337.48,0.5,0.41,2025-04-08,743,N20,VIIRS,n,2,,304.49,3.73,D,0
15.67686,79.1099,,335.95,0.48,0.4,2025-04-08,743,N20,VIIRS,l,2,,307.75,4.05,D,0
17.08554,77.41649,,334.46,0.56,0.43,2025-04-08,743,N20,VIIRS,l,2,,308.14,8.78,D,0
18.10063,82.2721,,339.66,0.38,0.36,2025-04-08,743,N20,VIIRS,n,2,,305.86,5.93,D,0
18.0259,74.0286,,348.09,0.59,0.53,2025-04-08,744,N20,VIIRS,n,2,,314.92,8.57,D,0
18.34825,83.40256,,340.16,0.4,0.37,2025-04-08,744,N20,VIIRS,n,2,,308.89,3.87,D,0
18.73366,75.48151,,355.64,0.46,0.47,2025-04-08,744,N20,VIIRS,n,2,,318.76,7.07,D,0
18.9208,83.39934,,330.39,0.4,0.37,2025-04-08,744,N20,VIIRS,l,2,,302.35,4.01,D,0
19.15284,80.57054,,336.39,0.39,0.37,2025-04-08,744,N20,VIIRS,l,2,,310.26,2.21,D,0
19.29529,82.89331,,336.99,0.39,0.36,2025-04-08,744,N20,VIIRS,l,2,,311.47,2.62,D,0
19.38274,82.65563,,341.48,0.39,0.36,2025-04-08,744,N20,VIIRS,n,2,,313.65,3.38,D,0
19.58043,84.31622,,337.41,0.43,0.38,2025-04-08,744,N20,VIIRS,n,2,,306.1,11.67,D,0
19.72397,79.43018,,336.01,0.42,0.38,2025-04-08,744,N20,VIIRS,l,2,,309.42,1.79,D,0
19.89076,83.26119,,346.58,0.4,0.37,2025-04-08,744,N20,VIIRS,n,2,,310.46,3.57,D,0
20.04284,80.07253,,338.57,0.4,0.37,2025-04-08,744,N20,VIIRS,l,2,,312.35,3.99,D,0
20.29451,83.22137,,348.41,0.4,0.37,2025-04-08,744,N20,VIIRS,n,2,,313.41,8.37,D,0
20.60083,83.76215,,339.61,0.42,0.38,2025-04-08,744,N20,VIIRS,l,2,,310.94,3.56,D,0
20.96123,85.17506,,340.97,0.49,0.4,2025-04-08,744,N20,VIIRS,n,2,,307.98,7.4,D,2
21.32125,79.51003,,339.55,0.4,0.37,2025-04-08,744,N20,VIIRS,l,2,,313.22,12.7,D,0
21.92032,83.35378,,346.02,0.42,0.38,2025-04-08,744,N20,VIIRS,n,2,,315.17,7.14,D,2
21.42491,77.94396,,342.46,0.46,0.39,2025-04-08,745,N20,VIIRS,l,2,,314.43,2.18,D,0
21.7858,78.74069,,341.94,0.42,0.38,2025-04-08,745,N20,VIIRS,l,2,,313.29,2.8,D,0
22.04951,73.89891,,346.61,0.5,0.49,2025-04-08,745,N20,VIIRS,n,2,,317.3,10.1,D,0
22.33358,85.68556,,333.92,0.54,0.42,2025-04-08,745,N20,VIIRS,l,2,,305.31,2.61,D,0
22.58964,75.50688,,355.14,0.39,0.44,2025-04-08,745,N20,VIIRS,n,2,,318.9,14.58,D,0
22.70991,79.24551,,349.04,0.4,0.37,2025-04-08,745,N20,VIIRS,l,2,,322.41,13.88,D,0
22.79123,79.16192,,351.03,0.4,0.37,2025-04-08,745,N20,VIIRS,n,2,,323.61,6.83,D,0
22.88929,75.91253,,344.91,0.55,0.43,2025-04-08,745,N20,VIIRS,l,2,,317.79,41.28,D,0
23.10052,74.55408,,347.72,0.44,0.46,2025-04-08,745,N20,VIIRS,n,2,,322.02,32.71,D,0
23.35367,77.33295,,367,0.46,0.39,2025-04-08,745,N20,VIIRS,h,2,,334.45,72.79,D,0
23.49674,84.33896,,336.71,0.47,0.4,2025-04-08,745,N20,VIIRS,n,2,,308.34,2.88,D,0
23.60871,89.66743,,333.26,0.33,0.55,2025-04-08,745,N20,VIIRS,n,2,,302.36,3.24,D,0
23.72676,82.84871,,341.59,0.42,0.37,2025-04-08,745,N20,VIIRS,n,2,,315.4,3.9,D,0
23.8611,74.16895,,347.84,0.45,0.47,2025-04-08,745,N20,VIIRS,l,2,,319.49,10.15,D,0
24.08197,80.32439,,367,0.38,0.36,2025-04-08,745,N20,VIIRS,l,2,,325.78,9.96,D,0
24.28245,78.59035,,347.11,0.41,0.37,2025-04-08,745,N20,VIIRS,l,2,,320.5,6.8,D,0
24.49817,79.41862,,344.98,0.39,0.36,2025-04-08,745,N20,VIIRS,l,2,,317.5,5.32,D,0
24.82264,80.21131,,345.72,0.38,0.36,2025-04-08,745,N20,VIIRS,l,2,,319.08,18.99,D,0
24.36547,74.56009,,350.95,0.41,0.45,2025-04-08,746,N20,VIIRS,l,2,,321.47,11.02,D,0
25.08105,76.97457,,367,0.46,0.39,2025-04-08,746,N20,VIIRS,h,2,,335.91,53.57,D,0
25.83739,80.54314,,337.27,0.39,0.36,2025-04-08,746,N20,VIIRS,l,2,,311.79,1.05,D,0
26.90296,82.92293,,340.45,0.45,0.39,2025-04-08,746,N20,VIIRS,n,2,,304.76,3.42,D,0
27.13808,82.87421,,332.7,0.45,0.39,2025-04-08,746,N20,VIIRS,n,2,,302.29,2.11,D,0
27.3006,83.37508,,348.78,0.47,0.4,2025-04-08,746,N20,VIIRS,n,2,,306.75,5.24,D,0
27.54203,84.67835,,335.48,0.55,0.42,2025-04-08,746,N20,VIIRS,n,2,,301.52,6.42,D,0
28.33931,81.81617,,343.56,0.42,0.38,2025-04-08,746,N20,VIIRS,n,2,,298.86,4.1,D,0
29.87248,79.75065,,331.32,0.39,0.36,2025-04-08,747,N20,VIIRS,n,2,,297.96,4.41,D,0
28.09237,84.07072,,303.06,0.4,0.37,2025-04-08,2011,N20,VIIRS,n,2,,288.04,0.76,N,0
25.4901,77.82301,,312.47,0.49,0.4,2025-04-08,2012,N20,VIIRS,n,2,,295.46,2.25,N,0
26.94104,83.57409,,336.93,0.4,0.37,2025-04-08,2012,N20,VIIRS,n,2,,295.5,6.27,N,0
27.12205,82.7596,,326.86,0.39,0.36,2025-04-08,2012,N20,VIIRS,n,2,,293.12,2.13,N,0
27.24614,82.70853,,307.79,0.38,0.36,2025-04-08,2012,N20,VIIRS,n,2,,292.6,1.07,N,0
27.35415,82.75652,,303.44,0.39,0.36,2025-04-08,2012,N20,VIIRS,n,2,,292.34,0.47,N,0
27.57352,84.7458,,309.67,0.42,0.38,2025-04-08,2012,N20,VIIRS,n,2,,293,0.92,N,0
27.76982,83.15719,,316.16,0.39,0.36,2025-04-08,2012,N20,VIIRS,n,2,,293.77,1.24,N,0
28.554,80.88199,,304.51,0.4,0.37,2025-04-08,2012,N20,VIIRS,n,2,,292.44,0.68,N,0
21.54102,81.94772,,308.91,0.39,0.36,2025-04-08,2013,N20,VIIRS,n,2,,296.9,1.86,N,2
22.04205,83.73045,,333.74,0.44,0.38,2025-04-08,2013,N20,VIIRS,n,2,,297.29,2.77,N,2
22.21683,79.32203,,304.68,0.4,0.37,2025-04-08,2013,N20,VIIRS,n,2,,293.19,0.72,N,0
22.37853,75.23351,,311.01,0.42,0.45,2025-04-08,2013,N20,VIIRS,n,2,,298.42,2.29,N,0
22.62883,79.77646,,315.48,0.4,0.37,2025-04-08,2013,N20,VIIRS,n,2,,295.03,0.95,N,0
22.70734,75.45744,,306.92,0.41,0.45,2025-04-08,2013,N20,VIIRS,n,2,,292.45,0.6,N,0
22.76522,77.55523,,311.89,0.47,0.4,2025-04-08,2013,N20,VIIRS,n,2,,298.68,3.4,N,0
22.82578,78.28603,,319.08,0.44,0.38,2025-04-08,2013,N20,VIIRS,n,2,,295.35,2.05,N,0
22.85944,78.1993,,319.49,0.44,0.39,2025-04-08,2013,N20,VIIRS,n,2,,295.51,3.03,N,0
22.93004,69.82217,,306.17,0.47,0.64,2025-04-08,2013,N20,VIIRS,n,2,,295.7,0.86,N,2
23.03168,75.23623,,304.68,0.42,0.46,2025-04-08,2013,N20,VIIRS,n,2,,291.47,0.57,N,0
23.17119,75.54986,,305.06,0.41,0.45,2025-04-08,2013,N20,VIIRS,n,2,,291.98,0.84,N,0
23.35584,77.30952,,304.05,0.49,0.41,2025-04-08,2013,N20,VIIRS,n,2,,291.04,0.74,N,0
23.49355,77.57075,,307.78,0.48,0.4,2025-04-08,2013,N20,VIIRS,n,2,,294.39,2.3,N,0
23.61913,83.88772,,307.14,0.43,0.38,2025-04-08,2013,N20,VIIRS,n,2,,295.6,1.94,N,0
23.7062,83.06966,,315.62,0.4,0.37,2025-04-08,2013,N20,VIIRS,n,2,,295.87,1.38,N,0
23.80302,86.33369,,306.72,0.55,0.43,2025-04-08,2013,N20,VIIRS,n,2,,294.38,2.67,N,2
24.00572,78.96713,,306.63,0.43,0.38,2025-04-08,2013,N20,VIIRS,n,2,,294.37,0.57,N,0
24.39241,73.78802,,309.94,0.54,0.51,2025-04-08,2013,N20,VIIRS,n,2,,296.59,2.89,N,0
24.83984,80.2009,,319.51,0.4,0.37,2025-04-08,2013,N20,VIIRS,n,2,,300.18,2.75,N,0
19.3406,82.44798,,303.47,0.42,0.37,2025-04-08,2014,N20,VIIRS,n,2,,292.13,0.87,N,0
20.33905,78.10059,,312.78,0.43,0.38,2025-04-08,2014,N20,VIIRS,n,2,,291.94,5.46,N,0
21.59277,75.09108,,307.09,0.42,0.45,2025-04-08,2014,N20,VIIRS,n,2,,296.44,1.55,N,0
12.84386,77.11199,,299.4,0.4,0.37,2025-04-08,2016,N20,VIIRS,n,2,,281.09,0.29,N,0
11.70258,79.21988,,340.1,0.36,0.57,2025-04-09,723,N20,VIIRS,n,2,,300.9,2.12,D,0
14.28569,79.09586,,354.54,0.33,0.55,2025-04-09,724,N20,VIIRS,n,2,,301.6,6.76,D,0
15.75368,79.29377,,333.81,0.6,0.53,2025-04-09,724,N20,VIIRS,n,2,,299.75,2.64,D,0
17.14972,77.51207,,333.28,0.37,0.58,2025-04-09,725,N20,VIIRS,l,2,,304.67,1.66,D,0
18.20781,77.78816,,339.04,0.34,0.56,2025-04-09,725,N20,VIIRS,n,2,,307.01,4.93,D,0
18.66386,82.47803,,342.77,0.51,0.41,2025-04-09,725,N20,VIIRS,n,2,,309.67,12.88,D,0
19.01067,82.2138,,335.23,0.52,0.42,2025-04-09,725,N20,VIIRS,n,2,,304.74,5.94,D,0
19.38524,81.25097,,332.2,0.39,0.44,2025-04-09,725,N20,VIIRS,l,2,,302.96,1.89,D,0
19.75083,83.9868,,331.62,0.42,0.38,2025-04-09,725,N20,VIIRS,l,2,,306.15,3.86,D,0
20.03577,83.98498,,334.11,0.42,0.38,2025-04-09,725,N20,VIIRS,l,2,,306.55,3.75,D,0
20.45303,83.21823,,340.39,0.45,0.39,2025-04-09,725,N20,VIIRS,l,2,,309,2.83,D,0
19.27567,73.43516,,341.79,0.61,0.71,2025-04-09,726,N20,VIIRS,n,2,,306.26,5.22,D,0
20.97977,81.2792,,340.24,0.55,0.42,2025-04-09,726,N20,VIIRS,l,2,,312.56,10.25,D,0
21.41081,82.24592,,337.06,0.48,0.4,2025-04-09,726,N20,VIIRS,l,2,,312.02,4.05,D,0
21.69552,78.05794,,342.53,0.55,0.51,2025-04-09,726,N20,VIIRS,n,2,,313.56,6.99,D,0
21.94579,79.40575,,346.78,0.45,0.47,2025-04-09,726,N20,VIIRS,n,2,,310.39,6.68,D,0
22.28772,76.58611,,336.6,0.33,0.56,2025-04-09,726,N20,VIIRS,l,2,,308.75,2.49,D,0
22.59526,75.66264,,367,0.38,0.59,2025-04-09,726,N20,VIIRS,h,2,,314.77,12.61,D,0
22.76594,88.20387,,338.3,0.43,0.38,2025-04-09,726,N20,VIIRS,n,2,,304.12,5.03,D,0
22.83598,78.10375,,341.09,0.52,0.5,2025-04-09,726,N20,VIIRS,l,2,,313.4,7.98,D,0
22.87511,78.20342,,343,0.51,0.5,2025-04-09,726,N20,VIIRS,n,2,,310.69,4.48,D,0
22.96063,76.10595,,355.55,0.35,0.57,2025-04-09,726,N20,VIIRS,n,2,,313.96,7.82,D,0
23.07092,75.71174,,349.06,0.37,0.58,2025-04-09,726,N20,VIIRS,n,2,,320.07,14.29,D,0
23.18364,78.03526,,340.23,0.52,0.5,2025-04-09,726,N20,VIIRS,l,2,,311.31,5.76,D,0
23.40246,87.1771,,336.12,0.4,0.37,2025-04-09,726,N20,VIIRS,l,2,,307.55,1.96,D,0
23.54398,78.23971,,347.07,0.5,0.49,2025-04-09,726,N20,VIIRS,n,2,,315.17,18.18,D,0
23.66559,80.56376,,339.89,0.54,0.42,2025-04-09,726,N20,VIIRS,n,2,,310.49,5.46,D,0
23.85563,85.3565,,337.76,0.38,0.36,2025-04-09,726,N20,VIIRS,n,2,,306.17,2.56,D,0
24.12974,89.41832,,336.62,0.5,0.41,2025-04-09,726,N20,VIIRS,n,2,,300.33,3.57,D,0
24.50442,87.82498,,336.29,0.43,0.38,2025-04-09,726,N20,VIIRS,n,2,,302.42,3.2,D,0
23.86703,74.87106,,339.43,0.4,0.6,2025-04-09,727,N20,VIIRS,l,2,,312.32,3.52,D,0
24.58978,78.19631,,338.83,0.48,0.48,2025-04-09,727,N20,VIIRS,l,2,,313.79,5.13,D,0
24.97307,77.99242,,341.52,0.48,0.48,2025-04-09,727,N20,VIIRS,l,2,,311.82,5.35,D,0
25.77293,77.8149,,347.11,0.48,0.48,2025-04-09,727,N20,VIIRS,n,2,,312.73,6.68,D,0
27.25913,82.75095,,337.13,0.4,0.37,2025-04-09,727,N20,VIIRS,n,2,,304.2,3.54,D,0
29.44242,69.99481,,351.19,0.58,0.7,2025-04-09,728,N20,VIIRS,n,2,,306.41,13.63,D,0
18.39174,73.65292,,336.08,0.57,0.69,2025-04-09,906,N20,VIIRS,l,2,,309.54,5.37,D,0
21.74418,70.47004,,367,0.38,0.59,2025-04-09,907,N20,VIIRS,h,2,,315.82,12.35,D,0
24.06637,72.83115,,333.93,0.57,0.69,2025-04-09,907,N20,VIIRS,l,2,,308.62,4.89,D,0
21.91675,83.3526,,313.88,0.42,0.38,2025-04-09,1954,N20,VIIRS,n,2,,294.84,1.26,N,2
22.5904,85.90406,,307.2,0.38,0.36,2025-04-09,1954,N20,VIIRS,n,2,,294.64,0.7,N,2
22.80536,78.13834,,310.37,0.55,0.51,2025-04-09,1954,N20,VIIRS,n,2,,292.67,2.16,N,0
22.95636,76.17977,,300.29,0.37,0.58,2025-04-09,1954,N20,VIIRS,n,2,,284.05,0.87,N,0
23.17076,75.72224,,314.59,0.4,0.6,2025-04-09,1954,N20,VIIRS,n,2,,290.53,1.98,N,0
23.52922,79.89123,,312.75,0.44,0.46,2025-04-09,1954,N20,VIIRS,n,2,,278.65,0.95,N,0
23.67845,78.14648,,304.12,0.56,0.52,2025-04-09,1954,N20,VIIRS,n,2,,293.08,1.46,N,0
23.76757,78.03999,,319.33,0.57,0.52,2025-04-09,1954,N20,VIIRS,n,2,,293.39,2.65,N,0
23.85039,78.17649,,325.29,0.56,0.52,2025-04-09,1954,N20,VIIRS,n,2,,293.76,2.88,N,0
24.64091,74.68288,,309.11,0.48,0.65,2025-04-09,1954,N20,VIIRS,n,2,,294.18,1.7,N,0
19.18449,76.37136,,308.07,0.32,0.55,2025-04-09,1955,N20,VIIRS,n,2,,293.13,2.85,N,0
21.07915,85.04156,,309.06,0.39,0.36,2025-04-09,1955,N20,VIIRS,n,2,,296.25,1.83,N,2
22.15888,76.30414,,303.43,0.35,0.57,2025-04-09,1955,N20,VIIRS,n,2,,285.08,0.86,N,0
14.36762,78.63489,,317.28,0.4,0.44,2025-04-09,1957,N20,VIIRS,n,2,,296.3,1.28,N,0
22.31535,73.66119,,304.94,0.6,0.71,2025-04-09,2135,N20,VIIRS,n,2,,292.32,1.27,N,0
16.38572,79.33228,,330.86,0.6,0.7,2025-04-10,706,N20,VIIRS,n,2,,293.69,5.2,D,0
19.30561,81.38348,,335.65,0.38,0.59,2025-04-10,706,N20,VIIRS,n,2,,298.95,3.69,D,0
20.18458,84.82484,,353.83,0.44,0.46,2025-04-10,706,N20,VIIRS,n,2,,302.7,8.9,D,0
20.68122,81.4654,,339.56,0.35,0.57,2025-04-10,707,N20,VIIRS,n,2,,309.99,3.79,D,0
21.00721,81.04772,,336.03,0.37,0.58,2025-04-10,707,N20,VIIRS,l,2,,308.91,1.74,D,0
21.64577,77.5695,,335.18,0.6,0.7,2025-04-10,707,N20,VIIRS,l,2,,306.9,2.14,D,0
22.0373,83.35007,,332.51,0.5,0.49,2025-04-10,707,N20,VIIRS,l,2,,304.22,3.47,D,2
22.46959,79.62987,,343.32,0.43,0.62,2025-04-10,707,N20,VIIRS,n,2,,308.02,6.85,D,0
22.77757,78.1044,,333.89,0.52,0.67,2025-04-10,707,N20,VIIRS,l,2,,305.64,5.14,D,0
22.90775,78.29846,,332.98,0.5,0.66,2025-04-10,707,N20,VIIRS,l,2,,306.7,4.66,D,0
23.30085,82.19319,,341.83,0.56,0.52,2025-04-10,707,N20,VIIRS,n,2,,310.64,5.97,D,0
24.00522,82.80878,,335.58,0.5,0.49,2025-04-10,707,N20,VIIRS,l,2,,307.6,3.8,D,0
22.95466,75.89316,,349.57,0.71,0.75,2025-04-10,708,N20,VIIRS,n,2,,305.8,8.71,D,0
23.3189,79.61388,,367,0.41,0.61,2025-04-10,708,N20,VIIRS,h,2,,312.62,5.92,D,0
23.59585,80.45455,,347.63,0.36,0.57,2025-04-10,708,N20,VIIRS,n,2,,305.69,3.55,D,0
24.02834,77.89279,,331,0.51,0.66,2025-04-10,708,N20,VIIRS,n,2,,305.2,13.64,D,0
24.62983,78.16474,,367,0.47,0.64,2025-04-10,708,N20,VIIRS,h,2,,312.04,8.76,D,0
31.62589,77.39802,,345.28,0.36,0.58,2025-04-10,710,N20,VIIRS,n,2,,293.35,4.52,D,0
16.1726,76.56078,,333.27,0.4,0.6,2025-04-10,846,N20,VIIRS,l,2,,304.82,1.5,D,0
18.93815,74.60156,,367,0.32,0.55,2025-04-10,847,N20,VIIRS,h,2,,316.19,4.75,D,0
20.23743,80.048,,351.75,0.76,0.77,2025-04-10,847,N20,VIIRS,n,2,,300.96,10.44,D,0
20.9103,73.48998,,353.89,0.58,0.52,2025-04-10,848,N20,VIIRS,n,2,,313.77,10.74,D,0
21.63414,76.99424,,348.86,0.5,0.66,2025-04-10,848,N20,VIIRS,n,2,,311.39,4.4,D,0
22.47816,79.85968,,347.54,0.78,0.78,2025-04-10,848,N20,VIIRS,n,2,,302.08,9.38,D,0
22.84511,75.26951,,350.9,0.4,0.6,2025-04-10,848,N20,VIIRS,n,2,,314.36,13.03,D,0
23.031,76.41165,,367,0.47,0.64,2025-04-10,848,N20,VIIRS,h,2,,307.87,4.37,D,0
23.23985,75.75848,,355.28,0.43,0.62,2025-04-10,848,N20,VIIRS,n,2,,316.7,16.76,D,0
23.56481,75.58479,,352.94,0.42,0.61,2025-04-10,848,N20,VIIRS,n,2,,313.87,11.68,D,0
23.88338,75.87057,,367,0.45,0.63,2025-04-10,848,N20,VIIRS,h,2,,314.75,19.49,D,0
24.31447,76.83875,,367,0.52,0.67,2025-04-10,848,N20,VIIRS,h,2,,308.28,9.73,D,0
24.77842,75.41335,,343.15,0.43,0.62,2025-04-10,849,N20,VIIRS,n,2,,312.69,7.09,D,0
25.30716,77.07331,,367,0.55,0.68,2025-04-10,849,N20,VIIRS,h,2,,307.51,15.29,D,0
22.85321,77.19391,,306.42,0.64,0.72,2025-04-10,1935,N20,VIIRS,n,2,,294.37,3.36,N,0
23.30693,77.71769,,302.48,0.6,0.7,2025-04-10,1935,N20,VIIRS,n,2,,288.41,1.35,N,0
23.62774,80.01675,,301.81,0.43,0.62,2025-04-10,1935,N20,VIIRS,n,2,,289.63,0.93,N,0
24.14277,82.67938,,301.54,0.59,0.53,2025-04-10,1935,N20,VIIRS,n,2,,291.42,0.87,N,0
21.62128,77.14546,,307.24,0.63,0.72,2025-04-10,1936,N20,VIIRS,n,2,,292.73,1.33,N,0
35.96614,68.68559,,299.69,0.38,0.36,2025-04-10,2113,N20,VIIRS,n,2,,287.96,0.58,N,2
21.6492,76.68518,,312.28,0.49,0.65,2025-04-10,2116,N20,VIIRS,n,2,,292.27,1.81,N,0
22.94118,75.58617,,315.82,0.39,0.59,2025-04-10,2116,N20,VIIRS,n,2,,289.52,2.59,N,0
23.30945,75.58516,,317.84,0.38,0.59,2025-04-10,2116,N20,VIIRS,n,2,,293.34,1.64,N,0
23.62878,76.54081,,306.32,0.43,0.62,2025-04-10,2116,N20,VIIRS,n,2,,293.2,0.77,N,0
19.53041,71.2991,,331.5,0.48,0.48,2025-04-10,2117,N20,VIIRS,n,2,,297.18,3.47,N,3
27.9554,82.1669,311.9,,1.2,1.1,2025-04-06,427,Terra,MODIS,32,61.03,301.3,,6.5,D,0
24.2221,77.959,328.5,,1,1,2025-04-06,428,Terra,MODIS,61,61.03,314.1,,11.2,D,0
21.9964,70.8389,326.8,,2.3,1.5,2025-04-06,429,Terra,MODIS,65,61.03,312.4,,29.2,D,0
23.0537,78.514,321.8,,1,1,2025-04-06,429,Terra,MODIS,32,61.03,310.1,,6.7,D,0
19.2781,81.2163,338.2,,1.2,1.1,2025-04-06,849,Aqua,MODIS,75,61.03,308.1,,37.1,D,0
21.0978,80.1111,330.2,,1.3,1.1,2025-04-06,849,Aqua,MODIS,60,61.03,313.2,,18.9,D,0
22.2923,79.3092,333.2,,1.3,1.1,2025-04-06,850,Aqua,MODIS,72,61.03,318.8,,16.9,D,0
22.8582,75.7419,335.4,,2.3,1.5,2025-04-06,850,Aqua,MODIS,67,61.03,315.1,,51.8,D,0
23.3772,82.1077,333.7,,1,1,2025-04-06,850,Aqua,MODIS,75,61.03,317.3,,14.6,D,0
23.7614,83.8053,331.6,,1,1,2025-04-06,850,Aqua,MODIS,72,61.03,316.5,,13.6,D,0
24.2135,83.0164,332.2,,1,1,2025-04-06,850,Aqua,MODIS,58,61.03,316.6,,12.6,D,2
24.8839,80.595,354.5,,1.1,1,2025-04-06,850,Aqua,MODIS,96,61.03,319.6,,56.9,D,0
27.2598,82.7041,331.3,,1,1,2025-04-06,851,Aqua,MODIS,64,61.03,313.9,,10.8,D,0
27.8438,83.1263,326.4,,1.1,1,2025-04-06,851,Aqua,MODIS,76,61.03,305.6,,18.1,D,0
29.9471,78.407,314.9,,1.2,1.1,2025-04-06,852,Aqua,MODIS,54,61.03,303.3,,6.5,D,0
27.5033,85.0443,303.1,,1.1,1,2025-04-06,1524,Terra,MODIS,17,61.03,292.5,,4.4,N,0
25.1792,76.9979,326.1,,2.9,1.6,2025-04-07,507,Terra,MODIS,22,61.03,311.7,,32.1,D,0
21.5743,70.1716,328.3,,1.2,1.1,2025-04-07,509,Terra,MODIS,66,61.03,315.9,,11,D,0
19.7549,73.1788,332.8,,1,1,2025-04-07,928,Aqua,MODIS,63,61.03,318,,9.7,D,0
21.986,78.0412,333.9,,1.6,1.2,2025-04-07,929,Aqua,MODIS,69,61.03,313.7,,31.7,D,0
22.7725,75.4614,344.8,,1.1,1.1,2025-04-07,929,Aqua,MODIS,86,61.03,319.2,,34.4,D,0
23.3696,75.8786,334.2,,1.2,1.1,2025-04-07,929,Aqua,MODIS,65,61.03,320.5,,13,D,0
24.1788,80.4746,328,,2.6,1.5,2025-04-07,929,Aqua,MODIS,50,61.03,312.4,,30.3,D,0
25.2805,77.8383,371.9,,1.7,1.3,2025-04-07,929,Aqua,MODIS,100,61.03,320.2,,216.2,D,0
21.2084,79.3852,313.7,,1,1,2025-04-07,1602,Terra,MODIS,85,61.03,295.7,,10.5,N,0
22.7685,75.378,308.1,,1.1,1.1,2025-04-07,1602,Terra,MODIS,68,61.03,296.4,,6.6,N,0
23.0906,75.6725,306.3,,1.1,1,2025-04-07,1602,Terra,MODIS,63,61.03,295.5,,6.5,N,0
23.9721,78.2877,307.8,,1,1,2025-04-07,1603,Terra,MODIS,69,61.03,295.3,,6.4,N,0
25.1782,77.047,307.4,,1.1,1,2025-04-07,2135,Aqua,MODIS,70,61.03,295.1,,6.5,N,0
27.0949,82.971,318.7,,1,1,2025-04-08,408,Terra,MODIS,62,61.03,301.9,,6.8,D,0
23.7629,77.8918,329.2,,1.6,1.3,2025-04-08,409,Terra,MODIS,68,61.03,311.3,,23.6,D,0
22.4649,79.8836,327.7,,1.2,1.1,2025-04-08,410,Terra,MODIS,70,61.03,307.7,,16.5,D,0
20.4288,84.7603,319.4,,1.4,1.2,2025-04-08,829,Aqua,MODIS,22,61.03,301.6,,12.3,D,0
24.4366,79.5674,337,,2.7,1.6,2025-04-08,830,Aqua,MODIS,80,61.03,314.8,,80.6,D,0
27.209,85.0291,330.2,,1.1,1,2025-04-08,831,Aqua,MODIS,78,61.03,306.6,,20,D,0
25.0999,76.945,341,,3.5,1.8,2025-04-08,1642,Terra,MODIS,100,61.03,296.4,,272,N,0
22.2612,69.9793,326.5,,1.2,1.1,2025-04-09,449,Terra,MODIS,59,61.03,313,,9.2,D,0
23.3191,75.5874,325.5,,1.2,1.1,2025-04-09,449,Terra,MODIS,54,61.03,311.7,,9.7,D,0
13.2167,80.1904,321.6,,1,1,2025-04-09,906,Aqua,MODIS,49,61.03,305.1,,7.4,D,0
19.5553,80.7614,325.3,,1.1,1,2025-04-09,908,Aqua,MODIS,45,61.03,306.6,,14.1,D,0
21.7892,70.3606,337.5,,2.8,1.6,2025-04-09,909,Aqua,MODIS,78,61.03,316.4,,75.9,D,0
23.1072,77.7014,350,,1,1,2025-04-09,909,Aqua,MODIS,80,61.03,316.2,,41,D,0
24.2194,79.6874,333.7,,1.1,1,2025-04-09,909,Aqua,MODIS,72,61.03,315.5,,11.7,D,0
29.7263,78.5846,319.6,,1.1,1,2025-04-09,911,Aqua,MODIS,59,61.03,303.5,,9.2,D,0
26.9589,82.8846,310.4,,1,1,2025-04-09,1544,Terra,MODIS,77,61.03,294.9,,7.2,N,0
21.2772,70.1645,321.9,,2.6,1.6,2025-04-10,529,Terra,MODIS,58,61.03,307.7,,33.3,D,0
24.9351,73.259,335,,1.7,1.3,2025-04-10,948,Aqua,MODIS,74,61.03,314.9,,33.2,D,0
23.1586,75.5029,314.8,,1.2,1.1,2025-04-10,1623,Terra,MODIS,89,61.03,292.3,,17.3,N,0
23.5832,77.3679,316.3,,1.3,1.1,2025-04-10,2155,Aqua,MODIS,93,61.03,292.6,,21.1,N,0
11.09591,78.67563,,330.38,0.46,0.47,2025-04-11,826,N20,VIIRS,l,2,,300.39,1.25,D,0
14.24233,78.97821,,334.43,0.53,0.5,2025-04-11,827,N20,VIIRS,l,2,,305.26,4.25,D,0
15.78909,79.14054,,335.57,0.57,0.52,2025-04-11,827,N20,VIIRS,l,2,,306.01,6.7,D,0
16.98427,76.68354,,341.29,0.41,0.45,2025-04-11,827,N20,VIIRS,l,2,,313.65,6.02,D,0
17.93537,73.7242,,338.69,0.44,0.38,2025-04-11,828,N20,VIIRS,l,2,,309.23,9.24,D,0
18.98724,73.55639,,338.22,0.44,0.39,2025-04-11,828,N20,VIIRS,n,2,,308.71,2.39,D,0
19.34819,79.8942,,343.93,0.35,0.57,2025-04-11,828,N20,VIIRS,n,2,,306.49,4.89,D,0
19.69824,72.83281,,340.85,0.42,0.38,2025-04-11,828,N20,VIIRS,n,2,,312.84,5.29,D,0
20.08018,77.71804,,345.67,0.52,0.5,2025-04-11,828,N20,VIIRS,l,2,,318.04,13.75,D,0
20.86142,81.31757,,330.42,0.46,0.63,2025-04-11,828,N20,VIIRS,l,2,,304.55,1.42,D,0
21.26806,70.18465,,339.19,0.38,0.36,2025-04-11,829,N20,VIIRS,l,2,,311.24,3.93,D,0
21.67055,77.58654,,345.1,0.54,0.5,2025-04-11,829,N20,VIIRS,l,2,,316.48,9.58,D,0
22.0533,79.09327,,333.92,0.34,0.56,2025-04-11,829,N20,VIIRS,l,2,,306.21,2.17,D,0
22.33293,77.48782,,342.3,0.54,0.51,2025-04-11,829,N20,VIIRS,l,2,,313.22,23.09,D,0
22.63621,75.12299,,340.09,0.39,0.44,2025-04-11,829,N20,VIIRS,l,2,,313.87,3.06,D,0
22.79428,75.48093,,344.47,0.41,0.45,2025-04-11,829,N20,VIIRS,l,2,,314.75,5.87,D,0
23.04635,76.15084,,354,0.45,0.47,2025-04-11,829,N20,VIIRS,n,2,,309.44,13.53,D,0
23.25466,77.10454,,343.09,0.52,0.5,2025-04-11,829,N20,VIIRS,l,2,,313.89,18.99,D,0
23.48131,76.70345,,355.43,0.5,0.49,2025-04-11,829,N20,VIIRS,n,2,,315.34,11.02,D,0
23.67081,78.0201,,344.43,0.6,0.53,2025-04-11,829,N20,VIIRS,n,2,,314.83,16.82,D,0
23.87382,73.97703,,340.92,0.52,0.42,2025-04-11,829,N20,VIIRS,l,2,,315.3,6.25,D,0
24.1242,77.30515,,347.94,0.55,0.51,2025-04-11,829,N20,VIIRS,n,2,,318.41,14.99,D,0
24.36245,77.41261,,349.24,0.56,0.52,2025-04-11,830,N20,VIIRS,n,2,,311.03,14.66,D,0
24.87604,75.24036,,343.81,0.42,0.45,2025-04-11,830,N20,VIIRS,l,2,,314.49,3.2,D,0
25.39307,77.09589,,367,0.55,0.51,2025-04-11,830,N20,VIIRS,h,2,,316.12,23.63,D,0
30.36334,72.48214,,336.1,0.52,0.41,2025-04-11,831,N20,VIIRS,n,2,,300.93,3.78,D,0
21.92974,83.33926,,310.08,0.51,0.66,2025-04-11,1917,N20,VIIRS,n,2,,292.85,1.67,N,2
21.16035,80.33292,,305.64,0.42,0.61,2025-04-11,2057,N20,VIIRS,n,2,,293.08,1.31,N,0
22.28358,77.05463,,307.3,0.5,0.49,2025-04-11,2057,N20,VIIRS,n,2,,292.28,1.02,N,0
22.61646,75.38721,,305.2,0.39,0.44,2025-04-11,2057,N20,VIIRS,n,2,,292.58,0.65,N,0
23.0503,79.06071,,307.17,0.32,0.55,2025-04-11,2057,N20,VIIRS,n,2,,292.89,0.87,N,0
23.32915,77.35153,,304.81,0.5,0.49,2025-04-11,2057,N20,VIIRS,n,2,,289.09,0.67,N,0
23.61676,82.47866,,302.79,0.51,0.66,2025-04-11,2057,N20,VIIRS,n,2,,290.08,1,N,0
23.98026,78.06097,,302.45,0.53,0.5,2025-04-11,2057,N20,VIIRS,n,2,,290.31,0.67,N,0
24.6117,77.21847,,303.7,0.46,0.47,2025-04-11,2057,N20,VIIRS,n,2,,292.05,0.7,N,0
19.695,78.08195,,316.85,0.32,0.55,2025-04-11,2058,N20,VIIRS,n,2,,295.2,2.83,N,0
9.57173,78.31257,,335.56,0.39,0.36,2025-04-12,807,N20,VIIRS,n,2,,304.7,2.37,D,0
13.36809,78.89601,,333.38,0.42,0.38,2025-04-12,808,N20,VIIRS,l,2,,307.35,2.6,D,0
14.18085,78.49513,,339.46,0.41,0.37,2025-04-12,808,N20,VIIRS,l,2,,310.11,5.52,D,0
15.10899,78.83195,,348.55,0.43,0.38,2025-04-12,808,N20,VIIRS,n,2,,306.4,6.31,D,0
15.69422,78.34507,,336.67,0.42,0.37,2025-04-12,808,N20,VIIRS,l,2,,309.59,2.3,D,0
16.51428,80.41314,,337.34,0.53,0.42,2025-04-12,808,N20,VIIRS,l,2,,309.86,5.79,D,0
17.16242,81.13092,,342.35,0.39,0.44,2025-04-12,809,N20,VIIRS,n,2,,305.19,7.25,D,0
17.83239,79.82941,,339.06,0.51,0.41,2025-04-12,809,N20,VIIRS,n,2,,307.7,4.01,D,0
18.50314,73.99311,,354.5,0.4,0.37,2025-04-12,809,N20,VIIRS,n,2,,322.64,15.05,D,0
19.03258,80.55453,,336.43,0.38,0.44,2025-04-12,809,N20,VIIRS,l,2,,308.22,2.8,D,0
19.20397,79.14726,,341.47,0.49,0.4,2025-04-12,809,N20,VIIRS,l,2,,314.89,5.92,D,0
19.30283,81.07794,,343.19,0.42,0.45,2025-04-12,809,N20,VIIRS,n,2,,301.47,6.94,D,0
19.53946,83.16955,,334.29,0.57,0.52,2025-04-12,809,N20,VIIRS,n,2,,298.76,2.83,D,0
19.74967,81.04377,,333.76,0.42,0.45,2025-04-12,809,N20,VIIRS,l,2,,304.18,2.42,D,0
20.07847,79.92023,,350.92,0.55,0.42,2025-04-12,809,N20,VIIRS,n,2,,316.36,8.84,D,0
20.96641,86.01515,,350.45,0.45,0.63,2025-04-12,809,N20,VIIRS,n,2,,298.5,8.33,D,2
21.25117,79.53779,,349.18,0.54,0.42,2025-04-12,810,N20,VIIRS,n,2,,314.48,15.38,D,0
21.66912,77.2446,,343.86,0.43,0.38,2025-04-12,810,N20,VIIRS,n,2,,313.73,12.58,D,0
21.94704,77.42352,,343.84,0.43,0.38,2025-04-12,810,N20,VIIRS,l,2,,318.29,10.8,D,0
22.15351,78.82232,,343.38,0.5,0.41,2025-04-12,810,N20,VIIRS,l,2,,314.94,9.37,D,0
22.37997,76.60082,,339.91,0.41,0.37,2025-04-12,810,N20,VIIRS,l,2,,314.68,4.91,D,0
22.71171,78.82298,,336.97,0.51,0.41,2025-04-12,810,N20,VIIRS,l,2,,309.36,2.19,D,0
22.90361,79.44268,,349.94,0.56,0.43,2025-04-12,810,N20,VIIRS,n,2,,314.48,9.41,D,0
23.05421,75.58846,,343.56,0.39,0.36,2025-04-12,810,N20,VIIRS,n,2,,315.16,4.05,D,0
23.27712,76.67305,,339.53,0.42,0.38,2025-04-12,810,N20,VIIRS,l,2,,312.79,10.07,D,0
23.45568,76.57486,,346.87,0.42,0.37,2025-04-12,810,N20,VIIRS,n,2,,317.38,8.03,D,0
23.77153,78.08449,,343.14,0.48,0.4,2025-04-12,810,N20,VIIRS,l,2,,316.36,7.53,D,0
24.18995,83.46649,,367,0.34,0.56,2025-04-12,810,N20,VIIRS,h,2,,309.94,6.58,D,0
24.49573,79.6509,,335.5,0.4,0.44,2025-04-12,811,N20,VIIRS,l,2,,307.5,2.08,D,0
24.98628,76.2213,,352.44,0.42,0.38,2025-04-12,811,N20,VIIRS,n,2,,320.89,14.85,D,0
26.417,75.32615,,342.51,0.4,0.37,2025-04-12,811,N20,VIIRS,l,2,,313.86,5.94,D,0
29.67926,77.66373,,334.08,0.54,0.42,2025-04-12,812,N20,VIIRS,n,2,,301.95,2.58,D,0
28.82377,76.96146,,302.13,0.39,0.36,2025-04-12,2037,N20,VIIRS,n,2,,291.52,0.5,N,0
22.29098,79.44876,,311.16,0.54,0.42,2025-04-12,2038,N20,VIIRS,n,2,,290.76,1.48,N,0
22.9497,77.01469,,302.26,0.42,0.37,2025-04-12,2038,N20,VIIRS,n,2,,291.36,0.3,N,0
23.23861,78.72044,,306.29,0.48,0.4,2025-04-12,2038,N20,VIIRS,n,2,,294.91,1.06,N,0
23.46387,76.38799,,309.72,0.4,0.37,2025-04-12,2038,N20,VIIRS,n,2,,295.53,1.34,N,0
23.70499,80.16245,,301.61,0.56,0.43,2025-04-12,2038,N20,VIIRS,n,2,,291.48,0.58,N,0
24.03182,79.28999,,316.31,0.5,0.41,2025-04-12,2038,N20,VIIRS,n,2,,292.45,1.55,N,0
24.44689,80.14115,,308.16,0.55,0.42,2025-04-12,2038,N20,VIIRS,n,2,,292.99,2.56,N,0
19.48191,79.41434,,321.43,0.4,0.44,2025-04-12,2039,N20,VIIRS,n,2,,297.39,2,N,0
21.25408,79.38567,,303.42,0.56,0.43,2025-04-12,2039,N20,VIIRS,n,2,,290.23,0.81,N,0
22.09893,79.09235,,299.68,0.52,0.42,2025-04-12,2039,N20,VIIRS,n,2,,288.88,0.4,N,0
19.10175,73.05222,,325.6,0.39,0.36,2025-04-12,2040,N20,VIIRS,n,2,,296.92,3.03,N,2
14.07582,79.03303,,349.44,0.43,0.38,2025-04-13,749,N20,VIIRS,n,2,,309.1,8.3,D,0
16.1976,80.68874,,330.08,0.38,0.36,2025-04-13,749,N20,VIIRS,l,2,,301.35,1.22,D,0
17.52851,80.33208,,334.85,0.38,0.36,2025-04-13,750,N20,VIIRS,n,2,,304.61,2.73,D,0
18.48094,78.63767,,348.42,0.4,0.37,2025-04-13,750,N20,VIIRS,n,2,,315.08,10.21,D,0
18.81733,73.55157,,352.68,0.48,0.48,2025-04-13,750,N20,VIIRS,n,2,,316.21,14.95,D,0
19.13602,79.95645,,340.35,0.38,0.36,2025-04-13,750,N20,VIIRS,l,2,,315.24,3.23,D,0
19.2438,80.2877,,337.47,0.38,0.36,2025-04-13,750,N20,VIIRS,l,2,,311.6,4.53,D,0
19.33386,80.38791,,338.4,0.38,0.36,2025-04-13,750,N20,VIIRS,l,2,,311.11,5.14,D,0
19.59626,81.05964,,346.59,0.39,0.36,2025-04-13,750,N20,VIIRS,n,2,,311.33,7.06,D,0
20.17682,83.77306,,334.38,0.49,0.4,2025-04-13,750,N20,VIIRS,l,2,,307.35,1.52,D,0
20.10782,73.74405,,343.36,0.44,0.46,2025-04-13,751,N20,VIIRS,n,2,,310.69,4.71,D,0
20.69371,80.10623,,340.65,0.38,0.36,2025-04-13,751,N20,VIIRS,l,2,,313.98,5.18,D,0
21.06602,78.66186,,367,0.39,0.36,2025-04-13,751,N20,VIIRS,h,2,,320.24,18.27,D,0
21.36608,73.93661,,341.95,0.41,0.45,2025-04-13,751,N20,VIIRS,l,2,,316.57,9.87,D,0
21.77539,70.60422,,344.46,0.32,0.55,2025-04-13,751,N20,VIIRS,l,2,,319.06,5.14,D,0
22.29478,80.89043,,347.21,0.4,0.37,2025-04-13,751,N20,VIIRS,n,2,,316.7,10.45,D,0
22.71707,76.54125,,340.77,0.44,0.38,2025-04-13,751,N20,VIIRS,l,2,,313.83,12.07,D,0
23.00293,77.56533,,343.96,0.4,0.37,2025-04-13,751,N20,VIIRS,l,2,,315.81,8.22,D,0
24.22426,89.16051,,340.88,0.39,0.59,2025-04-13,751,N20,VIIRS,n,2,,296.42,6.37,D,0
23.96819,78.9629,,343.62,0.38,0.36,2025-04-13,752,N20,VIIRS,l,2,,316.47,10.14,D,0
25.39779,77.33618,,337.93,0.39,0.37,2025-04-13,752,N20,VIIRS,l,2,,310.76,3.84,D,0
28.58387,69.95091,,339.63,0.51,0.5,2025-04-13,753,N20,VIIRS,l,2,,311.79,7.11,D,0
29.97197,69.24483,,339.02,0.53,0.5,2025-04-13,754,N20,VIIRS,n,2,,311.64,5.09,D,0
28.87107,78.78629,,305.45,0.42,0.38,2025-04-13,2018,N20,VIIRS,n,2,,291.68,0.75,N,0
23.4209,76.98812,,318.4,0.43,0.38,2025-04-13,2019,N20,VIIRS,n,2,,293.26,1.67,N,0
23.62477,75.51403,,328.89,0.51,0.41,2025-04-13,2019,N20,VIIRS,n,2,,293.98,2.58,N,0
23.82976,84.9329,,309.58,0.56,0.43,2025-04-13,2019,N20,VIIRS,n,2,,292.79,1.82,N,2
24.21264,77.86963,,303.35,0.41,0.37,2025-04-13,2019,N20,VIIRS,n,2,,291.8,0.68,N,0
24.98909,77.82224,,306.03,0.42,0.38,2025-04-13,2019,N20,VIIRS,n,2,,292.25,0.97,N,0
19.8907,76.18056,,307.28,0.43,0.38,2025-04-13,2020,N20,VIIRS,n,2,,294.96,1.09,N,0
20.98108,85.13452,,310.85,0.43,0.46,2025-04-13,2020,N20,VIIRS,n,2,,287.43,2.07,N,2
22.10499,79.32488,,311.33,0.38,0.36,2025-04-13,2020,N20,VIIRS,n,2,,293.68,6.05,N,0
22.71925,75.41705,,304.98,0.5,0.41,2025-04-13,2020,N20,VIIRS,n,2,,293.51,0.62,N,0
23.22586,76.57098,,320.75,0.45,0.39,2025-04-13,2020,N20,VIIRS,n,2,,293.6,2.77,N,0
18.01178,73.84087,,307.57,0.54,0.42,2025-04-13,2021,N20,VIIRS,n,2,,293.89,1.42,N,0
14.01536,79.07293,,314.41,0.4,0.37,2025-04-13,2022,N20,VIIRS,n,2,,294.94,1.56,N,0
11.4119,78.15122,,337.13,0.33,0.56,2025-04-14,729,N20,VIIRS,n,2,,303.85,2.29,D,0
14.66457,79.81936,,331.35,0.45,0.47,2025-04-14,730,N20,VIIRS,n,2,,297.12,2.7,D,0
15.89061,74.08582,,343.1,0.52,0.67,2025-04-14,731,N20,VIIRS,n,2,,301.04,8.87,D,0
17.27279,73.98992,,336.48,0.49,0.65,2025-04-14,731,N20,VIIRS,l,2,,309.67,3.4,D,0
17.89466,73.40127,,335.19,0.52,0.67,2025-04-14,731,N20,VIIRS,l,2,,308.03,3.84,D,0
18.60166,82.32983,,330.51,0.44,0.38,2025-04-14,731,N20,VIIRS,l,2,,303.6,2.06,D,0
19.12109,79.61824,,337.94,0.39,0.44,2025-04-14,731,N20,VIIRS,l,2,,310.9,1.49,D,0
19.30932,81.02924,,332.28,0.49,0.4,2025-04-14,731,N20,VIIRS,l,2,,306.58,3.55,D,0
18.93508,74.77309,,341.43,0.4,0.6,2025-04-14,732,N20,VIIRS,l,2,,316.02,6.14,D,0
19.49853,81.01495,,343,0.49,0.4,2025-04-14,732,N20,VIIRS,l,2,,306.68,10.69,D,0
19.96046,79.94505,,337.02,0.55,0.42,2025-04-14,732,N20,VIIRS,n,2,,307.59,5.55,D,0
20.387,83.60551,,335.62,0.39,0.36,2025-04-14,732,N20,VIIRS,n,2,,306.27,1.87,D,0
20.99188,84.61633,,338.51,0.38,0.36,2025-04-14,732,N20,VIIRS,n,2,,307.48,3.11,D,0
21.64431,85.68046,,334.59,0.4,0.37,2025-04-14,732,N20,VIIRS,l,2,,307.78,5.78,D,0
22.31758,85.46352,,344.49,0.4,0.37,2025-04-14,732,N20,VIIRS,n,2,,304.97,4.68,D,0
22.60598,72.4743,,337.72,0.47,0.64,2025-04-14,733,N20,VIIRS,l,2,,311.73,7.67,D,0
22.95189,75.55093,,340.75,0.6,0.53,2025-04-14,733,N20,VIIRS,l,2,,312.62,7.79,D,0
23.20535,77.53625,,341.75,0.44,0.46,2025-04-14,733,N20,VIIRS,n,2,,310.52,7.12,D,0
23.43506,76.66498,,349.82,0.5,0.49,2025-04-14,733,N20,VIIRS,n,2,,317.93,25,D,0
23.80281,78.46541,,350.55,0.38,0.43,2025-04-14,733,N20,VIIRS,n,2,,312.1,10.85,D,0
24.07272,74.86755,,339.19,0.63,0.54,2025-04-14,733,N20,VIIRS,l,2,,312.6,5.65,D,0
24.39568,83.03492,,340.83,0.39,0.36,2025-04-14,733,N20,VIIRS,n,2,,309.62,4.25,D,0
24.91713,77.79491,,354.51,0.4,0.44,2025-04-14,733,N20,VIIRS,n,2,,316.53,9.2,D,0
25.76395,76.6261,,345.64,0.45,0.47,2025-04-14,733,N20,VIIRS,n,2,,312.29,4.94,D,0
27.11832,82.82829,,337.82,0.38,0.36,2025-04-14,734,N20,VIIRS,n,2,,306.75,4.16,D,0
28.60611,69.93825,,334.54,0.49,0.65,2025-04-14,735,N20,VIIRS,l,2,,306.9,2.64,D,0
29.99078,71.81631,,332.68,0.36,0.57,2025-04-14,735,N20,VIIRS,l,2,,304.92,2.64,D,0
18.51529,73.26702,,349.44,0.68,0.74,2025-04-14,912,N20,VIIRS,n,2,,308.39,7.7,D,0
22.11579,69.38022,,340.62,0.42,0.61,2025-04-14,913,N20,VIIRS,n,2,,311.6,2.69,D,0
29.9782,69.09488,,367,0.49,0.65,2025-04-14,915,N20,VIIRS,h,2,,312.33,8.05,D,0
23.57181,82.45547,,306.08,0.41,0.37,2025-04-14,2000,N20,VIIRS,n,2,,292.29,0.82,N,0
23.82402,84.93308,,306.33,0.38,0.36,2025-04-14,2000,N20,VIIRS,n,2,,289.09,1.7,N,2
24.10372,75.7263,,308.35,0.32,0.55,2025-04-14,2000,N20,VIIRS,n,2,,291.33,0.58,N,0
24.6016,75.33458,,306.2,0.34,0.56,2025-04-14,2000,N20,VIIRS,n,2,,294.72,1.16,N,0
19.87068,81.04802,,306.7,0.43,0.38,2025-04-14,2001,N20,VIIRS,n,2,,294.8,2.75,N,0
21.26882,79.29021,,303.71,0.54,0.42,2025-04-14,2001,N20,VIIRS,n,2,,290.47,2.48,N,0
21.91833,83.35027,,312.19,0.39,0.36,2025-04-14,2001,N20,VIIRS,n,2,,294.59,1.27,N,2
22.33703,82.66455,,309.08,0.4,0.37,2025-04-14,2001,N20,VIIRS,n,2,,294.37,1.45,N,0
22.93466,77.89831,,307.42,0.45,0.47,2025-04-14,2001,N20,VIIRS,n,2,,295.69,1.87,N,0
23.23838,75.60848,,324.97,0.32,0.54,2025-04-14,2001,N20,VIIRS,n,2,,290.96,1.5,N,0
23.50978,77.90472,,334.09,0.46,0.47,2025-04-14,2001,N20,VIIRS,n,2,,295.73,6.89,N,0
23.77858,77.42249,,306.75,0.5,0.49,2025-04-14,2001,N20,VIIRS,n,2,,292.39,1.11,N,0
18.69508,73.03973,,309.3,0.41,0.61,2025-04-14,2002,N20,VIIRS,n,2,,298,1.66,N,2
19.62949,80.86919,,305.17,0.43,0.38,2025-04-14,2002,N20,VIIRS,n,2,,292.65,0.85,N,0
30.26853,75.26644,,301.6,0.61,0.71,2025-04-14,2139,N20,VIIRS,n,2,,290.66,0.98,N,0
15.96708,77.65723,,331.98,0.61,0.71,2025-04-15,712,N20,VIIRS,n,2,,299.47,6.17,D,0
18.44672,78.39797,,340.11,0.49,0.65,2025-04-15,713,N20,VIIRS,n,2,,306.24,11.4,D,0
19.37764,81.0787,,336.21,0.63,0.54,2025-04-15,713,N20,VIIRS,n,2,,295.29,7.68,D,0
20.15453,75.92213,,331.71,0.65,0.73,2025-04-15,713,N20,VIIRS,l,2,,304.28,3.2,D,0
20.90115,83.96002,,332.99,0.39,0.44,2025-04-15,713,N20,VIIRS,l,2,,306.06,2.45,D,0
21.37903,82.28815,,330.4,0.48,0.48,2025-04-15,713,N20,VIIRS,l,2,,304.58,2.12,D,0
21.65719,77.19291,,332.63,0.5,0.66,2025-04-15,714,N20,VIIRS,l,2,,304.02,3.18,D,0
22.75643,79.42101,,338.51,0.34,0.56,2025-04-15,714,N20,VIIRS,l,2,,312.88,5.51,D,0
23.04498,78.39304,,349.5,0.39,0.59,2025-04-15,714,N20,VIIRS,n,2,,307.48,4.6,D,0
23.28711,80.09684,,337.13,0.61,0.53,2025-04-15,714,N20,VIIRS,n,2,,306.54,5.74,D,0
23.557,78.00068,,356.18,0.4,0.6,2025-04-15,714,N20,VIIRS,l,2,,313.18,8.03,D,0
23.72826,77.53633,,334.09,0.43,0.62,2025-04-15,714,N20,VIIRS,l,2,,308.75,7.17,D,0
23.94387,79.35969,,342.25,0.33,0.55,2025-04-15,714,N20,VIIRS,l,2,,314,8.38,D,0
24.28015,78.01437,,345.2,0.39,0.59,2025-04-15,714,N20,VIIRS,n,2,,309.48,3.07,D,0
24.69276,78.4637,,334.02,0.36,0.57,2025-04-15,714,N20,VIIRS,l,2,,308.79,3.72,D,0
25.33689,79.54451,,355.08,0.59,0.53,2025-04-15,714,N20,VIIRS,n,2,,308.2,18.27,D,0
26.52247,83.91553,,334.37,0.48,0.4,2025-04-15,715,N20,VIIRS,l,2,,308.74,2.74,D,0
27.1172,80.08021,,349.41,0.51,0.49,2025-04-15,715,N20,VIIRS,n,2,,307.6,8.82,D,0
27.32969,83.09995,,332.66,0.51,0.41,2025-04-15,715,N20,VIIRS,l,2,,304.97,4.56,D,0
27.96141,82.28214,,332.9,0.55,0.43,2025-04-15,715,N20,VIIRS,n,2,,302.03,4.86,D,0
13.55872,74.68645,,330.32,0.36,0.57,2025-04-15,852,N20,VIIRS,n,2,,296.87,2.26,D,0
17.37927,73.48194,,346.07,0.33,0.55,2025-04-15,853,N20,VIIRS,n,2,,305.36,7.14,D,0
18.46746,73.55029,,336.02,0.35,0.56,2025-04-15,853,N20,VIIRS,l,2,,310.54,4.58,D,0
19.30346,73.40112,,349.07,0.35,0.56,2025-04-15,853,N20,VIIRS,l,2,,319.97,21.47,D,0
21.14488,75.33799,,332.91,0.49,0.65,2025-04-15,854,N20,VIIRS,l,2,,306.43,1.47,D,0
22.61132,74.78839,,340.17,0.47,0.64,2025-04-15,854,N20,VIIRS,n,2,,307.53,5.21,D,0
23.31959,77.38117,,333.34,0.7,0.75,2025-04-15,855,N20,VIIRS,n,2,,302.96,6.37,D,0
23.6619,75.71055,,334.92,0.55,0.68,2025-04-15,855,N20,VIIRS,l,2,,306.14,4.4,D,0
24.22676,77.45913,,332.12,0.72,0.75,2025-04-15,855,N20,VIIRS,l,2,,304.47,7.63,D,0
24.84246,77.56738,,351.54,0.74,0.76,2025-04-15,855,N20,VIIRS,n,2,,304.66,14.41,D,0
28.86965,72.55359,,356.11,0.39,0.6,2025-04-15,856,N20,VIIRS,l,2,,317.43,15.6,D,0
32.13832,71.28736,,343.08,0.36,0.57,2025-04-15,857,N20,VIIRS,l,2,,313.94,9.04,D,0
23.69741,85.29114,,304.38,0.49,0.4,2025-04-15,1941,N20,VIIRS,n,2,,286.68,1.2,N,2
24.84403,76.7416,,306.75,0.56,0.69,2025-04-15,1941,N20,VIIRS,n,2,,295.84,2.29,N,0
27.12283,82.83231,,304.8,0.5,0.49,2025-04-15,1941,N20,VIIRS,n,2,,291.13,0.83,N,0
22.03727,79.18215,,304.79,0.37,0.58,2025-04-15,1942,N20,VIIRS,n,2,,290.63,0.68,N,0
22.39437,79.49873,,303.35,0.35,0.57,2025-04-15,1942,N20,VIIRS,n,2,,290.82,0.4,N,0
23.21416,77.61335,,311.29,0.48,0.65,2025-04-15,1942,N20,VIIRS,n,2,,291.46,2.94,N,0
23.66855,77.69253,,306.72,0.48,0.65,2025-04-15,1942,N20,VIIRS,n,2,,292.47,0.85,N,0
24.04208,77.76656,,307.55,0.48,0.64,2025-04-15,1942,N20,VIIRS,n,2,,293.3,0.78,N,0
14.41084,79.23509,,308.04,0.58,0.52,2025-04-15,1944,N20,VIIRS,n,2,,292.7,1.11,N,0
23.09582,77.45616,,299.2,0.64,0.72,2025-04-15,2122,N20,VIIRS,n,2,,287.84,1.33,N,0
24.11171,77.47025,,305.62,0.61,0.71,2025-04-15,2122,N20,VIIRS,n,2,,290.93,1.86,N,0
21.34224,76.78996,,304.05,0.63,0.72,2025-04-15,2123,N20,VIIRS,n,2,,290.72,1.23,N,0
21.9519,77.3886,325.3,,1,1,2025-04-11,430,Terra,MODIS,62,61.03,312.1,,5.9,D,0
23.1953,75.5882,326.6,,1.1,1,2025-04-11,430,Terra,MODIS,64,61.03,310.8,,11.2,D,0
19.2804,77.3308,322.5,,1,1,2025-04-11,431,Terra,MODIS,53,61.03,309.5,,6.8,D,0
19.7766,83.8494,322.6,,1,1,2025-04-11,848,Aqua,MODIS,66,61.03,301.7,,9,D,0
23.8436,79.1625,325.1,,1.4,1.2,2025-04-11,849,Aqua,MODIS,24,61.03,310.3,,11,D,0
24.2004,77.4389,309.9,,3.4,1.7,2025-04-11,1525,Terra,MODIS,78,61.03,292.7,,49.3,N,0
22.6433,70.5334,326.7,,1.2,1.1,2025-04-12,510,Terra,MODIS,67,61.03,311.3,,10.1,D,0
19.2966,80.5447,325.9,,2.1,1.4,2025-04-12,927,Aqua,MODIS,58,61.03,305.6,,20.9,D,0
23.9912,75.5301,338.9,,1.1,1.1,2025-04-12,928,Aqua,MODIS,78,61.03,321.2,,21.4,D,0
21.4261,77.4537,308.8,,1,1,2025-04-12,1603,Terra,MODIS,73,61.03,296.1,,6,N,0
23.3332,76.1386,310.2,,1,1,2025-04-12,1604,Terra,MODIS,77,61.03,296.1,,7.5,N,0
24.9048,77.7471,305.6,,1,1,2025-04-12,1604,Terra,MODIS,57,61.03,295.2,,4.8,N,0
21.3279,79.3959,324.3,,1.2,1.1,2025-04-13,411,Terra,MODIS,59,61.03,309.4,,7.3,D,0
21.2908,79.4017,326.4,,3.5,1.8,2025-04-13,828,Aqua,MODIS,44,61.03,307.1,,41.7,D,0
29.1313,70.6011,336.8,,1.2,1.1,2025-04-14,449,Terra,MODIS,82,61.03,308.9,,31.5,D,0
22.6062,70.736,326.9,,1.1,1,2025-04-14,451,Terra,MODIS,64,61.03,313.1,,7.8,D,0
19.5978,84.0113,323.8,,1.6,1.2,2025-04-14,906,Aqua,MODIS,62,61.03,305.4,,14.1,D,0
23.0319,77.5342,333.9,,1,1,2025-04-14,908,Aqua,MODIS,74,61.03,314.3,,13.3,D,0
24.1642,74.6891,337.1,,1.3,1.1,2025-04-14,908,Aqua,MODIS,76,61.03,317.1,,21.2,D,0
27.1196,82.7888,327.5,,1.7,1.3,2025-04-14,909,Aqua,MODIS,58,61.03,302.9,,24.8,D,0
23.61,77.0311,309.6,,1.6,1.2,2025-04-14,1545,Terra,MODIS,72,61.03,297.7,,11.9,N,0
21.6261,78.2377,324.7,,3.1,1.7,2025-04-15,352,Terra,MODIS,68,61.03,305,,39.5,D,0
19.8957,73.9146,340.3,,1.5,1.2,2025-04-15,946,Aqua,MODIS,82,61.03,318.5,,36.7,D,0
23.1651,75.6094,308.6,,1.3,1.1,2025-04-15,1624,Terra,MODIS,69,61.03,296.7,,9,N,0
19.67379,82.98379,,347.49,0.47,0.64,2025-04-16,654,N20,VIIRS,n,2,,298.25,20.08,D,0
21.73864,81.52053,,341.24,0.53,0.67,2025-04-16,655,N20,VIIRS,n,2,,303.1,4.62,D,0
23.28408,80.39516,,350.16,0.58,0.69,2025-04-16,655,N20,VIIRS,n,2,,309.86,6.94,D,0
24.05441,78.06608,,344.44,0.77,0.77,2025-04-16,655,N20,VIIRS,n,2,,304.12,9.83,D,0
24.53278,78.41064,,338.55,0.71,0.75,2025-04-16,656,N20,VIIRS,n,2,,306.93,4.82,D,0
26.49331,83.94275,,340.29,0.59,0.53,2025-04-16,656,N20,VIIRS,n,2,,301.61,6.97,D,0
27.13298,82.80997,,330.98,0.34,0.56,2025-04-16,656,N20,VIIRS,l,2,,301.23,5.22,D,0
27.20677,82.97565,,348.28,0.33,0.55,2025-04-16,656,N20,VIIRS,n,2,,301.33,4.35,D,0
27.25622,83.24751,,338.16,0.63,0.54,2025-04-16,656,N20,VIIRS,n,2,,299.54,5.82,D,0
27.81377,84.37452,,339.49,0.52,0.5,2025-04-16,656,N20,VIIRS,n,2,,290.36,8.58,D,0
15.19756,75.25898,,335.99,0.4,0.44,2025-04-16,833,N20,VIIRS,l,2,,307.86,3,D,0
16.83711,73.84689,,333.1,0.52,0.41,2025-04-16,834,N20,VIIRS,l,2,,305.63,3.64,D,0
18.38498,73.77689,,346.67,0.54,0.42,2025-04-16,834,N20,VIIRS,n,2,,313.37,15.37,D,0
19.62154,83.00645,,331.27,0.73,0.76,2025-04-16,834,N20,VIIRS,n,2,,295.98,5.31,D,0
20.53068,79.19861,,356.5,0.42,0.61,2025-04-16,835,N20,VIIRS,l,2,,301.36,5.75,D,0
21.47227,78.66696,,354.38,0.4,0.6,2025-04-16,835,N20,VIIRS,n,2,,308.51,12.11,D,0
22.2966,76.40505,,336.83,0.58,0.52,2025-04-16,835,N20,VIIRS,l,2,,306.84,2.12,D,0
22.99545,75.61259,,345.6,0.53,0.5,2025-04-16,836,N20,VIIRS,l,2,,316.14,14.11,D,0
23.30618,75.74383,,348.91,0.54,0.51,2025-04-16,836,N20,VIIRS,n,2,,308.98,17.4,D,0
23.55993,77.31696,,354.21,0.34,0.56,2025-04-16,836,N20,VIIRS,n,2,,315.37,4.85,D,0
23.77574,78.86047,,336.71,0.44,0.62,2025-04-16,836,N20,VIIRS,l,2,,308.51,4.94,D,0
24.10003,74.18988,,346.79,0.44,0.46,2025-04-16,836,N20,VIIRS,n,2,,311.14,8.61,D,0
24.4959,77.28294,,338.78,0.35,0.57,2025-04-16,836,N20,VIIRS,l,2,,310.62,7.7,D,0
24.96224,77.67802,,346.91,0.38,0.58,2025-04-16,836,N20,VIIRS,n,2,,308.69,4.49,D,0
27.96034,69.18736,,341.69,0.42,0.38,2025-04-16,837,N20,VIIRS,l,2,,316.01,4.62,D,0
30.24562,70.67805,,339.58,0.51,0.41,2025-04-16,838,N20,VIIRS,l,2,,313.71,5.93,D,0
23.80349,86.31964,,308.88,0.54,0.51,2025-04-16,1922,N20,VIIRS,n,2,,292.74,2.34,N,0
21.19676,81.41596,,307.47,0.52,0.67,2025-04-16,1923,N20,VIIRS,n,2,,293.21,2.41,N,2
17.60579,83.19958,,314.34,0.36,0.58,2025-04-16,1924,N20,VIIRS,n,2,,294.19,1.39,N,2
29.26195,76.29167,,339.74,0.41,0.45,2025-04-16,2102,N20,VIIRS,n,2,,292.91,7.04,N,0
23.34111,77.377,,304.54,0.63,0.54,2025-04-16,2103,N20,VIIRS,n,2,,290.47,0.87,N,0
23.5646,77.9342,,318.79,0.34,0.56,2025-04-16,2103,N20,VIIRS,n,2,,290.39,1.24,N,0
23.87139,77.72594,,311.42,0.32,0.55,2025-04-16,2103,N20,VIIRS,n,2,,290.71,1.04,N,0
24.23085,77.87234,,304.61,0.32,0.55,2025-04-16,2103,N20,VIIRS,n,2,,291.45,0.55,N,0
25.15147,77.12213,,324.13,0.56,0.51,2025-04-16,2103,N20,VIIRS,n,2,,293.33,2.35,N,0
22.41524,69.03946,,319.37,0.39,0.36,2025-04-16,2104,N20,VIIRS,n,2,,297.62,1.96,N,0
25.04188,85.77911,,332.14,0.48,0.65,2025-04-17,637,N20,VIIRS,n,2,,295.41,3.03,D,0
8.90141,77.80568,,339.21,0.4,0.37,2025-04-17,813,N20,VIIRS,n,2,,304.26,4.94,D,0
14.04374,76.02488,,335.54,0.39,0.36,2025-04-17,814,N20,VIIRS,l,2,,307.07,2.55,D,0
14.91347,78.05353,,339.61,0.46,0.39,2025-04-17,814,N20,VIIRS,n,2,,309.03,8.38,D,0
16.11396,74.01624,,336.55,0.39,0.36,2025-04-17,815,N20,VIIRS,n,2,,307.03,3.34,D,0
17.18928,76.31233,,348.65,0.41,0.37,2025-04-17,815,N20,VIIRS,n,2,,312.38,13.55,D,0
18.61233,82.4482,,346.09,0.64,0.54,2025-04-17,815,N20,VIIRS,n,2,,299.92,11.59,D,0
18.85605,76.46439,,341.97,0.43,0.38,2025-04-17,816,N20,VIIRS,l,2,,315.6,13.34,D,0
19.79051,83.91524,,331.2,0.41,0.61,2025-04-17,816,N20,VIIRS,n,2,,299.24,0.97,D,0
20.70893,80.39031,,342.74,0.5,0.49,2025-04-17,816,N20,VIIRS,n,2,,303.88,7.88,D,0
21.65449,76.78572,,344.86,0.47,0.4,2025-04-17,816,N20,VIIRS,n,2,,314.28,9.62,D,0
22.31771,80.54205,,338.27,0.53,0.5,2025-04-17,816,N20,VIIRS,n,2,,305.74,6.21,D,0
22.68952,76.81439,,341.55,0.49,0.4,2025-04-17,817,N20,VIIRS,l,2,,316.51,10.03,D,0
23.0774,81.39906,,350.88,0.62,0.54,2025-04-17,817,N20,VIIRS,n,2,,314.26,15.06,D,0
23.28531,75.80517,,349.45,0.45,0.39,2025-04-17,817,N20,VIIRS,n,2,,315.64,19.32,D,0
23.49325,77.42748,,351.46,0.54,0.42,2025-04-17,817,N20,VIIRS,n,2,,320.16,10.28,D,0
23.62342,78.32411,,347.93,0.4,0.44,2025-04-17,817,N20,VIIRS,n,2,,315.11,9.63,D,0
23.73991,77.82805,,346.9,0.57,0.43,2025-04-17,817,N20,VIIRS,n,2,,313.16,17.46,D,0
23.9614,77.84924,,342.38,0.57,0.43,2025-04-17,817,N20,VIIRS,l,2,,315.5,9.04,D,0
24.14708,82.5737,,337.86,0.38,0.59,2025-04-17,817,N20,VIIRS,n,2,,301.65,2.84,D,0
24.39101,79.27318,,345.65,0.47,0.48,2025-04-17,817,N20,VIIRS,n,2,,310.3,7.02,D,0
24.69232,77.92156,,346.12,0.39,0.44,2025-04-17,817,N20,VIIRS,n,2,,312.96,8.14,D,0
24.92167,77.71738,,351.7,0.39,0.44,2025-04-17,817,N20,VIIRS,n,2,,316.39,7.37,D,0
25.0933,77.2067,,342.48,0.54,0.42,2025-04-17,817,N20,VIIRS,l,2,,316.92,4.08,D,0
25.80089,76.59637,,349.07,0.52,0.41,2025-04-17,817,N20,VIIRS,n,2,,316.54,13.05,D,0
27.38047,82.92702,,343.81,0.43,0.62,2025-04-17,818,N20,VIIRS,n,2,,295.51,5.56,D,0
29.75968,78.43483,,352.42,0.49,0.48,2025-04-17,819,N20,VIIRS,n,2,,304.61,7.55,D,0
23.72387,86.43787,,310.13,0.53,0.67,2025-04-17,1904,N20,VIIRS,n,2,,286.96,2.26,N,2
23.59187,79.10171,,310.89,0.4,0.45,2025-04-17,2044,N20,VIIRS,n,2,,292.9,1.56,N,0
23.94214,78.9198,,326.26,0.39,0.44,2025-04-17,2044,N20,VIIRS,n,2,,295.8,2.64,N,0
24.34279,78.05399,,320.51,0.52,0.41,2025-04-17,2044,N20,VIIRS,n,2,,295.4,4.21,N,0
24.85992,76.32866,,308.26,0.43,0.38,2025-04-17,2044,N20,VIIRS,n,2,,296.99,1.17,N,0
26.64195,79.47952,,309.44,0.57,0.43,2025-04-17,2044,N20,VIIRS,n,2,,295.76,1.54,N,2
21.75799,84.02543,,306.82,0.45,0.63,2025-04-17,2045,N20,VIIRS,n,2,,292.02,1.99,N,2
22.30993,79.68339,,305.55,0.46,0.47,2025-04-17,2045,N20,VIIRS,n,2,,293.38,0.84,N,0
23.14682,75.31664,,306.29,0.41,0.37,2025-04-17,2045,N20,VIIRS,n,2,,294.71,0.81,N,0
23.45092,77.86975,,321.2,0.52,0.42,2025-04-17,2045,N20,VIIRS,n,2,,294.47,3.95,N,0
23.68722,77.54642,,309.12,0.5,0.41,2025-04-17,2045,N20,VIIRS,n,2,,293.49,1.21,N,0
19.19178,74.87607,,325.93,0.43,0.38,2025-04-17,2046,N20,VIIRS,n,2,,297.83,2.08,N,0
13.47985,79.31242,,331.04,0.39,0.36,2025-04-18,755,N20,VIIRS,l,2,,304.94,2.26,D,0
16.12709,80.43977,,349.85,0.39,0.36,2025-04-18,756,N20,VIIRS,n,2,,306.51,7.84,D,0
17.30984,73.59825,,339.89,0.4,0.44,2025-04-18,756,N20,VIIRS,n,2,,303.21,4.42,D,0
18.50829,80.04737,,340.13,0.4,0.37,2025-04-18,756,N20,VIIRS,n,2,,308.2,6.2,D,0
18.892,75.34719,,349.63,0.46,0.39,2025-04-18,757,N20,VIIRS,l,2,,320.02,11.04,D,0
19.33494,81.06178,,336.57,0.43,0.38,2025-04-18,757,N20,VIIRS,n,2,,303.78,2.8,D,0
19.98781,83.49464,,345.41,0.38,0.44,2025-04-18,757,N20,VIIRS,n,2,,310.61,30.36,D,0
20.87679,82.71105,,339.76,0.53,0.42,2025-04-18,757,N20,VIIRS,l,2,,310.53,5.98,D,0
21.30042,78.25389,,354.87,0.38,0.36,2025-04-18,757,N20,VIIRS,n,2,,320.94,9.14,D,0
22.00519,79.09875,,349.37,0.39,0.37,2025-04-18,757,N20,VIIRS,n,2,,316.6,15.79,D,0
22.40452,70.46628,,344.95,0.51,0.49,2025-04-18,758,N20,VIIRS,l,2,,319.4,12.98,D,0
22.99162,72.18888,,355.12,0.39,0.44,2025-04-18,758,N20,VIIRS,n,2,,322.85,20.83,D,0
23.4634,75.98229,,348.58,0.4,0.37,2025-04-18,758,N20,VIIRS,n,2,,320.78,6.86,D,0
23.77406,77.65047,,352.66,0.38,0.36,2025-04-18,758,N20,VIIRS,n,2,,321.88,21.12,D,0
24.29878,81.20081,,340.57,0.49,0.4,2025-04-18,758,N20,VIIRS,l,2,,313.98,8.49,D,0
24.65848,80.28809,,353.43,0.45,0.39,2025-04-18,758,N20,VIIRS,l,2,,329.75,14.26,D,0
25.02921,83.87236,,344.38,0.47,0.48,2025-04-18,758,N20,VIIRS,n,2,,304.77,25.47,D,0
25.19868,76.93977,,350.32,0.38,0.36,2025-04-18,758,N20,VIIRS,l,2,,322.19,40.5,D,0
27.16388,82.80874,,339.84,0.43,0.46,2025-04-18,759,N20,VIIRS,n,2,,299.36,4.99,D,0
28.39564,76.66685,,338.39,0.39,0.36,2025-04-18,759,N20,VIIRS,l,2,,311.71,3,D,0
29.31739,70.55973,,339.36,0.56,0.43,2025-04-18,800,N20,VIIRS,l,2,,313.53,4.67,D,0
23.66191,87.1571,,314.14,0.32,0.55,2025-04-18,2025,N20,VIIRS,n,2,,290.94,1.08,N,0
24.80209,77.48919,,335.16,0.39,0.36,2025-04-18,2025,N20,VIIRS,n,2,,296.98,3.31,N,0
25.07484,77.66331,,306.92,0.39,0.36,2025-04-18,2025,N20,VIIRS,n,2,,293.32,1.08,N,0
26.83212,82.88641,,305.21,0.48,0.4,2025-04-18,2025,N20,VIIRS,n,2,,292.75,0.82,N,0
21.36502,81.68031,,309.32,0.5,0.41,2025-04-18,2026,N20,VIIRS,n,2,,297.53,2.74,N,2
22.04902,77.75549,,305.69,0.38,0.36,2025-04-18,2026,N20,VIIRS,n,2,,293.22,1.22,N,0
22.48551,76.04414,,308.67,0.41,0.37,2025-04-18,2026,N20,VIIRS,n,2,,298.07,0.38,N,0
23.09945,77.69009,,336,0.38,0.36,2025-04-18,2026,N20,VIIRS,n,2,,299.12,5.82,N,0
23.2337,76.53295,,305.53,0.4,0.37,2025-04-18,2026,N20,VIIRS,n,2,,294.25,0.69,N,0
23.42683,75.20165,,310.52,0.44,0.38,2025-04-18,2026,N20,VIIRS,n,2,,295.16,0.9,N,0
23.58624,79.16273,,309.36,0.39,0.36,2025-04-18,2026,N20,VIIRS,n,2,,294.58,1.01,N,0
23.73026,77.23392,,309.88,0.39,0.36,2025-04-18,2026,N20,VIIRS,n,2,,295.94,1.5,N,0
23.89131,77.86893,,303.88,0.38,0.36,2025-04-18,2026,N20,VIIRS,n,2,,293.69,0.68,N,0
24.05139,77.97516,,310.08,0.38,0.36,2025-04-18,2026,N20,VIIRS,n,2,,295.3,1.36,N,0
24.2411,77.76125,,337.12,0.39,0.36,2025-04-18,2026,N20,VIIRS,n,2,,297.18,3.43,N,0
24.64116,74.68496,,317.03,0.48,0.4,2025-04-18,2026,N20,VIIRS,n,2,,301.03,2.97,N,0
20.21173,72.81413,,317.57,0.53,0.42,2025-04-18,2027,N20,VIIRS,n,2,,296.82,1.51,N,0
10.95941,78.90069,,338.64,0.47,0.48,2025-04-19,736,N20,VIIRS,n,2,,303.56,4.11,D,0
15.03572,77.6016,,343.18,0.49,0.48,2025-04-19,737,N20,VIIRS,n,2,,303.65,2.9,D,0
16.95839,76.41328,,333.89,0.54,0.51,2025-04-19,737,N20,VIIRS,n,2,,296.75,0.76,D,0
18.46814,73.51741,,332.3,0.39,0.59,2025-04-19,738,N20,VIIRS,l,2,,306.89,2.85,D,0
19.09035,82.9048,,367,0.39,0.36,2025-04-19,738,N20,VIIRS,l,2,,328.96,61.31,D,0
19.47407,76.76062,,343.73,0.46,0.47,2025-04-19,738,N20,VIIRS,l,2,,316.36,3.39,D,0
19.76289,77.95943,,349.61,0.39,0.44,2025-04-19,738,N20,VIIRS,n,2,,315.59,5.77,D,0
20.80729,85.25723,,331.17,0.42,0.38,2025-04-19,738,N20,VIIRS,l,2,,301.57,2.37,D,2
21.92214,83.35067,,343.02,0.39,0.36,2025-04-19,738,N20,VIIRS,n,2,,310.59,4.49,D,2
21.6177,74.59108,,344.09,0.58,0.52,2025-04-19,739,N20,VIIRS,n,2,,312.73,14.98,D,0
22.06228,79.15331,,355.33,0.47,0.39,2025-04-19,739,N20,VIIRS,l,2,,320.68,23.06,D,0
22.37963,79.28614,,343.07,0.46,0.39,2025-04-19,739,N20,VIIRS,l,2,,315.94,5.1,D,0
22.97314,80.05882,,346.74,0.42,0.38,2025-04-19,739,N20,VIIRS,l,2,,318.25,8.61,D,0
23.22409,77.24161,,347.47,0.56,0.43,2025-04-19,739,N20,VIIRS,l,2,,319.05,24.97,D,0
23.47611,75.73224,,346.65,0.45,0.47,2025-04-19,739,N20,VIIRS,l,2,,319.87,17.95,D,0
23.71385,82.61372,,334.82,0.39,0.36,2025-04-19,739,N20,VIIRS,l,2,,308.7,2.3,D,0
23.96996,82.0379,,339.87,0.38,0.36,2025-04-19,739,N20,VIIRS,n,2,,309.81,2.16,D,0
24.50201,76.88258,,346.89,0.56,0.43,2025-04-19,739,N20,VIIRS,l,2,,320.73,31.74,D,0
25.46049,82.76742,,348.03,0.39,0.36,2025-04-19,739,N20,VIIRS,n,2,,307.98,5.26,D,0
24.92325,75.42814,,349.53,0.44,0.46,2025-04-19,740,N20,VIIRS,n,2,,322.46,11.14,D,0
25.45915,74.80498,,350.12,0.47,0.48,2025-04-19,740,N20,VIIRS,l,2,,321.48,14.83,D,0
27.17568,84.67588,,336.73,0.46,0.39,2025-04-19,740,N20,VIIRS,n,2,,301.39,2.84,D,0
27.44943,84.3442,,335.53,0.45,0.39,2025-04-19,740,N20,VIIRS,n,2,,301.99,5.44,D,0
28.7843,70.16968,,334.22,0.38,0.59,2025-04-19,741,N20,VIIRS,l,2,,307.62,2.51,D,0
29.55041,72.28799,,344.44,0.55,0.51,2025-04-19,741,N20,VIIRS,n,2,,309.49,8.85,D,0
22.2111,71.96605,,337.05,0.78,0.78,2025-04-19,920,N20,VIIRS,n,2,,306.63,3.17,D,0
24.11671,86.86069,,305.11,0.48,0.4,2025-04-19,2006,N20,VIIRS,n,2,,295.01,0.88,N,2
20.96659,85.15209,,306.67,0.44,0.39,2025-04-19,2007,N20,VIIRS,n,2,,293.3,1.8,N,2
21.90082,78.54813,,310.9,0.49,0.4,2025-04-19,2007,N20,VIIRS,n,2,,296.6,2.47,N,0
22.10433,79.64452,,308.85,0.44,0.38,2025-04-19,2007,N20,VIIRS,n,2,,292.72,1.15,N,0
22.37915,78.40105,,306.58,0.51,0.41,2025-04-19,2007,N20,VIIRS,n,2,,296.28,1.7,N,0
22.95148,77.58696,,306.76,0.57,0.43,2025-04-19,2007,N20,VIIRS,n,2,,292.61,0.66,N,0
23.21284,78.6868,,309.92,0.5,0.41,2025-04-19,2007,N20,VIIRS,n,2,,295.39,2.05,N,0
23.40579,77.59123,,314.01,0.38,0.43,2025-04-19,2007,N20,VIIRS,n,2,,294.32,1.8,N,0
23.49397,75.23814,,304.97,0.53,0.5,2025-04-19,2007,N20,VIIRS,n,2,,291.38,0.71,N,0
23.61226,87.14653,,305.75,0.51,0.41,2025-04-19,2007,N20,VIIRS,n,2,,295.55,1.39,N,2
23.6949,85.36876,,310.75,0.42,0.38,2025-04-19,2007,N20,VIIRS,n,2,,296.12,1.6,N,0
23.7602,86.39909,,319.1,0.46,0.39,2025-04-19,2007,N20,VIIRS,n,2,,296.6,2.1,N,2
23.80862,84.84587,,314.19,0.41,0.37,2025-04-19,2007,N20,VIIRS,n,2,,297.03,1.83,N,2
23.92737,74.81842,,310.59,0.58,0.52,2025-04-19,2007,N20,VIIRS,n,2,,295.94,1.35,N,0
24.03969,77.91799,,305.99,0.56,0.43,2025-04-19,2007,N20,VIIRS,n,2,,294.94,1.57,N,0
24.23824,77.79164,,307.81,0.38,0.43,2025-04-19,2007,N20,VIIRS,n,2,,296.47,0.31,N,0
24.56533,77.51165,,315.08,0.4,0.44,2025-04-19,2007,N20,VIIRS,n,2,,293.91,1.29,N,0
24.72079,77.73145,,308.04,0.39,0.44,2025-04-19,2007,N20,VIIRS,n,2,,294.68,1.31,N,0
24.99435,76.39442,,324.04,0.47,0.48,2025-04-19,2007,N20,VIIRS,n,2,,294.56,3.46,N,0
18.68649,73.03024,,310.61,0.32,0.55,2025-04-19,2008,N20,VIIRS,n,2,,295.77,1.63,N,2
21.18083,76.46577,,308.91,0.42,0.45,2025-04-19,2008,N20,VIIRS,n,2,,296.05,2.47,N,0
14.13817,78.26562,,307.3,0.43,0.38,2025-04-19,2010,N20,VIIRS,n,2,,295.02,0.62,N,0
15.65122,78.50149,,334.96,0.43,0.62,2025-04-20,718,N20,VIIRS,n,2,,295.27,2.09,D,0
17.72946,79.29664,,331.6,0.35,0.56,2025-04-20,719,N20,VIIRS,n,2,,301.19,2.2,D,0
18.7234,83.12688,,338.77,0.57,0.43,2025-04-20,719,N20,VIIRS,n,2,,297.27,13.12,D,0
19.39674,78.60239,,345.35,0.36,0.57,2025-04-20,719,N20,VIIRS,n,2,,315.34,4.65,D,0
20.75933,85.29799,,332.69,0.42,0.38,2025-04-20,719,N20,VIIRS,l,2,,306.14,5.08,D,2
21.02559,78.40689,,353.03,0.34,0.56,2025-04-20,720,N20,VIIRS,n,2,,314.12,5.85,D,0
21.53539,75.40834,,341.2,0.52,0.67,2025-04-20,720,N20,VIIRS,n,2,,312.16,3.93,D,0
21.92203,83.35203,,338.54,0.5,0.41,2025-04-20,720,N20,VIIRS,l,2,,311.52,9.96,D,2
22.23118,79.74182,,348.49,0.53,0.5,2025-04-20,720,N20,VIIRS,n,2,,313.89,7.97,D,0
22.50144,79.57256,,347.3,0.54,0.51,2025-04-20,720,N20,VIIRS,n,2,,321.63,43,D,0
23.04621,76.52535,,353.74,0.41,0.6,2025-04-20,720,N20,VIIRS,n,2,,319.35,10.86,D,0
23.25864,75.50259,,346.22,0.47,0.64,2025-04-20,720,N20,VIIRS,n,2,,314.66,5.78,D,0
23.38882,76.94271,,367,0.38,0.58,2025-04-20,720,N20,VIIRS,h,2,,320.85,10.57,D,0
23.50605,77.67809,,367,0.34,0.56,2025-04-20,720,N20,VIIRS,h,2,,319.65,10.74,D,0
23.63501,77.65222,,354.87,0.34,0.56,2025-04-20,720,N20,VIIRS,n,2,,321.27,19.37,D,0
23.76299,86.40137,,334.04,0.39,0.36,2025-04-20,720,N20,VIIRS,l,2,,305.51,5.51,D,2
23.96858,79.71117,,350.28,0.49,0.49,2025-04-20,720,N20,VIIRS,l,2,,321.99,18.57,D,0
23.76404,77.24588,,344.67,0.35,0.57,2025-04-20,721,N20,VIIRS,l,2,,317.21,5.7,D,0
24.3305,74.93867,,347.62,0.48,0.65,2025-04-20,721,N20,VIIRS,n,2,,311.88,4.99,D,0
24.59459,76.35664,,354.4,0.39,0.59,2025-04-20,721,N20,VIIRS,n,2,,312.84,10.3,D,0
24.88517,81.05621,,344.79,0.39,0.44,2025-04-20,721,N20,VIIRS,n,2,,315.08,6.18,D,0
25.09234,76.73587,,344.18,0.36,0.57,2025-04-20,721,N20,VIIRS,l,2,,315.46,7.92,D,0
25.43149,75.80423,,339.59,0.4,0.6,2025-04-20,721,N20,VIIRS,n,2,,307.8,3.36,D,0
26.19539,81.61201,,345.64,0.53,0.42,2025-04-20,721,N20,VIIRS,n,2,,312.04,5.62,D,0
27.2084,82.88085,,335.51,0.45,0.39,2025-04-20,721,N20,VIIRS,l,2,,310.36,7.86,D,0
27.68534,77.4,,344.59,0.57,0.52,2025-04-20,722,N20,VIIRS,n,2,,312.54,20.3,D,0
28.83064,79.23955,,349.12,0.42,0.45,2025-04-20,722,N20,VIIRS,n,2,,302.35,4.27,D,0
29.96067,75.80157,,345.61,0.64,0.54,2025-04-20,722,N20,VIIRS,n,2,,303.62,13.66,D,0
30.69696,74.36348,,367,0.37,0.58,2025-04-20,723,N20,VIIRS,h,2,,310.08,36.74,D,0
18.41708,73.44817,,331.47,0.44,0.62,2025-04-20,900,N20,VIIRS,n,2,,303.78,2.64,D,0
21.1043,72.64587,,344.7,0.41,0.61,2025-04-20,900,N20,VIIRS,n,2,,308.74,5.74,D,2
23.11487,71.84449,,353.96,0.39,0.59,2025-04-20,901,N20,VIIRS,n,2,,316.9,5.93,D,0
25.00889,76.0975,,330.18,0.76,0.77,2025-04-20,901,N20,VIIRS,l,2,,303.06,1.71,D,0
29.07421,72.26242,,337.49,0.48,0.64,2025-04-20,903,N20,VIIRS,l,2,,311.39,3.71,D,0
29.79451,70.48421,,367,0.38,0.59,2025-04-20,903,N20,VIIRS,h,2,,313.5,7.39,D,0
30.89996,74.96004,,335.48,0.72,0.75,2025-04-20,903,N20,VIIRS,n,2,,303.06,5.12,D,0
26.6412,79.47702,,307.67,0.63,0.54,2025-04-20,1947,N20,VIIRS,n,2,,296.33,2.15,N,2
22.24261,79.74545,,302.94,0.53,0.5,2025-04-20,1948,N20,VIIRS,n,2,,291.57,0.32,N,0
22.82194,79.66358,,313.84,0.55,0.51,2025-04-20,1948,N20,VIIRS,n,2,,292.51,1.99,N,0
23.15158,83.71599,,303.24,0.48,0.4,2025-04-20,1948,N20,VIIRS,n,2,,293.01,0.59,N,0
23.3526,77.96091,,306.69,0.36,0.57,2025-04-20,1948,N20,VIIRS,n,2,,291.2,0.71,N,0
23.47511,78.24099,,305.26,0.35,0.56,2025-04-20,1948,N20,VIIRS,n,2,,291.31,0.35,N,0
23.56631,78.16829,,311.08,0.35,0.57,2025-04-20,1948,N20,VIIRS,n,2,,294.12,1.18,N,0
23.64491,77.39787,,312.96,0.39,0.6,2025-04-20,1948,N20,VIIRS,n,2,,294.4,1.16,N,0
23.69799,85.36855,,308.67,0.42,0.38,2025-04-20,1948,N20,VIIRS,n,2,,296.81,1.38,N,0
23.78014,86.37436,,314.47,0.4,0.37,2025-04-20,1948,N20,VIIRS,n,2,,295.54,1.06,N,2
23.91055,77.6086,,307.22,0.38,0.59,2025-04-20,1948,N20,VIIRS,n,2,,296.05,1.44,N,0
24.07182,77.68475,,319.44,0.38,0.59,2025-04-20,1948,N20,VIIRS,n,2,,295.77,2.2,N,0
24.31825,78.02427,,310.22,0.36,0.58,2025-04-20,1948,N20,VIIRS,n,2,,293.37,0.86,N,0
24.679,78.64662,,309.03,0.34,0.56,2025-04-20,1948,N20,VIIRS,n,2,,293.5,0.52,N,0
25.12765,77.84942,,303.79,0.38,0.59,2025-04-20,1948,N20,VIIRS,n,2,,293.52,0.44,N,0
20.26694,78.39954,,339.21,0.62,0.54,2025-04-20,1949,N20,VIIRS,n,2,,297.6,8.32,N,0
21.7998,77.65415,,308.42,0.36,0.57,2025-04-20,1949,N20,VIIRS,n,2,,295.71,1.46,N,0
29.08842,71.81239,,305.47,0.53,0.5,2025-04-20,2127,N20,VIIRS,n,2,,288.85,1.14,N,0
24.25529,74.91167,,305.23,0.52,0.67,2025-04-20,2128,N20,VIIRS,n,2,,293.6,1.07,N,0
23.61407,74.92352,,302.55,0.54,0.68,2025-04-20,2129,N20,VIIRS,n,2,,292.37,0.89,N,0
23.0847,75.807,326.8,,1,1,2025-04-16,431,Terra,MODIS,52,61.03,308.4,,10,D,0
24.0622,77.5383,328.7,,1,1,2025-04-16,431,Terra,MODIS,61,61.03,313.3,,9.1,D,0
18.6349,80.5232,322,,1.5,1.2,2025-04-16,846,Aqua,MODIS,53,61.03,304.5,,10.2,D,0
24.9646,83.7448,343.6,,1,1,2025-04-16,848,Aqua,MODIS,88,61.03,308.1,,33.3,D,0
27.3533,82.564,338,,1,1,2025-04-16,849,Aqua,MODIS,85,61.03,307.8,,23.8,D,0
32.1363,73.1382,314.4,,1.3,1.1,2025-04-17,508,Terra,MODIS,37,61.03,300.5,,7.3,D,0
19.5349,73.3135,337.2,,1.1,1,2025-04-17,926,Aqua,MODIS,70,61.03,320.3,,17.5,D,0
23.2706,77.7459,335.1,,1.4,1.2,2025-04-17,926,Aqua,MODIS,59,61.03,315.3,,16.6,D,0
24.1703,77.934,333,,1.5,1.2,2025-04-17,927,Aqua,MODIS,62,61.03,314.7,,14,D,0
18.2854,74.4439,309.1,,1.3,1.1,2025-04-17,1604,Terra,MODIS,69,61.03,298.9,,7.1,N,0
23.4582,77.8555,310.4,,1,1,2025-04-17,1605,Terra,MODIS,75,61.03,297.7,,5.9,N,0
24.9759,77.917,314.9,,1.1,1,2025-04-17,1605,Terra,MODIS,87,61.03,298,,10.9,N,0
22.0008,79.121,326.6,,1.2,1.1,2025-04-18,412,Terra,MODIS,63,61.03,309,,9.1,D,0
16.6217,79.5959,324.6,,1,1,2025-04-18,414,Terra,MODIS,70,61.03,304.2,,7.5,D,0
28.6681,70.0874,338.7,,1.2,1.1,2025-04-19,450,Terra,MODIS,0,61.03,305.3,,37.6,D,0
24.5671,74.6126,327.2,,1.1,1.1,2025-04-19,451,Terra,MODIS,62,61.03,314.5,,10.6,D,0
19.7442,83.2551,323.8,,1.3,1.1,2025-04-19,905,Aqua,MODIS,61,61.03,303.5,,10.4,D,0
22.0601,79.1542,334.3,,1,1,2025-04-19,906,Aqua,MODIS,68,61.03,316.3,,12,D,0
23.1748,76.7122,339.4,,1.1,1.1,2025-04-19,906,Aqua,MODIS,79,61.03,319.7,,21.6,D,0
23.6287,79.323,349.1,,1,1,2025-04-19,906,Aqua,MODIS,91,61.03,320.1,,35.5,D,0
24.2439,78.0485,344.4,,1,1,2025-04-19,907,Aqua,MODIS,81,61.03,321.4,,25.4,D,0
24.873,77.1388,337,,1.1,1,2025-04-19,907,Aqua,MODIS,73,61.03,318.5,,14.1,D,0
27.2112,75.8119,331.1,,1.1,1.1,2025-04-19,907,Aqua,MODIS,54,61.03,317.5,,11.5,D,0
22.2185,79.494,306.5,,1.1,1.1,2025-04-19,1545,Terra,MODIS,57,61.03,296.1,,6.3,N,0
25.4956,76.6784,309.4,,1.5,1.2,2025-04-19,1546,Terra,MODIS,57,61.03,298.4,,10.3,N,0
23.7677,78.5268,323.2,,2.9,1.6,2025-04-20,353,Terra,MODIS,52,61.03,308.8,,28.2,D,0
21.5001,77.1736,331.1,,2.6,1.5,2025-04-20,945,Aqua,MODIS,45,61.03,315.8,,31.4,D,0
18.8408,76.0845,312.8,,1.3,1.1,2025-04-20,1624,Terra,MODIS,80,61.03,299.9,,10.3,N,0
29.6165,71.4565,304.3,,1,1,2025-04-20,1627,Terra,MODIS,59,61.03,292.5,,6.1,N,0
18.80622,81.68433,,340.37,0.47,0.64,2025-04-21,700,N20,VIIRS,n,2,,294.4,5.88,D,0
19.51053,80.96696,,342.98,0.51,0.66,2025-04-21,700,N20,VIIRS,n,2,,294.72,14.91,D,0
20.82723,78.85504,,337.41,0.65,0.73,2025-04-21,701,N20,VIIRS,l,2,,310.15,10.75,D,0
21.84569,80.69936,,337.85,0.47,0.64,2025-04-21,701,N20,VIIRS,l,2,,307.9,3.61,D,0
22.61427,78.68817,,334.42,0.61,0.71,2025-04-21,701,N20,VIIRS,l,2,,309.31,3.94,D,0
23.63122,83.5917,,343.27,0.57,0.52,2025-04-21,701,N20,VIIRS,n,2,,312.54,4.84,D,0
23.42472,77.60871,,341.23,0.68,0.74,2025-04-21,702,N20,VIIRS,l,2,,315.68,17.73,D,0
23.6633,76.58069,,337.29,0.77,0.78,2025-04-21,702,N20,VIIRS,n,2,,311.61,12.44,D,0
23.96305,78.64562,,353.76,0.57,0.69,2025-04-21,702,N20,VIIRS,n,2,,322.12,21.14,D,0
24.27685,78.10712,,338.35,0.6,0.71,2025-04-21,702,N20,VIIRS,n,2,,312.33,29.39,D,0
24.49395,77.50661,,340.72,0.65,0.73,2025-04-21,702,N20,VIIRS,l,2,,314.37,8.5,D,0
24.79428,77.09505,,339.03,0.68,0.74,2025-04-21,702,N20,VIIRS,l,2,,313.04,4.02,D,0
25.04045,76.38036,,352.41,0.74,0.76,2025-04-21,702,N20,VIIRS,n,2,,311.65,18.58,D,0
25.18564,83.64272,,355.94,0.52,0.5,2025-04-21,702,N20,VIIRS,n,2,,311.33,9.58,D,0
25.54089,84.1967,,334.35,0.48,0.48,2025-04-21,702,N20,VIIRS,l,2,,307.76,2.64,D,0
26.28737,81.94004,,342.43,0.63,0.54,2025-04-21,702,N20,VIIRS,n,2,,311.98,5.73,D,0
26.52746,83.3709,,335.08,0.51,0.49,2025-04-21,702,N20,VIIRS,l,2,,310.02,7.27,D,0
27.01209,83.49915,,344.46,0.49,0.49,2025-04-21,702,N20,VIIRS,n,2,,306.26,9.86,D,0
27.16857,84.77349,,338.61,0.41,0.45,2025-04-21,702,N20,VIIRS,n,2,,306.23,4.58,D,0
27.3095,83.1216,,334.76,0.51,0.49,2025-04-21,702,N20,VIIRS,n,2,,302.79,1.92,D,0
27.52134,81.32452,,367,0.32,0.55,2025-04-21,703,N20,VIIRS,h,2,,302.81,4.22,D,0
12.36422,79.67223,,330.57,0.46,0.63,2025-04-21,839,N20,VIIRS,n,2,,300.27,6.26,D,0
16.32738,80.68999,,342.97,0.6,0.71,2025-04-21,840,N20,VIIRS,n,2,,295.5,5.23,D,0
18.5768,80.51624,,350.77,0.62,0.72,2025-04-21,841,N20,VIIRS,n,2,,295.07,10.54,D,0
19.1526,74.20474,,343.61,0.49,0.48,2025-04-21,841,N20,VIIRS,n,2,,312.06,7.14,D,0
20.06829,74.74805,,344.85,0.54,0.51,2025-04-21,841,N20,VIIRS,l,2,,316.75,9.6,D,0
20.84191,76.43591,,345.57,0.36,0.57,2025-04-21,841,N20,VIIRS,n,2,,316.73,6.4,D,0
21.44857,77.75021,,345.79,0.44,0.63,2025-04-21,842,N20,VIIRS,n,2,,312.45,10.13,D,0
22.16049,79.26517,,339.69,0.56,0.69,2025-04-21,842,N20,VIIRS,l,2,,313.52,5.89,D,0
22.65538,79.56583,,348.01,0.6,0.7,2025-04-21,842,N20,VIIRS,n,2,,309.99,6.7,D,0
23.23423,77.57017,,338.56,0.45,0.63,2025-04-21,842,N20,VIIRS,l,2,,312.9,3.47,D,0
23.49825,80.40625,,336.19,0.69,0.74,2025-04-21,842,N20,VIIRS,l,2,,308.31,3.5,D,0
23.69447,78.5598,,351.64,0.53,0.67,2025-04-21,842,N20,VIIRS,n,2,,315.35,15.86,D,0
24.0958,80.83474,,339.29,0.74,0.76,2025-04-21,842,N20,VIIRS,n,2,,310.59,11.84,D,0
24.40864,79.00401,,339.96,0.57,0.69,2025-04-21,842,N20,VIIRS,n,2,,314.91,8.94,D,0
24.58343,77.13873,,350.13,0.44,0.62,2025-04-21,842,N20,VIIRS,l,2,,323.29,37.43,D,0
24.83325,77.69614,,367,0.48,0.64,2025-04-21,842,N20,VIIRS,h,2,,317.89,15.67,D,0
25.00484,76.42854,,341.51,0.4,0.6,2025-04-21,843,N20,VIIRS,l,2,,316.21,5.81,D,0
25.26154,78.35781,,367,0.53,0.67,2025-04-21,843,N20,VIIRS,h,2,,313.92,26.4,D,0
25.5724,76.76109,,344.75,0.42,0.61,2025-04-21,843,N20,VIIRS,n,2,,315.18,6.77,D,0
27.92194,77.42894,,333.14,0.49,0.65,2025-04-21,843,N20,VIIRS,l,2,,305.94,2.39,D,0
29.39765,73.87808,,345.27,0.62,0.54,2025-04-21,844,N20,VIIRS,l,2,,319.42,15.66,D,0
30.21064,73.69695,,337.12,0.61,0.54,2025-04-21,844,N20,VIIRS,l,2,,312.09,4.07,D,0
29.08585,88.01085,,308.03,0.4,0.44,2025-04-21,1927,N20,VIIRS,n,2,,277.38,1.23,N,2
22.79762,86.20931,,321.98,0.42,0.46,2025-04-21,1929,N20,VIIRS,n,2,,296.84,3.37,N,2
23.46861,82.85767,,309.19,0.35,0.57,2025-04-21,1929,N20,VIIRS,n,2,,296.32,1.63,N,0
23.77835,86.38778,,307.76,0.43,0.46,2025-04-21,1929,N20,VIIRS,n,2,,296.23,1.8,N,2
24.15794,82.56708,,317.51,0.37,0.58,2025-04-21,1929,N20,VIIRS,n,2,,297.23,2.59,N,0
25.02719,83.85034,,318.36,0.64,0.54,2025-04-21,1929,N20,VIIRS,n,2,,296.95,2.18,N,0
21.08763,78.55136,,316.81,0.63,0.72,2025-04-21,1930,N20,VIIRS,n,2,,296.01,2.74,N,0
13.29752,79.5013,,320.47,0.44,0.62,2025-04-21,1932,N20,VIIRS,n,2,,293.43,2.45,N,0
31.6211,70.27065,,320.56,0.39,0.36,2025-04-21,2108,N20,VIIRS,n,2,,297.47,1.26,N,0
24.21155,78.16691,,302.68,0.42,0.61,2025-04-21,2109,N20,VIIRS,n,2,,289.53,0.47,N,0
24.62449,77.10366,,299.12,0.36,0.57,2025-04-21,2109,N20,VIIRS,n,2,,287.27,0.24,N,0
24.9658,76.53764,,313.43,0.32,0.55,2025-04-21,2109,N20,VIIRS,n,2,,290.42,1.63,N,0
25.22451,76.43159,,306.25,0.63,0.54,2025-04-21,2109,N20,VIIRS,n,2,,288.91,1.17,N,0
20.69454,79.3474,,301.56,0.6,0.71,2025-04-21,2110,N20,VIIRS,n,2,,284.52,1.27,N,0
22.35516,76.0884,,313.01,0.34,0.56,2025-04-21,2110,N20,VIIRS,n,2,,295.9,1.09,N,0
23.26956,77.72775,,313.26,0.42,0.61,2025-04-21,2110,N20,VIIRS,n,2,,290.35,1.29,N,0
23.56296,75.17039,,303.1,0.57,0.52,2025-04-21,2110,N20,VIIRS,n,2,,290.4,0.83,N,0
23.80467,77.73419,,304.76,0.41,0.6,2025-04-21,2110,N20,VIIRS,n,2,,291.94,0.86,N,0
18.74314,75.93848,,309.78,0.4,0.6,2025-04-21,2111,N20,VIIRS,n,2,,290.86,0.75,N,0
21.43557,85.52434,,355.75,0.48,0.64,2025-04-22,642,N20,VIIRS,n,2,,305.84,20.89,D,0
24.63013,80.9798,,367,0.77,0.77,2025-04-22,643,N20,VIIRS,h,2,,317.24,14.77,D,0
25.16202,83.93776,,336.72,0.49,0.65,2025-04-22,643,N20,VIIRS,l,2,,307.11,3.31,D,0
26.17189,83.9496,,367,0.47,0.64,2025-04-22,643,N20,VIIRS,h,2,,304.05,8.91,D,0
26.48322,83.28258,,339.81,0.5,0.66,2025-04-22,643,N20,VIIRS,n,2,,304.98,6.11,D,0
27.12781,83.68338,,335.62,0.46,0.64,2025-04-22,644,N20,VIIRS,n,2,,302.12,1.86,D,0
27.76476,83.58695,,355.91,0.45,0.63,2025-04-22,644,N20,VIIRS,n,2,,300.82,5.44,D,0
12.63107,80.09235,,330.92,0.47,0.48,2025-04-22,820,N20,VIIRS,l,2,,301.99,1.91,D,0
14.35407,79.07972,,344.55,0.43,0.46,2025-04-22,821,N20,VIIRS,n,2,,311.16,5.73,D,0
16.20267,77.32153,,343.23,0.53,0.42,2025-04-22,821,N20,VIIRS,n,2,,311.13,20.67,D,0
17.13023,82.01761,,330.97,0.36,0.58,2025-04-22,821,N20,VIIRS,n,2,,299.48,2.89,D,0
18.09924,81.97053,,331.12,0.37,0.58,2025-04-22,822,N20,VIIRS,n,2,,295.58,2.16,D,0
18.60812,78.00023,,342.72,0.42,0.45,2025-04-22,822,N20,VIIRS,l,2,,312.89,5.33,D,0
19.20597,81.07857,,351.34,0.33,0.56,2025-04-22,822,N20,VIIRS,n,2,,302.92,27.5,D,0
19.69578,81.06467,,339.07,0.34,0.56,2025-04-22,822,N20,VIIRS,n,2,,298.45,2.25,D,0
20.24272,77.33136,,351.6,0.4,0.44,2025-04-22,822,N20,VIIRS,l,2,,322.93,6.65,D,0
21.29896,81.70486,,340.53,0.39,0.59,2025-04-22,822,N20,VIIRS,l,2,,315.43,4.24,D,0
21.70179,72.52923,,367,0.39,0.36,2025-04-22,823,N20,VIIRS,l,2,,325.21,6.06,D,0
22.03508,72.58181,,367,0.39,0.36,2025-04-22,823,N20,VIIRS,l,2,,327.7,7.47,D,0
22.38961,79.62695,,367,0.59,0.53,2025-04-22,823,N20,VIIRS,l,2,,329.57,36.91,D,0
22.71336,80.76396,,347.71,0.35,0.57,2025-04-22,823,N20,VIIRS,l,2,,321.08,8.4,D,0
23.14506,81.07822,,347.2,0.37,0.58,2025-04-22,823,N20,VIIRS,n,2,,316.14,7.35,D,0
23.27097,76.60863,,351.37,0.39,0.44,2025-04-22,823,N20,VIIRS,l,2,,325,30.74,D,0
23.46017,77.12504,,367,0.42,0.45,2025-04-22,823,N20,VIIRS,l,2,,325.32,1.72,D,0
23.64951,78.33772,,367,0.51,0.49,2025-04-22,823,N20,VIIRS,l,2,,327.06,16.83,D,0
23.74436,80.15062,,367,0.33,0.55,2025-04-22,823,N20,VIIRS,h,2,,319.89,11.57,D,0
23.89725,78.35345,,367,0.51,0.49,2025-04-22,823,N20,VIIRS,l,2,,325.38,9.14,D,0
24.01297,81.56907,,341.92,0.41,0.61,2025-04-22,823,N20,VIIRS,n,2,,315.97,3.6,D,0
24.10667,77.33408,,367,0.44,0.46,2025-04-22,823,N20,VIIRS,l,2,,325.35,6.82,D,0
24.24035,77.77316,,367,0.47,0.48,2025-04-22,823,N20,VIIRS,l,2,,325.46,4.19,D,0
24.39804,77.49506,,346.39,0.46,0.47,2025-04-22,823,N20,VIIRS,n,2,,318.08,27.83,D,0
24.53552,78.02222,,356.16,0.5,0.49,2025-04-22,823,N20,VIIRS,n,2,,326.68,7.72,D,0
24.73457,80.57957,,349.42,0.36,0.57,2025-04-22,823,N20,VIIRS,n,2,,320.51,6.23,D,0
24.47789,72.84283,,346.79,0.41,0.37,2025-04-22,824,N20,VIIRS,l,2,,321.26,7.92,D,0
24.75339,77.01647,,367,0.43,0.46,2025-04-22,824,N20,VIIRS,h,2,,323.93,12.68,D,0
24.96004,78.71252,,347.13,0.55,0.51,2025-04-22,824,N20,VIIRS,l,2,,321.5,13.92,D,0
25.10577,83.37017,,345.64,0.55,0.68,2025-04-22,824,N20,VIIRS,n,2,,310.67,19.03,D,0
25.17367,84.0574,,337,0.61,0.71,2025-04-22,824,N20,VIIRS,n,2,,305.72,3.37,D,0
25.33388,81.68908,,346.67,0.43,0.62,2025-04-22,824,N20,VIIRS,n,2,,314.38,2.69,D,0
25.50439,76.05558,,367,0.39,0.44,2025-04-22,824,N20,VIIRS,l,2,,326.95,31.09,D,0
25.73802,76.57573,,346.01,0.42,0.45,2025-04-22,824,N20,VIIRS,n,2,,319.78,8.52,D,0
26.0382,77.83908,,348.59,0.5,0.49,2025-04-22,824,N20,VIIRS,l,2,,320.74,8.04,D,0
26.40373,83.56048,,342.88,0.58,0.7,2025-04-22,824,N20,VIIRS,n,2,,297.32,4.65,D,0
27.04366,82.83959,,350.32,0.53,0.67,2025-04-22,824,N20,VIIRS,n,2,,304.88,6.15,D,0
27.50829,76.24455,,349.54,0.42,0.45,2025-04-22,824,N20,VIIRS,n,2,,317.46,20.58,D,0
28.14903,81.42199,,337.2,0.44,0.63,2025-04-22,824,N20,VIIRS,l,2,,308.52,3.82,D,0
28.98325,80.35036,,332.51,0.39,0.59,2025-04-22,825,N20,VIIRS,l,2,,306.33,3.03,D,0
29.74964,77.10619,,345.55,0.5,0.49,2025-04-22,825,N20,VIIRS,n,2,,313.11,10.19,D,0
32.45466,73.64026,,335.55,0.52,0.42,2025-04-22,826,N20,VIIRS,n,2,,306.41,5.76,D,0
26.44023,83.57172,,308.59,0.68,0.74,2025-04-22,1909,N20,VIIRS,n,2,,292.86,1.58,N,0
26.98941,82.79172,,306.15,0.77,0.77,2025-04-22,1909,N20,VIIRS,n,2,,292.15,2.04,N,0
27.36388,82.88173,,307.86,0.76,0.77,2025-04-22,1909,N20,VIIRS,n,2,,293.4,1.66,N,0
24.1174,86.85947,,305.99,0.4,0.6,2025-04-22,1910,N20,VIIRS,n,2,,291.18,1.16,N,2
25.196,84.1078,,305.76,0.61,0.71,2025-04-22,1910,N20,VIIRS,n,2,,292.32,0.92,N,0
20.94232,86.0549,,307.23,0.42,0.61,2025-04-22,1911,N20,VIIRS,n,2,,297.2,0.85,N,2
29.44003,75.3013,,312.29,0.41,0.37,2025-04-22,2049,N20,VIIRS,n,2,,288.08,1.17,N,0
33.14918,71.0737,,343.24,0.44,0.39,2025-04-22,2049,N20,VIIRS,n,2,,298.25,5.38,N,0
24.99491,84.11325,,327.41,0.48,0.65,2025-04-22,2050,N20,VIIRS,n,2,,294.32,3.42,N,0
25.15242,83.73945,,308.97,0.45,0.63,2025-04-22,2050,N20,VIIRS,n,2,,291.81,1.25,N,0
25.24522,77.65062,,314.14,0.39,0.44,2025-04-22,2050,N20,VIIRS,n,2,,291.33,1.45,N,0
25.71334,78.74696,,310.5,0.44,0.46,2025-04-22,2050,N20,VIIRS,n,2,,295.34,1.77,N,0
26.30101,83.8942,,312.17,0.44,0.62,2025-04-22,2050,N20,VIIRS,n,2,,293.55,1.33,N,0
26.43305,83.51826,,319.55,0.41,0.61,2025-04-22,2050,N20,VIIRS,n,2,,293.43,2.15,N,0
26.5329,83.51325,,304.49,0.41,0.61,2025-04-22,2050,N20,VIIRS,n,2,,292.64,0.48,N,0
26.88079,73.51259,,305.58,0.39,0.36,2025-04-22,2050,N20,VIIRS,n,2,,293.09,0.91,N,2
27.00621,83.66613,,309.92,0.41,0.61,2025-04-22,2050,N20,VIIRS,n,2,,294.31,1.15,N,0
27.20978,82.6972,,305.46,0.35,0.57,2025-04-22,2050,N20,VIIRS,n,2,,294.01,1.42,N,0
27.40282,82.93385,,319.07,0.36,0.57,2025-04-22,2050,N20,VIIRS,n,2,,294.98,1.28,N,0
21.25094,79.48458,,306.43,0.59,0.53,2025-04-22,2051,N20,VIIRS,n,2,,294.78,1.72,N,0
21.93175,85.22124,,308.08,0.66,0.73,2025-04-22,2051,N20,VIIRS,n,2,,295.17,1.85,N,2
22.22525,84.75251,,307.05,0.61,0.71,2025-04-22,2051,N20,VIIRS,n,2,,296.15,3.07,N,2
22.52465,76.03393,,327.74,0.52,0.42,2025-04-22,2051,N20,VIIRS,n,2,,299.65,2.76,N,0
22.87991,79.71333,,310.99,0.57,0.52,2025-04-22,2051,N20,VIIRS,n,2,,295.09,2.81,N,0
23.24343,79.34412,,310.93,0.53,0.5,2025-04-22,2051,N20,VIIRS,n,2,,294.02,1.53,N,0
23.46952,77.56841,,305.02,0.41,0.45,2025-04-22,2051,N20,VIIRS,n,2,,289.69,1.33,N,0
23.60715,77.89742,,313.32,0.43,0.46,2025-04-22,2051,N20,VIIRS,n,2,,290.91,1.46,N,0
23.71222,80.20455,,303.6,0.59,0.53,2025-04-22,2051,N20,VIIRS,n,2,,289.79,0.58,N,0
23.86623,77.43636,,314.54,0.4,0.44,2025-04-22,2051,N20,VIIRS,n,2,,293.62,1.54,N,0
24.04071,78.18767,,327.87,0.44,0.46,2025-04-22,2051,N20,VIIRS,n,2,,291.65,1.76,N,0
24.25014,77.55919,,304.21,0.4,0.44,2025-04-22,2051,N20,VIIRS,n,2,,290.72,0.69,N,0
24.46651,78.11473,,313.24,0.42,0.46,2025-04-22,2051,N20,VIIRS,n,2,,291.82,1.15,N,0
24.59623,72.66605,,311.92,0.39,0.36,2025-04-22,2051,N20,VIIRS,n,2,,298.8,2.19,N,0
24.80782,78.15881,,304.84,0.42,0.45,2025-04-22,2051,N20,VIIRS,n,2,,292.77,0.4,N,0
25.12478,77.631,,321.05,0.39,0.44,2025-04-22,2051,N20,VIIRS,n,2,,289.84,1.27,N,0
19.74171,77.6192,,316.01,0.48,0.48,2025-04-22,2052,N20,VIIRS,n,2,,297.29,2.87,N,0
15.17036,76.68511,,307.46,0.51,0.49,2025-04-22,2053,N20,VIIRS,n,2,,295.29,1.63,N,2
11.81509,79.77065,,337.12,0.39,0.36,2025-04-23,801,N20,VIIRS,n,2,,304.02,3.5,D,0
13.95775,79.07517,,347.33,0.39,0.36,2025-04-23,802,N20,VIIRS,n,2,,311.64,4.54,D,0
15.78471,75.67448,,341.25,0.42,0.37,2025-04-23,802,N20,VIIRS,l,2,,313.46,10.41,D,0
16.39382,79.22346,,348.28,0.4,0.37,2025-04-23,802,N20,VIIRS,n,2,,316.96,14.38,D,0
16.61131,74.5984,,336.23,0.45,0.39,2025-04-23,803,N20,VIIRS,l,2,,308.43,3.73,D,0
17.77419,79.5108,,340.92,0.42,0.38,2025-04-23,803,N20,VIIRS,l,2,,312.64,8.48,D,0
18.40734,82.34102,,339.12,0.39,0.44,2025-04-23,803,N20,VIIRS,n,2,,302.5,3.15,D,0
18.70838,78.2114,,336.21,0.39,0.36,2025-04-23,803,N20,VIIRS,l,2,,309.81,4.53,D,0
19.15172,84.30528,,330.74,0.53,0.5,2025-04-23,803,N20,VIIRS,l,2,,301.48,4.35,D,0
19.55605,78.56494,,346.33,0.4,0.37,2025-04-23,803,N20,VIIRS,l,2,,320.27,18.55,D,0
19.7845,80.81098,,337.54,0.5,0.41,2025-04-23,803,N20,VIIRS,l,2,,308.03,4.91,D,0
19.89659,83.30696,,342.61,0.47,0.48,2025-04-23,803,N20,VIIRS,n,2,,303.67,58.14,D,0
20.05666,77.75871,,367,0.39,0.36,2025-04-23,803,N20,VIIRS,l,2,,325.28,6.41,D,0
20.79502,85.25521,,342.81,0.32,0.55,2025-04-23,803,N20,VIIRS,n,2,,303.94,5.45,D,2
20.97519,77.91956,,367,0.4,0.37,2025-04-23,804,N20,VIIRS,l,2,,325.07,3.81,D,0
21.31538,73.4257,,351.47,0.45,0.39,2025-04-23,804,N20,VIIRS,n,2,,324.67,14.66,D,0
21.53485,79.37687,,344.81,0.45,0.39,2025-04-23,804,N20,VIIRS,l,2,,318.39,2.06,D,0
21.79254,85.13422,,332.06,0.32,0.55,2025-04-23,804,N20,VIIRS,l,2,,304.91,1.35,D,0
22.00217,77.93782,,355.39,0.4,0.37,2025-04-23,804,N20,VIIRS,n,2,,323.03,14.25,D,0
22.23521,78.85316,,352.12,0.43,0.38,2025-04-23,804,N20,VIIRS,l,2,,325.76,1.66,D,0
22.42167,86.98813,,340.32,0.44,0.62,2025-04-23,804,N20,VIIRS,n,2,,306.65,3.16,D,0
22.51657,78.56277,,356.36,0.42,0.38,2025-04-23,804,N20,VIIRS,n,2,,328.07,8.22,D,0
22.7627,74.95673,,367,0.39,0.36,2025-04-23,804,N20,VIIRS,l,2,,326.83,12.02,D,0
23.01064,81.57816,,346.77,0.4,0.44,2025-04-23,804,N20,VIIRS,l,2,,318.57,13.21,D,0
23.23059,79.25611,,351.01,0.46,0.39,2025-04-23,804,N20,VIIRS,n,2,,324.34,7.82,D,0
23.39616,76.86265,,367,0.39,0.36,2025-04-23,804,N20,VIIRS,l,2,,331.7,2,D,0
23.52772,78.09382,,367,0.42,0.37,2025-04-23,804,N20,VIIRS,l,2,,326.83,2.9,D,0
23.67085,80.71454,,350.11,0.55,0.43,2025-04-23,804,N20,VIIRS,l,2,,324.63,11.46,D,0
23.7302,77.41735,,367,0.4,0.37,2025-04-23,804,N20,VIIRS,l,2,,325.83,6.85,D,0
23.81394,77.58524,,367,0.41,0.37,2025-04-23,804,N20,VIIRS,l,2,,325.51,1.04,D,0
23.97946,79.05965,,367,0.46,0.39,2025-04-23,804,N20,VIIRS,h,2,,347.23,62.25,D,0
24.13593,79.5164,,367,0.48,0.4,2025-04-23,804,N20,VIIRS,l,2,,325.91,3.52,D,0
24.15898,80.21605,,367,0.52,0.42,2025-04-23,804,N20,VIIRS,h,2,,341.02,35.84,D,0
24.26237,82.8791,,353.61,0.5,0.49,2025-04-23,804,N20,VIIRS,n,2,,318.19,7.77,D,0
24.46401,80.44685,,355.55,0.54,0.42,2025-04-23,804,N20,VIIRS,n,2,,324.82,6.67,D,0
24.78815,84.18661,,356.14,0.61,0.54,2025-04-23,804,N20,VIIRS,n,2,,317.9,18.78,D,0
23.87463,74.39852,,367,0.4,0.37,2025-04-23,805,N20,VIIRS,l,2,,325.68,5.9,D,0
24.54128,76.47838,,367,0.39,0.36,2025-04-23,805,N20,VIIRS,l,2,,325.63,0.74,D,0
24.67413,77.58866,,367,0.41,0.37,2025-04-23,805,N20,VIIRS,l,2,,326.02,3.46,D,0
24.85078,77.65539,,367,0.41,0.37,2025-04-23,805,N20,VIIRS,h,2,,326.43,9.17,D,0
24.95109,81.24306,,367,0.41,0.45,2025-04-23,805,N20,VIIRS,h,2,,321.23,8.19,D,0
25.01094,82.04581,,355.88,0.45,0.47,2025-04-23,805,N20,VIIRS,n,2,,320.32,23.84,D,0
25.11801,81.66428,,349.77,0.43,0.46,2025-04-23,805,N20,VIIRS,l,2,,321.99,6.2,D,0
25.1646,83.50156,,340.43,0.56,0.51,2025-04-23,805,N20,VIIRS,l,2,,314.34,8.87,D,0
25.21065,84.3794,,355.44,0.32,0.54,2025-04-23,805,N20,VIIRS,n,2,,319.17,7.91,D,0
25.28454,79.30152,,355.49,0.48,0.4,2025-04-23,805,N20,VIIRS,n,2,,325.1,19.79,D,0
25.36887,84.01504,,347.7,0.61,0.53,2025-04-23,805,N20,VIIRS,l,2,,320.59,49.67,D,0
25.50645,84.34624,,345.31,0.32,0.55,2025-04-23,805,N20,VIIRS,n,2,,316.95,3.94,D,0
25.58523,76.61333,,347.7,0.39,0.37,2025-04-23,805,N20,VIIRS,n,2,,322.03,2.2,D,0
25.70938,77.83311,,354.7,0.43,0.38,2025-04-23,805,N20,VIIRS,l,2,,327.04,18.71,D,0
25.84402,76.68969,,367,0.4,0.37,2025-04-23,805,N20,VIIRS,l,2,,329.88,11.64,D,0
25.92208,78.6618,,352.43,0.46,0.39,2025-04-23,805,N20,VIIRS,l,2,,329.36,18.25,D,0
26.08519,78.1944,,349.92,0.44,0.39,2025-04-23,805,N20,VIIRS,l,2,,324.86,11.18,D,0
26.38225,83.57484,,349.71,0.59,0.52,2025-04-23,805,N20,VIIRS,n,2,,312.27,14.11,D,0
26.48712,83.25269,,345.65,0.56,0.51,2025-04-23,805,N20,VIIRS,n,2,,308.95,5.7,D,0
26.66302,82.46503,,345.12,0.5,0.49,2025-04-23,805,N20,VIIRS,n,2,,312.34,6.5,D,0
27.08136,86.63169,,332.02,0.46,0.64,2025-04-23,805,N20,VIIRS,n,2,,303.7,6.18,D,0
27.36199,82.9866,,343.19,0.55,0.51,2025-04-23,805,N20,VIIRS,l,2,,314.39,6.42,D,0
27.76539,83.97585,,346.14,0.32,0.55,2025-04-23,805,N20,VIIRS,n,2,,305.56,5.09,D,0
28.37118,77.43231,,347.18,0.43,0.38,2025-04-23,806,N20,VIIRS,n,2,,321.32,8.78,D,0
28.68621,68.11951,,367,0.43,0.46,2025-04-23,806,N20,VIIRS,h,2,,323.73,7.77,D,0
29.04114,79.07567,,344.23,0.52,0.41,2025-04-23,806,N20,VIIRS,n,2,,315.77,8.96,D,0
29.97096,76.36308,,343.51,0.41,0.37,2025-04-23,806,N20,VIIRS,l,2,,318.18,9.97,D,0
32.02702,73.89007,,353.88,0.38,0.36,2025-04-23,807,N20,VIIRS,n,2,,319.83,26.6,D,0
29.72004,78.98595,,305.13,0.39,0.36,2025-04-23,2030,N20,VIIRS,n,2,,291.67,0.35,N,0
31.24224,70.07861,,308.39,0.56,0.51,2025-04-23,2030,N20,VIIRS,n,2,,290.08,1.4,N,0
25.016,84.16037,,311.96,0.49,0.49,2025-04-23,2031,N20,VIIRS,n,2,,291.94,1.79,N,0
25.16717,83.80826,,311.07,0.47,0.48,2025-04-23,2031,N20,VIIRS,n,2,,291.15,1.03,N,0
25.28837,83.92805,,303.53,0.47,0.48,2025-04-23,2031,N20,VIIRS,n,2,,292.03,0.66,N,0
26.07979,78.17041,,314.97,0.39,0.36,2025-04-23,2031,N20,VIIRS,n,2,,295.01,0.86,N,0
26.45166,83.93375,,303.59,0.45,0.47,2025-04-23,2031,N20,VIIRS,n,2,,292.73,1.01,N,0
26.80048,82.94579,,306.02,0.39,0.44,2025-04-23,2031,N20,VIIRS,n,2,,293.73,0.51,N,0
26.98952,83.18291,,316.27,0.4,0.44,2025-04-23,2031,N20,VIIRS,n,2,,292.84,1.06,N,0
27.18664,82.97076,,306.72,0.39,0.44,2025-04-23,2031,N20,VIIRS,n,2,,293.23,0.69,N,0
27.43096,83.00512,,324.96,0.38,0.43,2025-04-23,2031,N20,VIIRS,n,2,,294.5,1.47,N,0
28.07144,77.85995,,305.09,0.38,0.36,2025-04-23,2031,N20,VIIRS,n,2,,292.63,0.71,N,0
28.91062,80.73019,,304.88,0.43,0.38,2025-04-23,2031,N20,VIIRS,n,2,,290.74,0.42,N,0
20.97547,85.17268,,311.58,0.34,0.56,2025-04-23,2032,N20,VIIRS,n,2,,297.83,1.38,N,2
22.19082,83.71421,,308.61,0.53,0.5,2025-04-23,2032,N20,VIIRS,n,2,,296.69,1.98,N,0
22.39261,78.39889,,315.91,0.42,0.37,2025-04-23,2032,N20,VIIRS,n,2,,298.57,2.83,N,0
22.52623,79.28428,,304.76,0.45,0.39,2025-04-23,2032,N20,VIIRS,n,2,,291.88,0.99,N,0
22.73004,81.0798,,307.5,0.54,0.42,2025-04-23,2032,N20,VIIRS,n,2,,292.52,1.41,N,0
22.96,75.91512,,299.23,0.39,0.36,2025-04-23,2032,N20,VIIRS,n,2,,288.63,0.54,N,0
23.14151,76.26012,,308.18,0.38,0.36,2025-04-23,2032,N20,VIIRS,n,2,,290.62,0.73,N,0
23.27747,80.29907,,317.42,0.48,0.4,2025-04-23,2032,N20,VIIRS,n,2,,297.21,1.86,N,0
23.42901,77.89317,,302.83,0.4,0.37,2025-04-23,2032,N20,VIIRS,n,2,,291.53,0.68,N,0
23.51055,77.6291,,302.42,0.39,0.36,2025-04-23,2032,N20,VIIRS,n,2,,291.22,0.74,N,0
23.59412,76.90452,,301.61,0.38,0.36,2025-04-23,2032,N20,VIIRS,n,2,,290.64,0.55,N,0
23.63338,77.629,,327.47,0.39,0.36,2025-04-23,2032,N20,VIIRS,n,2,,288.85,1.19,N,0
23.68056,86.39338,,311.48,0.36,0.58,2025-04-23,2032,N20,VIIRS,n,2,,297.41,1.61,N,2
23.74547,77.44286,,307.6,0.39,0.36,2025-04-23,2032,N20,VIIRS,n,2,,293.22,0.84,N,0
23.79862,75.58486,,321.92,0.39,0.36,2025-04-23,2032,N20,VIIRS,n,2,,289.63,1.9,N,0
23.96529,78.01059,,316.29,0.4,0.37,2025-04-23,2032,N20,VIIRS,n,2,,289.2,1,N,0
24.11213,79.45857,,313.15,0.44,0.38,2025-04-23,2032,N20,VIIRS,n,2,,291.28,1.28,N,0
24.24972,80.38618,,320.28,0.47,0.4,2025-04-23,2032,N20,VIIRS,n,2,,296.49,2.06,N,0
24.38038,78.92448,,301.07,0.42,0.37,2025-04-23,2032,N20,VIIRS,n,2,,290.44,0.57,N,0
24.52942,77.41864,,301.48,0.39,0.36,2025-04-23,2032,N20,VIIRS,n,2,,287.51,0.61,N,0
24.66462,77.42393,,304.23,0.39,0.36,2025-04-23,2032,N20,VIIRS,n,2,,288.6,0.77,N,0
24.80195,76.9064,,310.88,0.38,0.36,2025-04-23,2032,N20,VIIRS,n,2,,290.75,0.63,N,0
24.91955,76.4785,,305.88,0.39,0.36,2025-04-23,2032,N20,VIIRS,n,2,,290.75,1.3,N,0
25.04845,80.68233,,331.71,0.48,0.4,2025-04-23,2032,N20,VIIRS,n,2,,300.02,3.23,N,0
25.28386,73.64173,,316.18,0.46,0.39,2025-04-23,2032,N20,VIIRS,n,2,,299.11,1.62,N,0
25.56517,78.94028,,307.48,0.41,0.37,2025-04-23,2032,N20,VIIRS,n,2,,288.73,0.51,N,0
25.78484,76.64308,,310.01,0.39,0.36,2025-04-23,2032,N20,VIIRS,n,2,,290.83,0.97,N,0
19.39384,73.89925,,312.38,0.4,0.37,2025-04-23,2033,N20,VIIRS,n,2,,295.07,1.81,N,0
20.40516,75.22791,,312.16,0.39,0.36,2025-04-23,2033,N20,VIIRS,n,2,,297.13,1.73,N,0
21.27371,78.63985,,318.29,0.43,0.38,2025-04-23,2033,N20,VIIRS,n,2,,295.71,2.61,N,0
21.51457,77.06709,,336.53,0.39,0.36,2025-04-23,2033,N20,VIIRS,n,2,,296.25,3.45,N,0
21.91275,78.9607,,309.4,0.44,0.38,2025-04-23,2033,N20,VIIRS,n,2,,289.8,0.98,N,0
22.37534,75.85104,,313.6,0.38,0.36,2025-04-23,2033,N20,VIIRS,n,2,,296.57,1.77,N,0
17.99396,79.69791,,306.01,0.54,0.42,2025-04-23,2034,N20,VIIRS,n,2,,294.57,1.12,N,0
9.53561,78.06649,,334.57,0.44,0.46,2025-04-24,742,N20,VIIRS,n,2,,301.57,5.69,D,0
13.79833,76.93089,,338.35,0.45,0.47,2025-04-24,743,N20,VIIRS,n,2,,305.84,2.56,D,0
15.40486,78.73099,,332.06,0.5,0.41,2025-04-24,743,N20,VIIRS,l,2,,306.26,2.31,D,0
16.30841,80.70676,,341.81,0.4,0.37,2025-04-24,743,N20,VIIRS,l,2,,311.48,5.38,D,0
17.56981,81.43577,,330.42,0.39,0.36,2025-04-24,744,N20,VIIRS,l,2,,304.53,1.46,D,0
18.09428,74.96275,,334.85,0.5,0.49,2025-04-24,744,N20,VIIRS,n,2,,304.75,3.49,D,0
18.41969,82.44431,,346.06,0.39,0.36,2025-04-24,744,N20,VIIRS,n,2,,310.14,5.74,D,0
18.77872,83.11206,,332.38,0.4,0.37,2025-04-24,744,N20,VIIRS,l,2,,304.75,1.1,D,0
19.09778,82.16756,,341.41,0.39,0.36,2025-04-24,744,N20,VIIRS,l,2,,313.77,6.43,D,2
19.25236,80.5635,,342.02,0.39,0.36,2025-04-24,744,N20,VIIRS,l,2,,313.91,8.35,D,0
19.3867,81.05336,,352.71,0.39,0.36,2025-04-24,744,N20,VIIRS,n,2,,312.1,4.54,D,0
19.52124,80.95476,,335.06,0.39,0.36,2025-04-24,744,N20,VIIRS,l,2,,309.05,1.94,D,0
19.606,83.02103,,341.89,0.4,0.37,2025-04-24,744,N20,VIIRS,l,2,,312.25,7.85,D,0
19.74649,80.98232,,338.49,0.39,0.36,2025-04-24,744,N20,VIIRS,l,2,,308.16,3.46,D,0
19.93386,79.92953,,345.41,0.4,0.37,2025-04-24,744,N20,VIIRS,l,2,,316.58,6.81,D,0
20.74149,84.52555,,343.89,0.46,0.39,2025-04-24,744,N20,VIIRS,n,2,,313.58,8.01,D,0
20.77445,81.62036,,352.14,0.38,0.36,2025-04-24,745,N20,VIIRS,n,2,,326.72,7.06,D,0
21.24028,78.55113,,367,0.43,0.38,2025-04-24,745,N20,VIIRS,l,2,,333.84,50.18,D,0
21.45961,85.49818,,331.02,0.52,0.41,2025-04-24,745,N20,VIIRS,n,2,,303.91,87.3,D,0
21.60989,85.229,,344.04,0.5,0.41,2025-04-24,745,N20,VIIRS,l,2,,315.45,29.35,D,0
21.85107,79.32839,,349.9,0.4,0.37,2025-04-24,745,N20,VIIRS,l,2,,324.8,14.52,D,0
22.02439,77.32787,,352.71,0.48,0.4,2025-04-24,745,N20,VIIRS,n,2,,318.23,8.73,D,0
22.22174,78.86884,,367,0.41,0.37,2025-04-24,745,N20,VIIRS,h,2,,327.71,6.05,D,0
22.45452,80.33608,,367,0.39,0.36,2025-04-24,745,N20,VIIRS,l,2,,327.41,4.39,D,0
22.59332,79.20242,,353.08,0.4,0.37,2025-04-24,745,N20,VIIRS,n,2,,327.07,2.04,D,0
22.81322,81.68011,,367,0.39,0.36,2025-04-24,745,N20,VIIRS,l,2,,335.02,51.21,D,0
23.03155,82.73963,,367,0.41,0.37,2025-04-24,745,N20,VIIRS,l,2,,326.93,15.4,D,0
23.22563,79.16673,,367,0.4,0.37,2025-04-24,745,N20,VIIRS,l,2,,326.64,6.96,D,0
23.38175,80.508,,352.13,0.38,0.36,2025-04-24,745,N20,VIIRS,l,2,,326.47,3.83,D,0
23.53336,79.32676,,367,0.4,0.37,2025-04-24,745,N20,VIIRS,l,2,,325.88,26.98,D,0
23.63674,80.46588,,367,0.38,0.36,2025-04-24,745,N20,VIIRS,h,2,,322.47,11.39,D,0
23.70106,79.91204,,367,0.39,0.36,2025-04-24,745,N20,VIIRS,l,2,,340.91,45.11,D,0
24.08118,81.2562,,352.44,0.39,0.36,2025-04-24,745,N20,VIIRS,l,2,,325.74,16.91,D,0
23.52916,68.75902,,348.34,0.49,0.65,2025-04-24,746,N20,VIIRS,n,2,,320.18,7.32,D,0
23.89581,77.65275,,367,0.44,0.38,2025-04-24,746,N20,VIIRS,l,2,,325.64,8.48,D,0
24.11911,80.37419,,367,0.38,0.36,2025-04-24,746,N20,VIIRS,l,2,,325.12,13.87,D,0
24.1925,80.16469,,367,0.38,0.36,2025-04-24,746,N20,VIIRS,l,2,,332.06,7.28,D,0
24.25269,76.91672,,367,0.47,0.39,2025-04-24,746,N20,VIIRS,l,2,,327.25,1.08,D,0
24.38236,78.95101,,353.92,0.4,0.37,2025-04-24,746,N20,VIIRS,l,2,,331.79,37.09,D,0
24.57278,77.42279,,355,0.44,0.38,2025-04-24,746,N20,VIIRS,n,2,,327.54,3.13,D,0
24.75542,76.24514,,367,0.49,0.41,2025-04-24,746,N20,VIIRS,l,2,,328.08,5.87,D,0
24.91216,78.92141,,367,0.4,0.37,2025-04-24,746,N20,VIIRS,l,2,,329.3,13.37,D,0
24.95111,81.17124,,355.09,0.39,0.36,2025-04-24,746,N20,VIIRS,l,2,,326.32,18.46,D,0
25.03865,80.54689,,355.24,0.38,0.36,2025-04-24,746,N20,VIIRS,l,2,,327.78,7.35,D,0
25.17357,84.00146,,350.29,0.48,0.4,2025-04-24,746,N20,VIIRS,l,2,,322.56,6.38,D,0
25.25363,84.2019,,345.31,0.49,0.4,2025-04-24,746,N20,VIIRS,l,2,,319.25,14.06,D,0
25.32118,76.32985,,350.9,0.48,0.4,2025-04-24,746,N20,VIIRS,l,2,,329.53,15.24,D,0
25.49795,77.81714,,352.91,0.42,0.38,2025-04-24,746,N20,VIIRS,l,2,,334.89,10.85,D,0
25.67477,79.5264,,367,0.39,0.36,2025-04-24,746,N20,VIIRS,h,2,,335.75,26.92,D,0
25.8081,77.81911,,353.81,0.42,0.37,2025-04-24,746,N20,VIIRS,l,2,,327.75,16.61,D,0
25.94056,84.09708,,355.72,0.49,0.41,2025-04-24,746,N20,VIIRS,l,2,,326.44,28.6,D,0
26.19481,83.89305,,352.71,0.49,0.4,2025-04-24,746,N20,VIIRS,l,2,,327.4,37.43,D,0
26.41412,83.48193,,351.3,0.47,0.4,2025-04-24,746,N20,VIIRS,l,2,,323.42,14.71,D,0
26.6402,82.53808,,349.46,0.43,0.38,2025-04-24,746,N20,VIIRS,l,2,,320.64,10.3,D,0
27.26291,83.16207,,349.05,0.46,0.39,2025-04-24,746,N20,VIIRS,l,2,,320.11,11.8,D,0
27.49204,82.73692,,349.17,0.45,0.39,2025-04-24,746,N20,VIIRS,l,2,,322.74,22.69,D,0
27.67748,77.45907,,344.87,0.41,0.37,2025-04-24,747,N20,VIIRS,l,2,,317.02,7.71,D,0
28.65741,76.50689,,367,0.43,0.38,2025-04-24,747,N20,VIIRS,l,2,,325.62,2.87,D,0
29.10896,70.59702,,344.78,0.57,0.52,2025-04-24,747,N20,VIIRS,l,2,,315.76,23.16,D,0
29.6778,80.14322,,341.26,0.39,0.36,2025-04-24,747,N20,VIIRS,n,2,,307.48,3.15,D,0
29.46659,70.5859,,355.36,0.56,0.51,2025-04-24,748,N20,VIIRS,n,2,,316.9,13.21,D,0
30.74422,72.82947,,339.88,0.39,0.44,2025-04-24,748,N20,VIIRS,l,2,,310.1,7.21,D,0
33.36706,70.36635,,346.6,0.47,0.48,2025-04-24,749,N20,VIIRS,n,2,,312.42,4.63,D,0
32.85534,73.81715,,301.31,0.33,0.55,2025-04-24,2011,N20,VIIRS,n,2,,291.31,0.79,N,0
26.41634,83.80853,,315.23,0.4,0.37,2025-04-24,2012,N20,VIIRS,n,2,,291.85,0.65,N,0
26.625,83.17353,,304.32,0.39,0.36,2025-04-24,2012,N20,VIIRS,n,2,,292.75,0.56,N,0
27.01878,86.85439,,306.72,0.52,0.42,2025-04-24,2012,N20,VIIRS,n,2,,292.98,1.17,N,0
27.29479,85.10358,,319.83,0.44,0.38,2025-04-24,2012,N20,VIIRS,n,2,,296.93,3.04,N,0
27.64812,84.61823,,307.57,0.42,0.37,2025-04-24,2012,N20,VIIRS,n,2,,294.62,0.91,N,0
27.85674,84.63566,,319.16,0.42,0.37,2025-04-24,2012,N20,VIIRS,n,2,,294.05,1.26,N,0
28.22354,76.84097,,304.58,0.39,0.44,2025-04-24,2012,N20,VIIRS,n,2,,292.36,0.94,N,0
28.64619,76.35095,,349.62,0.42,0.45,2025-04-24,2012,N20,VIIRS,n,2,,294.24,4.58,N,0
28.85023,80.68702,,310.35,0.41,0.37,2025-04-24,2012,N20,VIIRS,n,2,,298.55,2.5,N,0
29.12668,80.7626,,310.49,0.41,0.37,2025-04-24,2012,N20,VIIRS,n,2,,288.7,0.9,N,0
29.54357,79.92379,,305.45,0.44,0.38,2025-04-24,2012,N20,VIIRS,n,2,,291.36,0.73,N,0
29.93316,74.99364,,300.48,0.53,0.5,2025-04-24,2012,N20,VIIRS,n,2,,289.83,0.58,N,0
22.52679,83.25719,,316.21,0.42,0.38,2025-04-24,2013,N20,VIIRS,n,2,,300.34,2.68,N,0
22.66758,80.9979,,305.25,0.38,0.36,2025-04-24,2013,N20,VIIRS,n,2,,293.52,1.23,N,0
22.84056,81.06695,,324.62,0.38,0.36,2025-04-24,2013,N20,VIIRS,n,2,,297.43,2.07,N,0
23.01994,83.99082,,304.05,0.44,0.38,2025-04-24,2013,N20,VIIRS,n,2,,292.44,1.97,N,0
23.1381,81.16576,,308.55,0.38,0.36,2025-04-24,2013,N20,VIIRS,n,2,,295.79,0.84,N,0
23.21727,80.89739,,311.78,0.38,0.36,2025-04-24,2013,N20,VIIRS,n,2,,296.01,1.95,N,0
23.32471,80.41986,,308.81,0.39,0.36,2025-04-24,2013,N20,VIIRS,n,2,,295.21,0.93,N,0
23.43996,75.38655,,312.19,0.42,0.45,2025-04-24,2013,N20,VIIRS,n,2,,292.18,1.12,N,0
23.50905,78.30494,,299.49,0.44,0.39,2025-04-24,2013,N20,VIIRS,n,2,,288.59,0.56,N,0
23.60135,80.41009,,317.32,0.39,0.36,2025-04-24,2013,N20,VIIRS,n,2,,299.69,1.99,N,0
23.67504,76.21896,,310.44,0.56,0.43,2025-04-24,2013,N20,VIIRS,n,2,,291.74,1.14,N,0
23.74382,85.50623,,305.53,0.5,0.41,2025-04-24,2013,N20,VIIRS,n,2,,293.75,1.33,N,2
23.81402,79.33045,,329.7,0.41,0.37,2025-04-24,2013,N20,VIIRS,n,2,,292.06,2.19,N,0
23.88741,82.88893,,307.49,0.4,0.37,2025-04-24,2013,N20,VIIRS,n,2,,292.58,0.58,N,0
24.04604,80.56884,,333.41,0.39,0.36,2025-04-24,2013,N20,VIIRS,n,2,,300.41,4.43,N,0
24.15939,77.49565,,307.88,0.49,0.4,2025-04-24,2013,N20,VIIRS,n,2,,291.28,2.47,N,0
24.24254,81.14888,,326.59,0.38,0.36,2025-04-24,2013,N20,VIIRS,n,2,,300.04,5.05,N,0
24.3329,77.45653,,307.27,0.49,0.4,2025-04-24,2013,N20,VIIRS,n,2,,291.92,1.17,N,0
24.44377,78.35552,,312.03,0.45,0.39,2025-04-24,2013,N20,VIIRS,n,2,,294.58,1.35,N,0
24.53048,77.48105,,309.54,0.49,0.41,2025-04-24,2013,N20,VIIRS,n,2,,289.61,1.44,N,0
24.65267,80.71262,,324.93,0.39,0.36,2025-04-24,2013,N20,VIIRS,n,2,,290.91,1.91,N,0
24.78185,77.49991,,302.03,0.5,0.41,2025-04-24,2013,N20,VIIRS,n,2,,291.35,0.76,N,0
24.89854,77.13171,,313.36,0.52,0.41,2025-04-24,2013,N20,VIIRS,n,2,,292.13,1.14,N,0
24.95751,83.9721,,306.55,0.42,0.38,2025-04-24,2013,N20,VIIRS,n,2,,292.01,1.69,N,0
25.05706,80.66573,,309.2,0.39,0.36,2025-04-24,2013,N20,VIIRS,n,2,,297.09,1.84,N,0
25.1215,77.62577,,302.11,0.49,0.41,2025-04-24,2013,N20,VIIRS,n,2,,291.06,1.02,N,0
25.18087,83.70049,,329.82,0.41,0.37,2025-04-24,2013,N20,VIIRS,n,2,,292.82,2.43,N,0
25.24187,83.87629,,307.16,0.41,0.37,2025-04-24,2013,N20,VIIRS,n,2,,290.77,0.82,N,0
25.35067,83.7765,,336.92,0.41,0.37,2025-04-24,2013,N20,VIIRS,n,2,,292.98,2.13,N,0
25.51659,79.67832,,304.33,0.41,0.37,2025-04-24,2013,N20,VIIRS,n,2,,292.82,0.49,N,0
25.7881,77.71257,,309.3,0.5,0.41,2025-04-24,2013,N20,VIIRS,n,2,,294.46,1.74,N,0
19.49735,80.07275,,313.88,0.38,0.36,2025-04-24,2014,N20,VIIRS,n,2,,298.48,0.75,N,0
20.38428,78.41755,,312.86,0.41,0.37,2025-04-24,2014,N20,VIIRS,n,2,,299.5,2.33,N,0
21.2288,78.52787,,310.68,0.42,0.37,2025-04-24,2014,N20,VIIRS,n,2,,297.61,2.83,N,0
21.60342,80.62817,,307.4,0.38,0.36,2025-04-24,2014,N20,VIIRS,n,2,,295.12,1.02,N,0
21.91547,80.45973,,308.44,0.39,0.36,2025-04-24,2014,N20,VIIRS,n,2,,298.23,2.06,N,0
22.13156,78.84148,,308.59,0.41,0.37,2025-04-24,2014,N20,VIIRS,n,2,,295.13,1.44,N,0
22.32306,79.76971,,306.34,0.39,0.36,2025-04-24,2014,N20,VIIRS,n,2,,291.53,0.83,N,0
22.46464,80.94709,,302.9,0.38,0.36,2025-04-24,2014,N20,VIIRS,n,2,,291.45,0.38,N,0
22.61604,79.59917,,314.36,0.4,0.37,2025-04-24,2014,N20,VIIRS,n,2,,290.96,0.81,N,0
16.1321,79.05083,,317.03,0.39,0.36,2025-04-24,2015,N20,VIIRS,n,2,,297.17,2.06,N,0
14.83082,78.76412,,311.41,0.39,0.36,2025-04-24,2016,N20,VIIRS,n,2,,298.64,0.76,N,0
34.67783,72.27068,,299.21,0.48,0.65,2025-04-24,2151,N20,VIIRS,n,2,,287.46,0.41,N,0
13.11633,78.23845,,330.58,0.39,0.59,2025-04-25,724,N20,VIIRS,l,2,,304.32,1.43,D,0
15.27089,77.90629,,332.54,0.37,0.58,2025-04-25,725,N20,VIIRS,l,2,,303.93,2.1,D,0
16.52975,78.28529,,331.83,0.33,0.56,2025-04-25,725,N20,VIIRS,l,2,,303.43,1.78,D,0
17.43846,81.20225,,338.59,0.42,0.45,2025-04-25,725,N20,VIIRS,n,2,,303.42,0.95,D,0
18.08781,83.49016,,334.35,0.46,0.39,2025-04-25,725,N20,VIIRS,l,2,,306.25,3.08,D,0
18.63659,78.15765,,340.65,0.62,0.54,2025-04-25,725,N20,VIIRS,n,2,,304.09,4.87,D,0
19.18919,82.91861,,338.05,0.47,0.4,2025-04-25,725,N20,VIIRS,l,2,,312.84,9.55,D,0
19.34402,80.74603,,336.94,0.41,0.45,2025-04-25,725,N20,VIIRS,n,2,,301.58,2.42,D,0
19.85553,83.39101,,340.12,0.44,0.39,2025-04-25,725,N20,VIIRS,l,2,,312.83,3.71,D,0
19.46179,78.62061,,337.54,0.56,0.51,2025-04-25,726,N20,VIIRS,l,2,,312.24,18.16,D,0
19.66431,81.02751,,336.53,0.39,0.44,2025-04-25,726,N20,VIIRS,l,2,,307.48,4.63,D,0
20.14941,79.90108,,344.79,0.45,0.47,2025-04-25,726,N20,VIIRS,n,2,,314.38,11.53,D,0
20.80495,85.25696,,340.14,0.39,0.36,2025-04-25,726,N20,VIIRS,l,2,,313.86,5.15,D,2
21.42966,77.68488,,342.74,0.59,0.53,2025-04-25,726,N20,VIIRS,n,2,,312.09,9.67,D,0
21.91875,76.55402,,339.44,0.34,0.56,2025-04-25,726,N20,VIIRS,n,2,,311.33,3.56,D,0
22.30213,80.29113,,341.83,0.39,0.44,2025-04-25,726,N20,VIIRS,l,2,,315.24,8.07,D,0
22.59622,81.69827,,342.92,0.49,0.4,2025-04-25,726,N20,VIIRS,l,2,,317.32,12.08,D,0
23.08164,83.69998,,343.64,0.41,0.37,2025-04-25,726,N20,VIIRS,l,2,,315.02,9.78,D,0
23.67421,84.68505,,345.55,0.39,0.36,2025-04-25,726,N20,VIIRS,n,2,,319.48,5.05,D,0
23.15325,80.05495,,344.13,0.39,0.44,2025-04-25,727,N20,VIIRS,l,2,,317.94,7.14,D,0
23.49698,75.97184,,345.28,0.34,0.56,2025-04-25,727,N20,VIIRS,n,2,,314.91,5.41,D,0
23.69023,83.82456,,344.85,0.4,0.37,2025-04-25,727,N20,VIIRS,n,2,,317.96,6.02,D,0
23.9089,82.91457,,352.11,0.42,0.38,2025-04-25,727,N20,VIIRS,l,2,,326.83,12.98,D,0
24.14409,80.15092,,367,0.56,0.43,2025-04-25,727,N20,VIIRS,l,2,,325.43,17.3,D,0
24.32397,83.01824,,348.16,0.41,0.37,2025-04-25,727,N20,VIIRS,l,2,,321.92,7.85,D,0
24.4243,83.98238,,346.56,0.39,0.36,2025-04-25,727,N20,VIIRS,l,2,,320.85,5.97,D,0
24.58764,77.93153,,354.2,0.49,0.49,2025-04-25,727,N20,VIIRS,l,2,,324.88,25.22,D,0
24.67366,77.74824,,350.74,0.5,0.49,2025-04-25,727,N20,VIIRS,l,2,,324.93,9.72,D,0
24.8598,77.87587,,346.05,0.49,0.49,2025-04-25,727,N20,VIIRS,l,2,,320.83,6.95,D,0
24.95165,80.43305,,347.46,0.52,0.42,2025-04-25,727,N20,VIIRS,l,2,,318.82,3.88,D,0
25.05409,76.2879,,346.81,0.61,0.53,2025-04-25,727,N20,VIIRS,l,2,,321.01,59.74,D,0
25.20176,83.56625,,367,0.4,0.37,2025-04-25,727,N20,VIIRS,l,2,,326.24,1.47,D,0
25.31368,83.60502,,367,0.4,0.37,2025-04-25,727,N20,VIIRS,l,2,,325.01,17.97,D,0
25.48543,84.06327,,367,0.39,0.36,2025-04-25,727,N20,VIIRS,l,2,,325.46,5.22,D,0
25.68465,76.6041,,348.07,0.56,0.52,2025-04-25,727,N20,VIIRS,l,2,,322.27,15.28,D,0
25.84294,78.08162,,352.67,0.45,0.47,2025-04-25,727,N20,VIIRS,l,2,,328.63,42.92,D,0
26.0289,78.1989,,355.46,0.44,0.46,2025-04-25,727,N20,VIIRS,n,2,,321.41,18.64,D,0
26.62482,83.34879,,355.44,0.39,0.36,2025-04-25,727,N20,VIIRS,l,2,,321.41,11.92,D,0
27.13562,87.21582,,340.68,0.43,0.38,2025-04-25,727,N20,VIIRS,n,2,,305.14,2.51,D,0
27.50676,85.64561,,337.47,0.39,0.37,2025-04-25,727,N20,VIIRS,n,2,,304.22,1.81,D,0
27.74875,68.99152,,352.9,0.73,0.76,2025-04-25,728,N20,VIIRS,n,2,,312.79,11.8,D,0
28.01301,84.78613,,336.46,0.39,0.36,2025-04-25,728,N20,VIIRS,l,2,,307.45,3.3,D,0
28.49782,76.4911,,347.27,0.5,0.49,2025-04-25,728,N20,VIIRS,l,2,,322.1,14.98,D,0
28.91103,80.70855,,333.7,0.45,0.39,2025-04-25,728,N20,VIIRS,l,2,,305.64,4.35,D,0
29.29237,79.6817,,338.85,0.49,0.4,2025-04-25,728,N20,VIIRS,l,2,,311.28,3.55,D,0
28.79627,71.1116,,344.71,0.51,0.66,2025-04-25,729,N20,VIIRS,l,2,,317.61,6.9,D,0
29.59628,72.82883,,343.19,0.39,0.59,2025-04-25,729,N20,VIIRS,l,2,,314.97,3.85,D,0
30.10866,70.82187,,367,0.5,0.66,2025-04-25,729,N20,VIIRS,h,2,,313.72,12.05,D,0
31.02343,76.80441,,337.96,0.43,0.46,2025-04-25,729,N20,VIIRS,l,2,,310.69,17.46,D,0
32.16396,73.97292,,342.02,0.58,0.52,2025-04-25,729,N20,VIIRS,n,2,,309.5,7.74,D,0
23.13537,68.97967,,336.24,0.32,0.55,2025-04-25,907,N20,VIIRS,l,2,,308.78,1.06,D,0
29.0299,71.88519,,353.42,0.57,0.69,2025-04-25,909,N20,VIIRS,n,2,,318.42,14.39,D,0
30.21364,68.77428,,346.55,0.38,0.58,2025-04-25,909,N20,VIIRS,n,2,,314.46,3.34,D,0
31.18994,76.83032,,304.46,0.41,0.6,2025-04-25,1952,N20,VIIRS,n,2,,293.78,1.57,N,0
26.69592,83.80836,,309.44,0.44,0.39,2025-04-25,1953,N20,VIIRS,n,2,,293.52,0.82,N,0
27.13298,82.77351,,305.33,0.5,0.41,2025-04-25,1953,N20,VIIRS,n,2,,291.93,0.71,N,0
27.32202,87.27703,,302.54,0.38,0.36,2025-04-25,1953,N20,VIIRS,n,2,,290.24,0.29,N,0
27.6878,83.61314,,320.15,0.46,0.39,2025-04-25,1953,N20,VIIRS,n,2,,298.12,3.72,N,0
27.92078,75.74557,,310.53,0.44,0.62,2025-04-25,1953,N20,VIIRS,n,2,,295.77,4.6,N,0
28.3278,81.35929,,312.56,0.41,0.45,2025-04-25,1953,N20,VIIRS,n,2,,293.05,1.1,N,0
28.81959,80.99855,,311.81,0.43,0.46,2025-04-25,1953,N20,VIIRS,n,2,,294.31,1.05,N,0
29.12703,81.21082,,319.69,0.42,0.45,2025-04-25,1953,N20,VIIRS,n,2,,292.39,1.26,N,0
29.56306,79.1987,,312.05,0.56,0.52,2025-04-25,1953,N20,VIIRS,n,2,,294.56,2.18,N,0
30.35182,77.51424,,318.07,0.36,0.58,2025-04-25,1953,N20,VIIRS,n,2,,296.78,1.76,N,0
23.14373,83.77367,,305.18,0.42,0.37,2025-04-25,1954,N20,VIIRS,n,2,,293.57,1.15,N,0
23.51588,82.24825,,309.42,0.48,0.4,2025-04-25,1954,N20,VIIRS,n,2,,297.43,2.29,N,0
23.60253,84.25494,,331.12,0.41,0.37,2025-04-25,1954,N20,VIIRS,n,2,,298,2,N,0
23.6769,86.39605,,312.36,0.38,0.36,2025-04-25,1954,N20,VIIRS,n,2,,302.23,1.72,N,2
23.77344,86.36679,,326.34,0.38,0.36,2025-04-25,1954,N20,VIIRS,n,2,,302.25,3.26,N,2
23.86289,79.20546,,314.32,0.48,0.48,2025-04-25,1954,N20,VIIRS,n,2,,290.85,1.73,N,0
24.08974,77.99073,,305.45,0.58,0.52,2025-04-25,1954,N20,VIIRS,n,2,,294.15,1.34,N,0
24.25207,81.16099,,317.77,0.56,0.43,2025-04-25,1954,N20,VIIRS,n,2,,299.48,5.01,N,0
24.45183,77.703,,315.63,0.61,0.53,2025-04-25,1954,N20,VIIRS,n,2,,295.06,3.23,N,0
24.56537,77.71101,,310.53,0.61,0.53,2025-04-25,1954,N20,VIIRS,n,2,,294.46,1.92,N,0
24.69632,77.52374,,315.43,0.63,0.54,2025-04-25,1954,N20,VIIRS,n,2,,291.51,1.28,N,0
24.86268,79.89494,,309.04,0.45,0.47,2025-04-25,1954,N20,VIIRS,n,2,,293.28,1.55,N,0
24.94383,81.30558,,324.72,0.56,0.43,2025-04-25,1954,N20,VIIRS,n,2,,300.05,3.63,N,0
25.05933,80.54282,,316.04,0.41,0.45,2025-04-25,1954,N20,VIIRS,n,2,,299.4,2.58,N,0
25.14748,83.99314,,302.23,0.42,0.38,2025-04-25,1954,N20,VIIRS,n,2,,292.21,0.7,N,0
25.23344,84.37319,,316.82,0.41,0.37,2025-04-25,1954,N20,VIIRS,n,2,,292.64,1.32,N,0
25.33055,83.42445,,304.93,0.45,0.39,2025-04-25,1954,N20,VIIRS,n,2,,292.95,0.76,N,0
25.45683,76.46083,,306.32,0.37,0.58,2025-04-25,1954,N20,VIIRS,n,2,,290.56,0.43,N,0
25.85441,82.90567,,323.19,0.47,0.4,2025-04-25,1954,N20,VIIRS,n,2,,292.54,1.57,N,0
26.33128,83.83756,,312.59,0.44,0.38,2025-04-25,1954,N20,VIIRS,n,2,,292.11,1.13,N,0
20.11396,79.02652,,314.29,0.44,0.46,2025-04-25,1955,N20,VIIRS,n,2,,297.87,5.51,N,0
21.27799,79.38451,,317.92,0.43,0.46,2025-04-25,1955,N20,VIIRS,n,2,,274.74,5.26,N,0
21.92923,85.2225,,316.53,0.39,0.36,2025-04-25,1955,N20,VIIRS,n,2,,297.72,1.86,N,2
22.31388,83.24017,,312.21,0.43,0.38,2025-04-25,1955,N20,VIIRS,n,2,,298.48,2.24,N,0
22.69649,81.28091,,310.2,0.53,0.42,2025-04-25,1955,N20,VIIRS,n,2,,294.76,1.46,N,0
23.0249,81.05244,,310,0.55,0.42,2025-04-25,1955,N20,VIIRS,n,2,,295.58,2.42,N,0
23.72998,75.49403,,333.66,0.41,0.61,2025-04-25,1955,N20,VIIRS,n,2,,291.25,3.53,N,0
33.4176,74.05227,,296.98,0.36,0.57,2025-04-25,2132,N20,VIIRS,n,2,,284.26,0.39,N,0
31.01688,76.81011,,309,0.58,0.7,2025-04-25,2133,N20,VIIRS,n,2,,295.8,5.78,N,0
29.6196,69.82679,,305.33,0.49,0.49,2025-04-25,2134,N20,VIIRS,n,2,,294.29,2.52,N,0
22.409,75.9252,333.2,,1,1,2025-04-21,432,Terra,MODIS,75,61.03,316,,13.7,D,0
23.5255,77.2227,329.4,,1,1,2025-04-21,432,Terra,MODIS,64,61.03,313.5,,11,D,0
24.5565,77.9528,331.4,,1,1,2025-04-21,432,Terra,MODIS,14,61.03,314.1,,10.7,D,0
18.5049,77.7716,329.1,,1.1,1.1,2025-04-21,433,Terra,MODIS,67,61.03,308.1,,15.2,D,0
19.5368,80.1288,326.3,,1.6,1.3,2025-04-21,845,Aqua,MODIS,57,61.03,306.9,,14.8,D,0
23.1536,75.8535,332,,2.8,1.6,2025-04-21,846,Aqua,MODIS,61,61.03,318.3,,46.4,D,0
24.3396,79.6692,338.5,,1.4,1.2,2025-04-21,846,Aqua,MODIS,77,61.03,322.2,,24.9,D,0
24.7078,75.3333,336,,2.8,1.6,2025-04-21,847,Aqua,MODIS,75,61.03,320.4,,64.3,D,0
25.885,76.6878,341.8,,2.1,1.4,2025-04-21,847,Aqua,MODIS,84,61.03,319.9,,72.7,D,0
27.176,84.7689,326,,1.1,1,2025-04-21,847,Aqua,MODIS,42,61.03,307.8,,9.1,D,0
22.0591,79.4276,312.7,,2.4,1.5,2025-04-21,1526,Terra,MODIS,82,61.03,294.4,,36.4,N,0
29.4708,70.3943,327.9,,1.1,1,2025-04-22,510,Terra,MODIS,66,61.03,314,,11.1,D,0
27.7765,69.0155,327.5,,1,1,2025-04-22,511,Terra,MODIS,55,61.03,316,,9.3,D,0
19.7959,79.5212,355.3,,1.5,1.2,2025-04-22,924,Aqua,MODIS,96,61.03,315.7,,90.9,D,0
22.414,75.9136,340.5,,1,1,2025-04-22,925,Aqua,MODIS,80,61.03,323,,16,D,0
23.5354,77.8652,357.4,,1.3,1.1,2025-04-22,925,Aqua,MODIS,98,61.03,322.7,,79.7,D,0
24.0441,73.3946,332.8,,1,1,2025-04-22,925,Aqua,MODIS,62,61.03,321.4,,8.1,D,0
24.6145,80.7676,341.8,,2.2,1.4,2025-04-22,925,Aqua,MODIS,77,61.03,318.7,,71,D,0
25.2911,76.9501,343.4,,1.2,1.1,2025-04-22,926,Aqua,MODIS,85,61.03,321.5,,32.3,D,0
26.4631,83.579,323.9,,3.7,1.8,2025-04-22,926,Aqua,MODIS,43,61.03,303.2,,49.7,D,0
31.3407,70.1714,337.2,,1.1,1,2025-04-22,927,Aqua,MODIS,79,61.03,318.6,,23.2,D,0
23.2977,78.0937,306.7,,1.1,1,2025-04-22,1606,Terra,MODIS,61,61.03,296.6,,6.3,N,0
23.734,77.556,305.2,,1,1,2025-04-22,1606,Terra,MODIS,57,61.03,294.6,,5.2,N,0
25.3506,79.2059,307.6,,1.3,1.1,2025-04-22,1606,Terra,MODIS,69,61.03,296.4,,8,N,0
22.4584,78.4571,308.5,,1,1,2025-04-22,2132,Aqua,MODIS,75,61.03,297.7,,6.6,N,0
25.4243,80.3394,327.8,,1.1,1,2025-04-23,412,Terra,MODIS,57,61.03,314.2,,9.4,D,0
26.9759,83.3543,325.3,,1,1,2025-04-23,412,Terra,MODIS,49,61.03,313.9,,6.5,D,0
22.8207,75.8554,342.2,,1.8,1.3,2025-04-23,413,Terra,MODIS,86,61.03,317.5,,65,D,0
24.1427,82.0615,324.9,,1,1,2025-04-23,413,Terra,MODIS,15,61.03,312.3,,7.3,D,0
21.1433,78.7197,336.4,,1.1,1.1,2025-04-23,414,Terra,MODIS,79,61.03,316.3,,19.7,D,0
22.4987,79.5662,332.3,,3.7,1.8,2025-04-23,826,Aqua,MODIS,70,61.03,316.2,,64.9,D,0
24.8998,83.9516,339.3,,1.6,1.2,2025-04-23,826,Aqua,MODIS,82,61.03,318.9,,40.4,D,0
25.8839,78.2072,329.9,,3.9,1.8,2025-04-23,827,Aqua,MODIS,50,61.03,317.2,,65.9,D,0
27.8168,84.7558,320.9,,1.3,1.1,2025-04-23,827,Aqua,MODIS,65,61.03,308.9,,9.4,D,0
28.6863,71.1154,313.6,,1.8,1.3,2025-04-23,1647,Terra,MODIS,87,61.03,293.6,,28.4,N,0
29.5288,70.3677,348.5,,1.2,1.1,2025-04-24,451,Terra,MODIS,92,61.03,317.8,,49.4,D,0
23.6227,77.6277,350,,1.9,1.3,2025-04-24,452,Terra,MODIS,93,61.03,321,,95.5,D,0
24.9708,77.6181,330,,1.8,1.3,2025-04-24,452,Terra,MODIS,64,61.03,319,,15.7,D,0
12.6929,77.1034,319.9,,1.7,1.3,2025-04-24,902,Aqua,MODIS,54,61.03,304.5,,13.1,D,0
19.0676,79.9767,340.9,,1,1,2025-04-24,904,Aqua,MODIS,85,61.03,312.6,,24.6,D,0
19.8937,83.4564,325,,1.3,1.1,2025-04-24,904,Aqua,MODIS,33,61.03,305.8,,10.4,D,0
21.5857,77.1441,334.4,,1.2,1.1,2025-04-24,904,Aqua,MODIS,74,61.03,302.3,,20.9,D,0
22.2675,79.7361,365.3,,1,1,2025-04-24,905,Aqua,MODIS,100,61.03,322.6,,78,D,0
22.7765,79.2438,334.4,,1,1,2025-04-24,905,Aqua,MODIS,64,61.03,322.1,,8.7,D,0
23.3202,82.6151,340.6,,1.2,1.1,2025-04-24,905,Aqua,MODIS,83,61.03,321.1,,31.4,D,0
23.538,79.3333,376.6,,1,1,2025-04-24,905,Aqua,MODIS,100,61.03,329.4,,111.5,D,0
23.7818,81.0633,345.9,,1.1,1,2025-04-24,905,Aqua,MODIS,88,61.03,320.7,,36.3,D,0
24.1106,79.9179,338.2,,1,1,2025-04-24,905,Aqua,MODIS,77,61.03,323.7,,14.2,D,0
24.3315,83.6618,332.7,,1.5,1.2,2025-04-24,905,Aqua,MODIS,31,61.03,318.1,,15.2,D,0
24.4724,79.8017,340.3,,1,1,2025-04-24,905,Aqua,MODIS,80,61.03,322.6,,17.3,D,0
24.747,77.0829,335.4,,1.1,1,2025-04-24,905,Aqua,MODIS,50,61.03,320.9,,12.7,D,0
24.9761,78.0638,334.6,,1,1,2025-04-24,905,Aqua,MODIS,68,61.03,324,,10.7,D,0
25.2589,76.455,333.5,,1.2,1.1,2025-04-24,905,Aqua,MODIS,65,61.03,322.5,,10.5,D,0
25.6015,79.6155,343.4,,1,1,2025-04-24,905,Aqua,MODIS,85,61.03,324.5,,24.3,D,0
25.777,76.5737,337.1,,1.1,1.1,2025-04-24,906,Aqua,MODIS,51,61.03,321.4,,13.6,D,0
26.1409,78.1238,337.6,,1,1,2025-04-24,906,Aqua,MODIS,76,61.03,322.6,,16.8,D,0
28.3024,77.613,336.9,,1,1,2025-04-24,906,Aqua,MODIS,77,61.03,319.9,,16.2,D,0
29.3254,76.3811,330.5,,1.1,1,2025-04-24,907,Aqua,MODIS,62,61.03,317.8,,10.2,D,0
32.7033,73.6312,331,,1.2,1.1,2025-04-24,908,Aqua,MODIS,76,61.03,314.7,,19.3,D,0
23.2572,75.7076,313.5,,1.8,1.3,2025-04-24,1547,Terra,MODIS,86,61.03,297.3,,23.8,N,0
24.2478,81.1496,316.1,,1,1,2025-04-24,1547,Terra,MODIS,92,61.03,300.8,,11.4,N,0
25.2191,84.1967,308.4,,1.3,1.1,2025-04-24,1547,Terra,MODIS,37,61.03,294.6,,9,N,0
24.0503,80.5768,308.3,,1.5,1.2,2025-04-24,2111,Aqua,MODIS,74,61.03,296.6,,14.1,N,0
25.5798,77.8765,327.8,,3.2,1.7,2025-04-25,353,Terra,MODIS,62,61.03,311.6,,55,D,0
30.342,70.622,323.9,,2.2,1.4,2025-04-25,530,Terra,MODIS,52,61.03,310.5,,19.5,D,0
24.3791,80.803,338.6,,4.8,2,2025-04-25,944,Aqua,MODIS,78,61.03,312.1,,226,D,0
28.4054,69.7619,337.8,,1,1,2025-04-25,945,Aqua,MODIS,0,61.03,322.1,,17.6,D,0
23.4347,75.3197,321.7,,1.4,1.2,2025-04-25,1626,Terra,MODIS,100,61.03,298.8,,27.4,N,0
29.2598,79.5053,311.1,,1.2,1.1,2025-04-25,2149,Aqua,MODIS,82,61.03,299.3,,9.9,N,0
16.31979,80.28094,,331.75,0.51,0.66,2025-04-26,706,N20,VIIRS,n,2,,291.68,2.31,D,0
18.7697,83.132,,340.04,0.6,0.53,2025-04-26,706,N20,VIIRS,n,2,,286.4,12.51,D,0
19.37998,83.01037,,332.95,0.59,0.53,2025-04-26,707,N20,VIIRS,n,2,,302.17,16.8,D,0
19.69029,84.13905,,342.24,0.49,0.49,2025-04-26,707,N20,VIIRS,n,2,,297.04,10.99,D,0
20.25781,82.33871,,349.71,0.63,0.54,2025-04-26,707,N20,VIIRS,n,2,,296.29,43.15,D,0
21.22199,79.43001,,367,0.46,0.64,2025-04-26,707,N20,VIIRS,h,2,,307.07,19.03,D,0
21.75945,83.84372,,340.08,0.47,0.48,2025-04-26,707,N20,VIIRS,n,2,,307.89,5.97,D,2
23.03628,89.73991,,335.98,0.39,0.36,2025-04-26,707,N20,VIIRS,n,2,,302.61,3.16,D,0
22.47565,76.65836,,335.78,0.65,0.73,2025-04-26,708,N20,VIIRS,n,2,,304.39,3.17,D,0
23.26226,75.93859,,367,0.69,0.74,2025-04-26,708,N20,VIIRS,h,2,,309.32,10.42,D,0
23.6094,75.7612,,367,0.69,0.75,2025-04-26,708,N20,VIIRS,h,2,,313.03,17.79,D,0
24.00691,78.02515,,340.52,0.49,0.65,2025-04-26,708,N20,VIIRS,n,2,,310.51,13.06,D,0
24.37482,78.26231,,367,0.47,0.64,2025-04-26,708,N20,VIIRS,h,2,,312.37,22.5,D,0
24.63226,77.41799,,343.72,0.52,0.67,2025-04-26,708,N20,VIIRS,l,2,,315.02,7.03,D,0
24.84617,76.99738,,353.69,0.55,0.68,2025-04-26,708,N20,VIIRS,n,2,,313.13,9.53,D,0
24.99115,85.57767,,349.76,0.5,0.41,2025-04-26,708,N20,VIIRS,l,2,,322.25,14.06,D,0
25.21431,83.92947,,348.53,0.4,0.44,2025-04-26,708,N20,VIIRS,n,2,,313.15,10.98,D,0
25.35242,83.92609,,347.08,0.4,0.44,2025-04-26,708,N20,VIIRS,n,2,,315.87,6.63,D,0
26.04388,83.85859,,349.62,0.39,0.44,2025-04-26,708,N20,VIIRS,n,2,,317.81,7.1,D,0
24.4963,74.48637,,334.67,0.79,0.78,2025-04-26,709,N20,VIIRS,l,2,,308.7,7.18,D,0
25.60179,79.29364,,350.46,0.38,0.59,2025-04-26,709,N20,VIIRS,n,2,,316.75,9.81,D,0
25.86505,77.93665,,338.5,0.45,0.63,2025-04-26,709,N20,VIIRS,l,2,,312.45,3.51,D,0
26.41256,81.39196,,345.04,0.54,0.51,2025-04-26,709,N20,VIIRS,n,2,,316.04,6.58,D,0
26.73783,83.13861,,343.8,0.42,0.45,2025-04-26,709,N20,VIIRS,n,2,,314.89,4.27,D,0
27.28429,84.15979,,342.87,0.54,0.42,2025-04-26,709,N20,VIIRS,n,2,,308.41,9.51,D,0
27.45855,83.22166,,349.95,0.4,0.44,2025-04-26,709,N20,VIIRS,n,2,,315.7,4.52,D,0
27.8679,84.32169,,341.04,0.52,0.42,2025-04-26,709,N20,VIIRS,n,2,,307.9,6.27,D,0
28.54203,76.87538,,344,0.46,0.63,2025-04-26,709,N20,VIIRS,l,2,,314.48,5.24,D,0
28.77473,80.46267,,337.38,0.55,0.51,2025-04-26,709,N20,VIIRS,n,2,,310.3,5.86,D,0
29.20434,80.85472,,339.99,0.51,0.49,2025-04-26,709,N20,VIIRS,n,2,,301.51,5.08,D,0
29.5839,74.03757,,342.87,0.63,0.72,2025-04-26,710,N20,VIIRS,n,2,,305.33,4.83,D,0
29.91363,78.89687,,367,0.32,0.55,2025-04-26,710,N20,VIIRS,h,2,,312.18,5.68,D,0
30.39451,77.13398,,349.11,0.4,0.6,2025-04-26,710,N20,VIIRS,n,2,,313.76,7.08,D,0
31.57786,76.56768,,335.34,0.4,0.6,2025-04-26,710,N20,VIIRS,n,2,,304.17,4.68,D,0
13.93093,76.12505,,332.14,0.36,0.57,2025-04-26,846,N20,VIIRS,l,2,,303.05,2.56,D,0
18.32829,73.60648,,342.63,0.55,0.51,2025-04-26,847,N20,VIIRS,n,2,,305.95,6.71,D,0
20.97464,75.40355,,337.87,0.39,0.59,2025-04-26,848,N20,VIIRS,n,2,,306.41,4.65,D,0
23.10946,76.83603,,354.57,0.51,0.66,2025-04-26,848,N20,VIIRS,n,2,,313.05,21.64,D,0
22.85142,69.32219,,339.04,0.52,0.41,2025-04-26,849,N20,VIIRS,l,2,,313.17,12.7,D,0
23.97553,77.00546,,367,0.53,0.67,2025-04-26,849,N20,VIIRS,h,2,,315.15,25.82,D,0
24.56421,78.61779,,367,0.68,0.74,2025-04-26,849,N20,VIIRS,h,2,,308.23,17,D,0
24.84198,73.31617,,344.02,0.32,0.54,2025-04-26,849,N20,VIIRS,n,2,,316.6,3.5,D,0
25.1837,76.99844,,342.37,0.55,0.68,2025-04-26,849,N20,VIIRS,n,2,,310.09,3.21,D,0
25.53886,76.07514,,367,0.48,0.65,2025-04-26,849,N20,VIIRS,h,2,,311.81,15.03,D,0
26.08153,78.07424,,351.14,0.65,0.73,2025-04-26,849,N20,VIIRS,n,2,,301.61,8.75,D,0
29.62196,70.34569,,346.62,0.48,0.48,2025-04-26,850,N20,VIIRS,n,2,,312.22,5.09,D,0
30.36505,75.59219,,338.19,0.5,0.66,2025-04-26,850,N20,VIIRS,n,2,,306.79,3.18,D,0
30.936,77.09763,,343.5,0.63,0.72,2025-04-26,851,N20,VIIRS,n,2,,302.4,13.19,D,0
32.0154,75.21186,,342.66,0.49,0.65,2025-04-26,851,N20,VIIRS,n,2,,311.67,3.54,D,0
33.34158,72.47071,,343.24,0.35,0.57,2025-04-26,851,N20,VIIRS,n,2,,315.66,6.97,D,0
27.21385,82.95963,,316.01,0.61,0.53,2025-04-26,1934,N20,VIIRS,n,2,,286.31,2.36,N,0
27.71242,86.13728,,306.83,0.4,0.44,2025-04-26,1934,N20,VIIRS,n,2,,289.88,1.05,N,0
28.11387,84.69406,,310.18,0.49,0.48,2025-04-26,1934,N20,VIIRS,n,2,,290.59,1.84,N,0
28.79045,81.28165,,308.48,0.4,0.6,2025-04-26,1934,N20,VIIRS,n,2,,293.96,1.41,N,0
29.03512,80.45451,,295.25,0.45,0.63,2025-04-26,1934,N20,VIIRS,n,2,,278.18,1.74,N,0
29.84999,80.14354,,301.41,0.48,0.65,2025-04-26,1934,N20,VIIRS,n,2,,284.27,0.79,N,0
23.76496,86.39287,,316.46,0.52,0.41,2025-04-26,1935,N20,VIIRS,n,2,,300.55,4.96,N,2
24.41649,79.31356,,315.16,0.48,0.65,2025-04-26,1935,N20,VIIRS,n,2,,290.8,1.36,N,0
24.94848,81.1443,,308.48,0.37,0.58,2025-04-26,1935,N20,VIIRS,n,2,,296.34,1.45,N,0
25.1487,76.95602,,299.29,0.69,0.74,2025-04-26,1935,N20,VIIRS,n,2,,286.28,3.48,N,0
25.97052,81.51102,,311.58,0.36,0.58,2025-04-26,1935,N20,VIIRS,n,2,,289.7,3.11,N,0
26.36857,84.04694,,306.7,0.51,0.49,2025-04-26,1935,N20,VIIRS,n,2,,292.34,0.91,N,0
26.52027,84.05813,,313.78,0.51,0.49,2025-04-26,1935,N20,VIIRS,n,2,,292.83,1.4,N,0
26.77498,83.58025,,329.92,0.55,0.51,2025-04-26,1935,N20,VIIRS,n,2,,292.77,4.96,N,0
23.3769,80.19903,,305.73,0.41,0.61,2025-04-26,1936,N20,VIIRS,n,2,,289.14,0.74,N,0
23.79334,76.18325,,301.57,0.75,0.77,2025-04-26,1936,N20,VIIRS,n,2,,290.29,6.12,N,0
29.00248,81.11448,,308.21,0.62,0.71,2025-04-26,2114,N20,VIIRS,n,2,,289.75,3.11,N,0
30.3281,77.67498,,311.09,0.36,0.57,2025-04-26,2114,N20,VIIRS,n,2,,286.88,1.18,N,0
31.88107,76.32915,,313.01,0.56,0.51,2025-04-26,2114,N20,VIIRS,n,2,,295.83,3.37,N,0
25.33351,79.18482,,303.8,0.58,0.7,2025-04-26,2115,N20,VIIRS,n,2,,290.31,1.35,N,0
22.11552,76.91595,,308.98,0.5,0.65,2025-04-26,2116,N20,VIIRS,n,2,,290.58,2.21,N,0
23.66418,77.48103,,299.46,0.5,0.66,2025-04-26,2116,N20,VIIRS,n,2,,288.71,1.49,N,0
24.6122,78.91971,,329.07,0.58,0.7,2025-04-26,2116,N20,VIIRS,n,2,,281.52,4.83,N,0
25.12968,76.97416,,303.75,0.43,0.62,2025-04-26,2116,N20,VIIRS,n,2,,291.07,0.88,N,0
18.57487,72.24162,,331.52,0.59,0.53,2025-04-26,2118,N20,VIIRS,n,2,,295.07,5.48,N,3
24.71119,81.14645,,342.15,0.6,0.7,2025-04-27,649,N20,VIIRS,n,2,,303.74,11.02,D,0
25.24181,83.83559,,354.76,0.4,0.6,2025-04-27,649,N20,VIIRS,n,2,,304.78,13.22,D,0
25.39887,83.91689,,354.98,0.39,0.59,2025-04-27,649,N20,VIIRS,n,2,,301.76,5.17,D,0
25.99543,83.90157,,367,0.38,0.59,2025-04-27,650,N20,VIIRS,h,2,,308.72,21.82,D,0
27.25622,87.6862,,338.15,0.42,0.45,2025-04-27,650,N20,VIIRS,n,2,,294.57,4.77,D,0
12.88894,79.6055,,347.88,0.56,0.52,2025-04-27,827,N20,VIIRS,n,2,,304.4,9.78,D,0
15.87965,74.2854,,336.35,0.45,0.39,2025-04-27,828,N20,VIIRS,l,2,,309.03,3.41,D,0
17.38631,82.24097,,348.01,0.49,0.65,2025-04-27,828,N20,VIIRS,n,2,,292.2,6.49,D,0
17.96144,80.36089,,367,0.37,0.58,2025-04-27,828,N20,VIIRS,h,2,,296.92,9.67,D,0
19.03518,73.64673,,353.34,0.45,0.39,2025-04-27,828,N20,VIIRS,n,2,,321.35,11.08,D,0
20.42352,75.2414,,343.76,0.56,0.43,2025-04-27,829,N20,VIIRS,l,2,,318.04,15.97,D,0
21.37535,76.84795,,346.12,0.48,0.48,2025-04-27,829,N20,VIIRS,n,2,,318.7,17.28,D,0
22.10452,80.22684,,342.9,0.41,0.6,2025-04-27,829,N20,VIIRS,n,2,,307.48,6.02,D,0
23.16485,82.33714,,343.07,0.57,0.69,2025-04-27,829,N20,VIIRS,n,2,,304.51,5.68,D,2
24.10475,78.63322,,341.57,0.34,0.56,2025-04-27,830,N20,VIIRS,n,2,,311.38,4.15,D,0
24.63652,78.5278,,367,0.34,0.56,2025-04-27,830,N20,VIIRS,h,2,,331.34,55.79,D,0
24.98191,76.56435,,347,0.51,0.5,2025-04-27,830,N20,VIIRS,l,2,,321.16,18.59,D,0
25.32641,75.76009,,346.74,0.46,0.47,2025-04-27,830,N20,VIIRS,l,2,,320.3,19.17,D,0
25.57539,78.17391,,367,0.33,0.55,2025-04-27,830,N20,VIIRS,h,2,,309.78,9.24,D,0
25.8376,78.11781,,351.57,0.33,0.55,2025-04-27,830,N20,VIIRS,n,2,,307.53,6.42,D,0
26.10102,78.2224,,338.83,0.34,0.56,2025-04-27,830,N20,VIIRS,n,2,,307.32,3.74,D,0
28.19054,79.71548,,341.15,0.44,0.62,2025-04-27,831,N20,VIIRS,n,2,,298.81,12.51,D,0
28.71777,76.56013,,336.67,0.57,0.52,2025-04-27,831,N20,VIIRS,l,2,,311.08,5.8,D,0
29.05265,76.35805,,342.67,0.56,0.51,2025-04-27,831,N20,VIIRS,n,2,,312.59,5.61,D,0
29.50066,72.29883,,355.14,0.5,0.41,2025-04-27,831,N20,VIIRS,l,2,,325.72,12.03,D,0
29.93438,78.40196,,334.12,0.38,0.59,2025-04-27,831,N20,VIIRS,n,2,,307.78,2.72,D,0
29.86873,71.47974,,346.06,0.46,0.39,2025-04-27,832,N20,VIIRS,n,2,,314.62,7.1,D,0
30.55115,74.25616,,347.31,0.44,0.46,2025-04-27,832,N20,VIIRS,n,2,,319.77,67.9,D,0
31.06085,70.1618,,349.97,0.43,0.38,2025-04-27,832,N20,VIIRS,n,2,,316.43,6.27,D,0
31.58748,76.03056,,355.65,0.57,0.52,2025-04-27,832,N20,VIIRS,n,2,,318.35,25.48,D,0
32.35629,73.73109,,349.72,0.43,0.46,2025-04-27,832,N20,VIIRS,n,2,,318.75,8.8,D,0
23.68606,86.39102,,315.81,0.33,0.56,2025-04-27,1916,N20,VIIRS,n,2,,291.23,1.47,N,2
20.96889,85.16902,,314.64,0.37,0.58,2025-04-27,1917,N20,VIIRS,n,2,,291.61,2.83,N,2
30.13889,78.41966,,310.38,0.43,0.46,2025-04-27,2055,N20,VIIRS,n,2,,290.4,1.77,N,0
31.61529,75.48357,,333.86,0.44,0.38,2025-04-27,2055,N20,VIIRS,n,2,,294.02,5.79,N,0
32.51683,71.96569,,329.7,0.39,0.36,2025-04-27,2055,N20,VIIRS,n,2,,296.95,2.17,N,0
27.8507,80.00668,,304.99,0.59,0.53,2025-04-27,2056,N20,VIIRS,n,2,,289.38,1.41,N,0
28.99566,81.10956,,303.29,0.32,0.55,2025-04-27,2056,N20,VIIRS,n,2,,287.64,0.45,N,0
29.54823,79.2207,,331.94,0.49,0.48,2025-04-27,2056,N20,VIIRS,n,2,,291.77,4.54,N,0
29.94603,78.41273,,305.25,0.43,0.46,2025-04-27,2056,N20,VIIRS,n,2,,289.94,1.1,N,0
23.68258,76.88198,,311.51,0.46,0.47,2025-04-27,2057,N20,VIIRS,n,2,,292.45,1.27,N,0
24.67042,77.05129,,313.43,0.45,0.47,2025-04-27,2057,N20,VIIRS,n,2,,293.23,2.26,N,0
25.1753,73.69113,,307.29,0.45,0.39,2025-04-27,2057,N20,VIIRS,n,2,,297.23,1.96,N,0
19.44201,77.03481,,304.75,0.57,0.52,2025-04-27,2058,N20,VIIRS,n,2,,293.53,1.12,N,0
18.43576,77.62459,,330.78,0.32,0.55,2025-04-27,2059,N20,VIIRS,n,2,,294.2,3.89,N,0
13.87053,78.80727,,342.62,0.42,0.38,2025-04-28,808,N20,VIIRS,n,2,,308.76,5.83,D,0
15.0231,78.01515,,334.38,0.41,0.37,2025-04-28,808,N20,VIIRS,l,2,,305.01,2.6,D,2
16.16605,79.7987,,340.57,0.49,0.4,2025-04-28,809,N20,VIIRS,n,2,,309.27,7.89,D,0
16.78509,79.4422,,340.26,0.48,0.4,2025-04-28,809,N20,VIIRS,l,2,,310.92,4.2,D,0
17.5984,79.08882,,337.74,0.47,0.4,2025-04-28,809,N20,VIIRS,l,2,,308.96,8.92,D,0
18.22239,74.30505,,351.72,0.4,0.37,2025-04-28,809,N20,VIIRS,n,2,,324.2,8.07,D,0
18.68762,78.14397,,337.9,0.44,0.38,2025-04-28,809,N20,VIIRS,l,2,,311.55,7.55,D,0
19.1201,82.83173,,353.7,0.54,0.51,2025-04-28,809,N20,VIIRS,n,2,,308.2,21.95,D,0
20.02283,79.05759,,343.43,0.49,0.41,2025-04-28,810,N20,VIIRS,l,2,,314.51,16.43,D,0
21.68535,85.18424,,334.67,0.41,0.61,2025-04-28,810,N20,VIIRS,n,2,,296.76,6.48,D,0
23.24925,75.90763,,352.31,0.4,0.37,2025-04-28,811,N20,VIIRS,n,2,,322.59,22.83,D,0
23.92362,78.31062,,343.65,0.5,0.41,2025-04-28,811,N20,VIIRS,l,2,,318.59,17.67,D,0
24.51338,80.1671,,347.06,0.43,0.46,2025-04-28,811,N20,VIIRS,l,2,,318.65,13.26,D,0
24.90047,81.5541,,348.62,0.53,0.5,2025-04-28,811,N20,VIIRS,n,2,,309.44,7.47,D,0
25.08373,81.02457,,343.07,0.49,0.49,2025-04-28,811,N20,VIIRS,n,2,,308.62,6.53,D,0
25.39714,76.54991,,367,0.43,0.38,2025-04-28,811,N20,VIIRS,l,2,,326.63,5.98,D,0
25.75959,78.82568,,345.07,0.56,0.43,2025-04-28,811,N20,VIIRS,l,2,,316.61,12.32,D,0
26.31593,83.69718,,348.22,0.37,0.58,2025-04-28,811,N20,VIIRS,n,2,,296.81,3.09,D,0
27.84254,77.59338,,349.26,0.51,0.41,2025-04-28,812,N20,VIIRS,n,2,,315.94,12.62,D,0
28.5385,80.94456,,333.74,0.54,0.51,2025-04-28,812,N20,VIIRS,n,2,,299.1,2.89,D,0
28.88717,81.20613,,332.7,0.56,0.52,2025-04-28,812,N20,VIIRS,n,2,,295.94,3.69,D,0
29.35157,74.24797,,350.59,0.4,0.37,2025-04-28,812,N20,VIIRS,l,2,,324.43,13.24,D,0
29.94372,74.99855,,350.82,0.42,0.38,2025-04-28,813,N20,VIIRS,n,2,,322.46,12.72,D,0
30.70071,75.62897,,342.87,0.45,0.39,2025-04-28,813,N20,VIIRS,n,2,,315.8,3.69,D,0
31.66995,76.16566,,339.32,0.48,0.4,2025-04-28,813,N20,VIIRS,l,2,,313.67,3.81,D,0
32.20559,75.62251,,352.19,0.46,0.39,2025-04-28,813,N20,VIIRS,n,2,,323.41,9.62,D,0
23.76311,86.40263,,307.29,0.67,0.74,2025-04-28,1858,N20,VIIRS,n,2,,283.44,2.63,N,2
31.87557,75.89931,,307.48,0.39,0.36,2025-04-28,2036,N20,VIIRS,n,2,,295.83,1.19,N,0
32.72713,73.13908,,311.07,0.49,0.4,2025-04-28,2036,N20,VIIRS,n,2,,299.94,3.1,N,2
35.04069,70.4599,,307.25,0.47,0.48,2025-04-28,2036,N20,VIIRS,n,2,,291,1.69,N,0
28.61709,79.48058,,304.3,0.45,0.39,2025-04-28,2037,N20,VIIRS,n,2,,288.19,0.74,N,0
28.99655,81.10274,,301.88,0.52,0.42,2025-04-28,2037,N20,VIIRS,n,2,,287.58,1.28,N,0
30.02792,78.37505,,308.52,0.4,0.37,2025-04-28,2037,N20,VIIRS,n,2,,292.64,0.88,N,0
23.61186,87.14557,,299.65,0.51,0.66,2025-04-28,2038,N20,VIIRS,n,2,,287.21,0.89,N,2
24.01239,76.17985,,316.71,0.39,0.36,2025-04-28,2038,N20,VIIRS,n,2,,297.69,1.11,N,0
24.62038,74.51528,,312.34,0.39,0.36,2025-04-28,2038,N20,VIIRS,n,2,,298.55,1.98,N,0
24.97485,76.16963,,319.32,0.39,0.36,2025-04-28,2038,N20,VIIRS,n,2,,294.62,1.21,N,0
25.20946,76.52707,,345.68,0.39,0.36,2025-04-28,2038,N20,VIIRS,n,2,,299.46,13.09,N,0
25.51576,79.34825,,305.52,0.48,0.4,2025-04-28,2038,N20,VIIRS,n,2,,294.2,0.59,N,0
20.69663,78.63628,,309.9,0.52,0.42,2025-04-28,2039,N20,VIIRS,n,2,,297.07,6.26,N,2
22.00601,82.66769,,307.56,0.58,0.52,2025-04-28,2039,N20,VIIRS,n,2,,292.76,1.69,N,2
23.55476,75.37136,,315.04,0.39,0.36,2025-04-28,2039,N20,VIIRS,n,2,,295.52,2.95,N,0
19.64198,75.57594,,310.17,0.4,0.37,2025-04-28,2040,N20,VIIRS,n,2,,294.95,1.3,N,0
14.99372,78.79559,,336.19,0.42,0.38,2025-04-29,750,N20,VIIRS,l,2,,308.41,3.83,D,0
16.81072,76.96647,,340.47,0.49,0.4,2025-04-29,750,N20,VIIRS,l,2,,311.53,7.93,D,0
17.55644,81.74989,,338.92,0.4,0.37,2025-04-29,750,N20,VIIRS,n,2,,302.94,2.8,D,0
17.96715,81.92099,,344.65,0.4,0.37,2025-04-29,750,N20,VIIRS,n,2,,306.56,7.66,D,0
17.81474,73.3364,,330.78,0.51,0.49,2025-04-29,751,N20,VIIRS,l,2,,303.86,2.29,D,0
19.42407,81.0456,,334.33,0.39,0.36,2025-04-29,751,N20,VIIRS,n,2,,300.38,3.31,D,0
20.72531,73.54015,,355.07,0.44,0.46,2025-04-29,751,N20,VIIRS,n,2,,317.86,12.75,D,0
21.54487,85.45981,,340.97,0.43,0.46,2025-04-29,751,N20,VIIRS,n,2,,303.44,9.77,D,0
22.26052,79.86885,,351.94,0.39,0.36,2025-04-29,751,N20,VIIRS,n,2,,315.49,29.23,D,0
23.24689,76.93842,,342.48,0.42,0.37,2025-04-29,752,N20,VIIRS,l,2,,315.41,12.26,D,0
23.90863,75.61971,,350.81,0.46,0.39,2025-04-29,752,N20,VIIRS,n,2,,321.97,9.45,D,0
24.64148,78.05449,,347.43,0.39,0.36,2025-04-29,752,N20,VIIRS,l,2,,320.48,12.81,D,0
25.12774,75.47274,,349.89,0.45,0.39,2025-04-29,752,N20,VIIRS,l,2,,323.75,13.1,D,0
25.93255,82.97492,,344.73,0.52,0.42,2025-04-29,752,N20,VIIRS,n,2,,305.46,10.82,D,0
27.40871,82.87608,,330.52,0.54,0.42,2025-04-29,753,N20,VIIRS,l,2,,302.07,3.04,D,0
28.34788,80.98611,,341.63,0.45,0.39,2025-04-29,753,N20,VIIRS,n,2,,311.11,12.31,D,0
28.87971,79.36871,,332.21,0.4,0.37,2025-04-29,753,N20,VIIRS,l,2,,305.6,3.67,D,0
29.40667,70.73898,,344.72,0.44,0.46,2025-04-29,754,N20,VIIRS,l,2,,317.36,10.08,D,0
29.89391,77.19843,,346.81,0.38,0.36,2025-04-29,754,N20,VIIRS,n,2,,306.27,4.88,D,0
30.6102,70.7719,,345.67,0.42,0.45,2025-04-29,754,N20,VIIRS,n,2,,311.28,6.15,D,0
31.75379,72.312,,347.15,0.5,0.41,2025-04-29,754,N20,VIIRS,l,2,,320.23,10.58,D,0
34.33444,72.82454,,350.15,0.44,0.38,2025-04-29,755,N20,VIIRS,l,2,,320.39,8.84,D,0
34.40201,74.44062,,299.05,0.52,0.5,2025-04-29,2017,N20,VIIRS,n,2,,285.62,1.02,N,0
28.71328,76.65698,,309.54,0.5,0.41,2025-04-29,2018,N20,VIIRS,n,2,,294.35,0.93,N,0
29.73604,78.33678,,301.96,0.44,0.38,2025-04-29,2018,N20,VIIRS,n,2,,289.18,0.78,N,0
30.86829,70.72276,,305.31,0.39,0.59,2025-04-29,2018,N20,VIIRS,n,2,,292.91,1.57,N,0
24.36094,78.80862,,306.86,0.39,0.36,2025-04-29,2019,N20,VIIRS,n,2,,296.08,1.01,N,0
24.80304,79.63083,,305.19,0.38,0.36,2025-04-29,2019,N20,VIIRS,n,2,,293.86,0.58,N,0
25.11905,76.534,,309.3,0.47,0.39,2025-04-29,2019,N20,VIIRS,n,2,,295.31,2.23,N,0
25.66448,80.05976,,309.08,0.38,0.36,2025-04-29,2019,N20,VIIRS,n,2,,295.63,1.07,N,0
27.35925,79.84869,,312.42,0.39,0.36,2025-04-29,2019,N20,VIIRS,n,2,,294.42,1.19,N,0
21.76357,84.02299,,303.79,0.54,0.42,2025-04-29,2020,N20,VIIRS,n,2,,291.7,1.19,N,2
22.26372,79.03501,,309.59,0.38,0.36,2025-04-29,2020,N20,VIIRS,n,2,,293.73,0.84,N,0
23.33324,81.10558,,305.8,0.4,0.37,2025-04-29,2020,N20,VIIRS,n,2,,294.22,1.21,N,0
23.7151,77.96864,,306.72,0.4,0.37,2025-04-29,2020,N20,VIIRS,n,2,,296.02,0.55,N,0
17.77155,77.76009,,311.46,0.39,0.36,2025-04-29,2021,N20,VIIRS,n,2,,294.22,2.01,N,0
21.10128,72.63322,,329.19,0.46,0.47,2025-04-29,2021,N20,VIIRS,n,2,,297.36,3.9,N,2
13.27717,79.18495,,343.91,0.52,0.5,2025-04-30,730,N20,VIIRS,n,2,,304.47,8.36,D,0
16.15908,80.29277,,338.95,0.4,0.44,2025-04-30,731,N20,VIIRS,n,2,,304.4,4.13,D,0
16.99247,80.79158,,338.66,0.54,0.42,2025-04-30,731,N20,VIIRS,n,2,,303.06,2.85,D,0
17.74944,80.06876,,335.51,0.39,0.44,2025-04-30,731,N20,VIIRS,n,2,,303.93,1.98,D,0
18.20741,78.98021,,337.24,0.44,0.46,2025-04-30,732,N20,VIIRS,l,2,,308.14,4.39,D,0
18.70584,78.28548,,340.52,0.48,0.48,2025-04-30,732,N20,VIIRS,l,2,,313.02,5.35,D,0
19.48937,75.85023,,346.29,0.33,0.55,2025-04-30,732,N20,VIIRS,n,2,,314.16,7.36,D,0
20.83056,79.18779,,342.64,0.39,0.44,2025-04-30,732,N20,VIIRS,l,2,,316.36,5.83,D,0
21.38677,75.59027,,343.81,0.63,0.54,2025-04-30,733,N20,VIIRS,l,2,,318.41,9.89,D,0
22.67268,85.2953,,334.55,0.4,0.37,2025-04-30,733,N20,VIIRS,n,2,,305.97,1.59,D,0
23.56236,80.11353,,340.87,0.47,0.4,2025-04-30,733,N20,VIIRS,l,2,,315.71,17.87,D,0
24.33151,74.8956,,344.55,0.61,0.53,2025-04-30,733,N20,VIIRS,n,2,,309.25,14.58,D,0
25.13913,84.22057,,333.94,0.39,0.36,2025-04-30,733,N20,VIIRS,l,2,,308.13,1.58,D,0
23.76687,69.5141,,367,0.68,0.74,2025-04-30,734,N20,VIIRS,h,2,,311.56,16.6,D,0
25.14566,76.36578,,346.33,0.48,0.48,2025-04-30,734,N20,VIIRS,n,2,,317.31,16.74,D,0
25.85825,78.31716,,346.4,0.54,0.42,2025-04-30,734,N20,VIIRS,n,2,,318.56,10.17,D,0
27.30744,84.13148,,331.64,0.4,0.37,2025-04-30,734,N20,VIIRS,n,2,,301.17,3.14,D,0
28.18313,81.83529,,331.66,0.39,0.36,2025-04-30,734,N20,VIIRS,n,2,,300.57,2.67,D,0
28.92057,81.22562,,335.22,0.39,0.36,2025-04-30,734,N20,VIIRS,l,2,,303.2,4,D,0
28.88233,76.51886,,337.79,0.4,0.44,2025-04-30,735,N20,VIIRS,n,2,,305.4,2.95,D,0
29.1118,72.13667,,348.6,0.35,0.57,2025-04-30,735,N20,VIIRS,n,2,,322.57,2.53,D,0
29.42951,71.03757,,341.02,0.4,0.6,2025-04-30,735,N20,VIIRS,l,2,,311.15,2.71,D,0
29.73479,77.1598,,331.7,0.53,0.42,2025-04-30,735,N20,VIIRS,l,2,,303.55,1.69,D,0
30.00682,77.89736,,333.93,0.49,0.4,2025-04-30,735,N20,VIIRS,l,2,,307.3,1.56,D,0
30.22339,72.37369,,343.41,0.32,0.55,2025-04-30,735,N20,VIIRS,n,2,,313.88,2.76,D,0
30.53403,74.9012,,343.29,0.45,0.47,2025-04-30,735,N20,VIIRS,n,2,,306.16,3.14,D,0
30.82295,73.00633,,340.37,0.58,0.52,2025-04-30,735,N20,VIIRS,n,2,,310.41,5.13,D,0
31.34627,70.8045,,335.71,0.38,0.58,2025-04-30,736,N20,VIIRS,n,2,,305.11,14.37,D,0
31.92447,75.57056,,338.96,0.39,0.44,2025-04-30,736,N20,VIIRS,n,2,,308.37,4.37,D,0
32.48059,74.95689,,340.12,0.41,0.45,2025-04-30,736,N20,VIIRS,n,2,,309.7,2.52,D,0
33.19695,74.08254,,352.67,0.45,0.47,2025-04-30,736,N20,VIIRS,n,2,,305.72,9.04,D,0
23.74596,69.2802,,367,0.43,0.62,2025-04-30,914,N20,VIIRS,h,2,,319.63,12.99,D,0
32.5856,74.81538,,308.83,0.44,0.63,2025-04-30,1958,N20,VIIRS,n,2,,289.94,2.12,N,0
30.33677,74.69943,,310.27,0.43,0.62,2025-04-30,1959,N20,VIIRS,n,2,,296.16,1.52,N,0
31.95809,75.63804,,312.74,0.39,0.59,2025-04-30,1959,N20,VIIRS,n,2,,291.84,1.81,N,0
25.43697,83.92892,,304.55,0.39,0.36,2025-04-30,2000,N20,VIIRS,n,2,,293.45,0.66,N,0
26.18391,83.95186,,304.06,0.39,0.36,2025-04-30,2000,N20,VIIRS,n,2,,292.64,0.49,N,0
27.74109,84.8885,,302.34,0.39,0.36,2025-04-30,2000,N20,VIIRS,n,2,,280.72,0.53,N,0
21.32198,79.20293,,307.1,0.54,0.42,2025-04-30,2001,N20,VIIRS,n,2,,295.08,0.78,N,0
22.02925,75.64259,,304.51,0.61,0.53,2025-04-30,2001,N20,VIIRS,n,2,,292.64,1.83,N,0
22.3332,82.53226,,305.21,0.4,0.37,2025-04-30,2001,N20,VIIRS,n,2,,294.13,0.49,N,2
23.32767,75.40611,,304.87,0.33,0.55,2025-04-30,2001,N20,VIIRS,n,2,,292.48,0.47,N,0
23.63193,86.29337,,307.35,0.41,0.37,2025-04-30,2001,N20,VIIRS,n,2,,293.24,1.45,N,2
23.75785,85.85184,,311.25,0.4,0.37,2025-04-30,2001,N20,VIIRS,n,2,,293.78,1.35,N,2
23.83696,84.94889,,305.24,0.39,0.36,2025-04-30,2001,N20,VIIRS,n,2,,294.07,0.71,N,2
24.48968,78.26208,,307.84,0.44,0.46,2025-04-30,2001,N20,VIIRS,n,2,,296.18,1.82,N,0
25.05753,76.06195,,306.29,0.62,0.54,2025-04-30,2001,N20,VIIRS,n,2,,293.2,2.27,N,0
20.35653,72.94775,,306.99,0.43,0.62,2025-04-30,2002,N20,VIIRS,n,2,,294.97,0.58,N,2
31.69699,75.56908,,304.12,0.59,0.7,2025-04-30,2139,N20,VIIRS,n,2,,288.2,3.24,N,0
33.4185,74.0667,318.1,,1.5,1.2,2025-04-26,431,Terra,MODIS,64,61.03,304,,10.9,D,0
30.3169,75.24,330.6,,1.2,1.1,2025-04-26,432,Terra,MODIS,73,61.03,312.9,,15.6,D,0
24.2812,77.8925,328.9,,1,1,2025-04-26,433,Terra,MODIS,71,61.03,313.8,,9.6,D,0
25.947,78.1311,336,,1,1,2025-04-26,433,Terra,MODIS,63,61.03,316.9,,15.6,D,0
19.7133,83.8505,325.3,,1.1,1,2025-04-26,844,Aqua,MODIS,68,61.03,305.9,,10.2,D,0
24.5635,78.6376,340.9,,1.8,1.3,2025-04-26,845,Aqua,MODIS,83,61.03,314.6,,58.1,D,0
26.0839,78.069,354.3,,1.8,1.3,2025-04-26,846,Aqua,MODIS,92,61.03,313,,133.3,D,0
28.4382,80.5281,325.1,,1.2,1.1,2025-04-26,846,Aqua,MODIS,69,61.03,311.4,,10.8,D,0
29.742,79.3274,332.3,,1.3,1.1,2025-04-26,846,Aqua,MODIS,83,61.03,308.7,,29.7,D,0
25.0658,80.5272,313.4,,1.6,1.3,2025-04-26,1528,Terra,MODIS,73,61.03,300.9,,16.6,N,0
27.5802,83.1889,313.4,,1.1,1,2025-04-26,1529,Terra,MODIS,86,61.03,294.7,,11.8,N,0
31.5609,75.5475,329,,2.1,1.4,2025-04-27,510,Terra,MODIS,69,61.03,312.2,,33.8,D,0
24.8427,75.6764,336.8,,3,1.7,2025-04-27,512,Terra,MODIS,76,61.03,311.4,,101.9,D,0
21.5313,77.0649,350.8,,1.1,1,2025-04-27,923,Aqua,MODIS,93,61.03,320.2,,45,D,0
25.3926,76.801,346.9,,1.1,1.1,2025-04-27,924,Aqua,MODIS,89,61.03,320.3,,36.5,D,0
28.775,76.6365,334.8,,1.2,1.1,2025-04-27,925,Aqua,MODIS,56,61.03,315.6,,18.5,D,0
30.0482,78.3872,322.5,,1.6,1.3,2025-04-27,925,Aqua,MODIS,19,61.03,307.5,,11.3,D,0
31.3211,74.7753,328.9,,1.1,1,2025-04-27,926,Aqua,MODIS,65,61.03,316.9,,8.8,D,0
32.4593,71.5421,331.2,,1,1,2025-04-27,926,Aqua,MODIS,33,61.03,318.6,,9.4,D,0
23.6321,75.3465,315.1,,1,1,2025-04-27,1607,Terra,MODIS,86,61.03,300.2,,9.2,N,0
25.0858,76.2538,310.3,,1,1,2025-04-27,1608,Terra,MODIS,73,61.03,295.5,,7.7,N,0
31.5944,76.0494,309,,1.1,1,2025-04-27,1609,Terra,MODIS,76,61.03,296.7,,7.2,N,0
27.7031,80.7212,328.8,,1.1,1,2025-04-28,413,Terra,MODIS,79,61.03,301.4,,19.1,D,0
24.9061,81.5474,323.2,,1,1,2025-04-28,414,Terra,MODIS,45,61.03,308.1,,6.5,D,0
28.3255,80.9779,336,,2.3,1.5,2025-04-28,826,Aqua,MODIS,85,61.03,299.9,,92.2,D,0
31.2979,75.9557,320.7,,1.2,1.1,2025-04-29,451,Terra,MODIS,69,61.03,305.3,,9.1,D,0
32.8706,71.1443,326.5,,1.1,1.1,2025-04-29,451,Terra,MODIS,41,61.03,315.5,,8.2,D,0
30.0346,75.3409,323.6,,1.1,1.1,2025-04-29,452,Terra,MODIS,62,61.03,306,,11.2,D,0
22.3224,79.9305,325.5,,3.2,1.7,2025-04-29,454,Terra,MODIS,59,61.03,300.3,,67.1,D,0
21.457,79.612,326.6,,1,1,2025-04-29,903,Aqua,MODIS,42,61.03,311.1,,8.2,D,0
25.582,78.7523,337.5,,1,1,2025-04-29,904,Aqua,MODIS,77,61.03,318.4,,17.6,D,0
29.0718,76.6009,371.3,,1.1,1,2025-04-29,905,Aqua,MODIS,100,61.03,312.4,,116.6,D,0
31.9599,75.4621,325.6,,1.1,1.1,2025-04-29,906,Aqua,MODIS,72,61.03,309.5,,10.8,D,0
25.4379,78.6732,313.4,,1.1,1,2025-04-29,1548,Terra,MODIS,81,61.03,299.9,,9.4,N,0
26.4589,83.06,319.9,,1.3,1.1,2025-04-30,354,Terra,MODIS,60,61.03,297.3,,11.2,D,0
21.4704,76.2494,335.9,,1.8,1.3,2025-04-30,942,Aqua,MODIS,72,61.03,320,,25.1,D,0
32.5028,74.6089,324.5,,2,1.4,2025-04-30,945,Aqua,MODIS,64,61.03,307.5,,19.7,D,0
18.6246,77.831,307.7,,1.3,1.1,2025-04-30,2150,Aqua,MODIS,70,61.03,297.1,,7.8,N,0
17.12415,80.22718,,355.7,0.39,0.59,2025-05-01,712,N20,VIIRS,n,2,,295.5,6.43,D,0
18.69299,77.96858,,332.37,0.51,0.66,2025-05-01,713,N20,VIIRS,l,2,,304.1,5.43,D,0
19.88342,85.55994,,331.88,0.49,0.4,2025-05-01,713,N20,VIIRS,l,2,,303.63,5.63,D,0
20.73899,78.0661,,367,0.46,0.63,2025-05-01,714,N20,VIIRS,h,2,,308.01,13.41,D,0
21.91773,83.35664,,333.96,0.4,0.44,2025-05-01,714,N20,VIIRS,n,2,,303.48,2.84,D,2
22.49171,77.85046,,331.66,0.43,0.62,2025-05-01,714,N20,VIIRS,l,2,,305.58,2.2,D,0
23.58816,77.88843,,342.69,0.41,0.6,2025-05-01,714,N20,VIIRS,l,2,,312.81,6.01,D,0
23.95414,78.89519,,339.47,0.35,0.56,2025-05-01,714,N20,VIIRS,l,2,,313.92,6.99,D,0
25.3648,83.84834,,332.56,0.5,0.41,2025-05-01,714,N20,VIIRS,n,2,,302.3,2.27,D,0
24.69152,77.51362,,342.92,0.41,0.6,2025-05-01,715,N20,VIIRS,l,2,,315.07,5.61,D,0
25.10958,79.01575,,340.99,0.32,0.55,2025-05-01,715,N20,VIIRS,n,2,,308.83,2.07,D,0
25.52665,81.66576,,355.03,0.43,0.46,2025-05-01,715,N20,VIIRS,n,2,,307.2,15.89,D,0
25.83014,77.96022,,335.5,0.36,0.57,2025-05-01,715,N20,VIIRS,l,2,,307.09,2.72,D,0
26.55328,81.45176,,348.43,0.43,0.46,2025-05-01,715,N20,VIIRS,n,2,,298.24,6.54,D,0
28.04322,77.56815,,338.07,0.34,0.56,2025-05-01,716,N20,VIIRS,n,2,,300.29,1.35,D,0
28.74721,76.60805,,332.82,0.37,0.58,2025-05-01,716,N20,VIIRS,n,2,,301.84,2.46,D,0
28.9171,76.05374,,331.23,0.4,0.6,2025-05-01,716,N20,VIIRS,l,2,,302.61,1.25,D,0
29.08938,76.30962,,333.07,0.38,0.59,2025-05-01,716,N20,VIIRS,n,2,,300.52,1.76,D,0
29.31184,77.11078,,367,0.34,0.56,2025-05-01,716,N20,VIIRS,h,2,,300.83,10.08,D,0
29.59663,75.17696,,336.68,0.44,0.62,2025-05-01,716,N20,VIIRS,n,2,,299.98,2.13,D,0
29.86963,75.13238,,334.75,0.43,0.62,2025-05-01,716,N20,VIIRS,n,2,,299.65,1.83,D,0
30.13071,75.45207,,336.73,0.41,0.6,2025-05-01,716,N20,VIIRS,n,2,,299.72,4.4,D,0
30.44866,75.27841,,346.55,0.41,0.61,2025-05-01,716,N20,VIIRS,n,2,,297.81,5.13,D,0
31.09712,76.05743,,367,0.36,0.57,2025-05-01,716,N20,VIIRS,h,2,,298.94,29.47,D,0
31.68559,72.77879,,349.38,0.53,0.67,2025-05-01,717,N20,VIIRS,n,2,,294.02,9.21,D,0
31.95532,75.67013,,351.98,0.36,0.57,2025-05-01,717,N20,VIIRS,n,2,,296.19,6.58,D,0
32.51176,74.84608,,352.14,0.39,0.59,2025-05-01,717,N20,VIIRS,n,2,,297.15,21.87,D,0
17.1737,74.73284,,341.65,0.41,0.6,2025-05-01,853,N20,VIIRS,l,2,,313.96,6.41,D,0
19.26202,74.60764,,340.06,0.42,0.61,2025-05-01,854,N20,VIIRS,l,2,,314.96,7.46,D,0
21.53245,77.47752,,338.91,0.69,0.74,2025-05-01,854,N20,VIIRS,n,2,,304.92,5.67,D,0
23.32393,76.46119,,367,0.62,0.71,2025-05-01,855,N20,VIIRS,h,2,,318.31,18.18,D,0
24.70112,68.25147,,336.82,0.39,0.44,2025-05-01,855,N20,VIIRS,l,2,,309.39,1.62,D,0
25.32354,75.65438,,337.09,0.57,0.69,2025-05-01,855,N20,VIIRS,l,2,,307.26,2.77,D,0
28.6252,76.40685,,337.46,0.68,0.74,2025-05-01,856,N20,VIIRS,n,2,,299.51,7.17,D,0
29.49734,71.58166,,352.7,0.35,0.57,2025-05-01,857,N20,VIIRS,n,2,,309.31,5.13,D,0
30.1655,74.23193,,335.84,0.52,0.67,2025-05-01,857,N20,VIIRS,n,2,,299.33,4.13,D,0
30.88568,73.7585,,332.19,0.49,0.65,2025-05-01,857,N20,VIIRS,n,2,,296.48,3.06,D,0
31.9233,75.68412,,331.4,0.65,0.73,2025-05-01,857,N20,VIIRS,n,2,,290.91,5.43,D,0
28.84632,79.66547,,305.37,0.4,0.6,2025-05-01,1940,N20,VIIRS,n,2,,288.7,1.65,N,0
25.50196,78.73717,,307.33,0.42,0.61,2025-05-01,1941,N20,VIIRS,n,2,,295.43,0.74,N,0
27.97127,81.40479,,302.32,0.62,0.54,2025-05-01,1941,N20,VIIRS,n,2,,289.7,0.93,N,0
22.20729,77.60774,,304.72,0.46,0.64,2025-05-01,1942,N20,VIIRS,n,2,,291.56,1.06,N,0
23.17376,82.34657,,315.53,0.47,0.48,2025-05-01,1942,N20,VIIRS,n,2,,293.33,1.34,N,2
23.80902,84.84348,,301.89,0.52,0.41,2025-05-01,1942,N20,VIIRS,n,2,,287.9,1.22,N,2
24.61673,77.07711,,304.81,0.53,0.67,2025-05-01,1942,N20,VIIRS,n,2,,290.85,2.82,N,0
18.59532,74.13319,,312.5,0.71,0.75,2025-05-01,1943,N20,VIIRS,n,2,,290.41,1.39,N,0
16.00265,78.03929,,304.82,0.36,0.58,2025-05-01,1944,N20,VIIRS,n,2,,280.91,0.58,N,0
23.94969,77.74055,,333.09,0.64,0.72,2025-05-01,2122,N20,VIIRS,n,2,,291.68,4.71,N,0
25.40049,75.81836,,314.14,0.45,0.63,2025-05-01,2122,N20,VIIRS,n,2,,291.11,1.55,N,0
20.85926,83.78548,,331.05,0.39,0.6,2025-05-02,655,N20,VIIRS,l,2,,305.14,2.01,D,0
23.87054,80.86275,,335.88,0.52,0.67,2025-05-02,656,N20,VIIRS,n,2,,302.73,5.34,D,0
25.03744,83.12159,,340.52,0.35,0.57,2025-05-02,656,N20,VIIRS,n,2,,306.39,2.03,D,0
25.29625,79.13772,,335.78,0.61,0.71,2025-05-02,656,N20,VIIRS,n,2,,294.14,5.81,D,0
25.49755,84.00336,,334.22,0.61,0.53,2025-05-02,656,N20,VIIRS,n,2,,302.85,2.93,D,0
25.94372,83.75435,,342.98,0.62,0.54,2025-05-02,656,N20,VIIRS,n,2,,302.57,9.62,D,0
26.59046,82.96216,,335.56,0.33,0.56,2025-05-02,656,N20,VIIRS,n,2,,298.94,1.27,D,0
9.69943,78.14464,,338.29,0.52,0.5,2025-05-02,832,N20,VIIRS,n,2,,301.17,4.07,D,0
16.07711,80.47577,,330.4,0.46,0.63,2025-05-02,834,N20,VIIRS,n,2,,289.9,1.68,D,0
17.09392,76.21599,,347.83,0.49,0.49,2025-05-02,834,N20,VIIRS,n,2,,315.1,9.27,D,0
18.22548,75.8455,,343.96,0.48,0.48,2025-05-02,835,N20,VIIRS,l,2,,318.11,16.5,D,0
18.68499,77.82117,,340.81,0.33,0.55,2025-05-02,835,N20,VIIRS,n,2,,307.55,3.8,D,0
19.48608,74.00829,,348.05,0.38,0.43,2025-05-02,835,N20,VIIRS,l,2,,321.42,8.28,D,0
20.91242,76.57871,,341.99,0.58,0.52,2025-05-02,835,N20,VIIRS,l,2,,315.43,1.41,D,0
21.79323,70.49738,,349.02,0.42,0.37,2025-05-02,836,N20,VIIRS,l,2,,323.66,16.14,D,0
22.51243,76.58946,,340.02,0.61,0.53,2025-05-02,836,N20,VIIRS,l,2,,312.31,8.94,D,0
23.70079,77.94099,,367,0.38,0.59,2025-05-02,836,N20,VIIRS,h,2,,305.52,7.63,D,0
24.4364,79.32808,,330.56,0.48,0.65,2025-05-02,836,N20,VIIRS,n,2,,300.34,1.67,D,0
24.87883,77.83081,,343.04,0.39,0.59,2025-05-02,836,N20,VIIRS,n,2,,304.24,4.03,D,0
25.37335,73.0056,,348.76,0.4,0.44,2025-05-02,837,N20,VIIRS,n,2,,320.6,4.67,D,0
29.20458,70.95485,,337.59,0.51,0.41,2025-05-02,838,N20,VIIRS,n,2,,303.47,5.43,D,0
30.9147,74.77481,,344.63,0.59,0.53,2025-05-02,838,N20,VIIRS,n,2,,295.03,14.39,D,0
27.36052,85.18694,,295.01,0.35,0.57,2025-05-02,1922,N20,VIIRS,n,2,,281.79,0.48,N,0
22.3568,87.29014,,306.28,0.45,0.47,2025-05-02,1923,N20,VIIRS,n,2,,293.86,1.56,N,2
23.73915,85.00703,,303.03,0.32,0.55,2025-05-02,1923,N20,VIIRS,n,2,,289.61,0.71,N,2
20.96471,86.00867,,319.78,0.52,0.5,2025-05-02,1924,N20,VIIRS,n,2,,293.86,2.49,N,2
24.69854,77.28811,,302.43,0.59,0.53,2025-05-02,2103,N20,VIIRS,n,2,,290.98,0.38,N,0
21.48762,81.76746,,304.69,0.65,0.73,2025-05-02,2104,N20,VIIRS,n,2,,288.9,1.29,N,2
23.57274,77.96173,,330.4,0.34,0.56,2025-05-02,2104,N20,VIIRS,n,2,,291.96,2.13,N,0
19.45391,73.75294,,307.71,0.44,0.46,2025-05-02,2105,N20,VIIRS,n,2,,294.05,1.4,N,0
25.07872,83.70938,,350.01,0.64,0.72,2025-05-03,637,N20,VIIRS,n,2,,296.18,9.82,D,0
25.84795,82.80157,,335.5,0.69,0.74,2025-05-03,637,N20,VIIRS,n,2,,292.61,4.56,D,0
11.55518,79.06222,,337.97,0.48,0.4,2025-05-03,814,N20,VIIRS,l,2,,308.13,9.36,D,0
14.0868,79.43406,,336.08,0.54,0.42,2025-05-03,814,N20,VIIRS,n,2,,302.1,5.75,D,0
15.896,77.59076,,341.14,0.45,0.39,2025-05-03,815,N20,VIIRS,n,2,,306.31,11.13,D,0
16.19485,80.73712,,331.91,0.46,0.47,2025-05-03,815,N20,VIIRS,n,2,,296.14,3.02,D,0
16.47169,76.97807,,341.27,0.43,0.38,2025-05-03,815,N20,VIIRS,l,2,,315.7,10.75,D,0
16.74489,75.56324,,349.46,0.4,0.37,2025-05-03,815,N20,VIIRS,n,2,,319.27,5.39,D,0
17.26568,79.52547,,338.36,0.4,0.44,2025-05-03,815,N20,VIIRS,l,2,,309.24,3.94,D,0
18.04891,79.72923,,342.4,0.42,0.45,2025-05-03,815,N20,VIIRS,n,2,,307.85,3.76,D,0
18.39238,81.30951,,331.58,0.54,0.5,2025-05-03,816,N20,VIIRS,n,2,,298.7,6.35,D,0
18.73158,82.51028,,342.35,0.32,0.55,2025-05-03,816,N20,VIIRS,n,2,,294.68,5.89,D,0
19.28339,81.07622,,332.93,0.53,0.5,2025-05-03,816,N20,VIIRS,n,2,,298.32,6.29,D,0
20.30853,76.07426,,347.53,0.43,0.38,2025-05-03,816,N20,VIIRS,l,2,,322.06,24.87,D,0
21.50869,75.43569,,352.68,0.42,0.38,2025-05-03,817,N20,VIIRS,n,2,,319.78,20.74,D,0
22.46323,79.00539,,345.98,0.43,0.46,2025-05-03,817,N20,VIIRS,n,2,,309.3,4.37,D,0
23.75483,75.74122,,347.94,0.45,0.39,2025-05-03,817,N20,VIIRS,l,2,,321.41,20.62,D,0
24.43069,79.01859,,345.97,0.46,0.47,2025-05-03,817,N20,VIIRS,n,2,,308.49,5.5,D,0
25.08774,83.52325,,331.11,0.45,0.63,2025-05-03,817,N20,VIIRS,n,2,,297.77,2.98,D,0
24.73141,73.66926,,349.67,0.4,0.37,2025-05-03,818,N20,VIIRS,l,2,,320.02,7.55,D,0
25.61821,79.95,,355.19,0.54,0.51,2025-05-03,818,N20,VIIRS,n,2,,305.92,10.47,D,0
26.03646,79.89249,,337.28,0.54,0.51,2025-05-03,818,N20,VIIRS,n,2,,306.73,5.23,D,0
26.67304,83.68767,,333.35,0.48,0.64,2025-05-03,818,N20,VIIRS,n,2,,292.12,5.16,D,0
28.07387,81.14603,,330.48,0.34,0.56,2025-05-03,818,N20,VIIRS,n,2,,299.75,2.27,D,0
28.96612,79.7075,,331.57,0.57,0.52,2025-05-03,819,N20,VIIRS,n,2,,297.81,7.86,D,0
29.19877,76.88842,,335.36,0.39,0.44,2025-05-03,819,N20,VIIRS,n,2,,299.63,2.41,D,0
29.64244,72.15993,,340.57,0.39,0.36,2025-05-03,819,N20,VIIRS,n,2,,307.72,4.83,D,0
29.96428,75.64711,,343.03,0.52,0.41,2025-05-03,819,N20,VIIRS,n,2,,304.48,6.46,D,0
30.1598,77.3283,,341.87,0.43,0.46,2025-05-03,819,N20,VIIRS,n,2,,298.49,3.29,D,0
30.37126,74.83974,,338.41,0.48,0.4,2025-05-03,819,N20,VIIRS,n,2,,305.26,2.95,D,0
30.57373,71.60593,,332.27,0.39,0.36,2025-05-03,819,N20,VIIRS,l,2,,304.21,2.72,D,0
30.81012,71.78517,,334.36,0.39,0.36,2025-05-03,819,N20,VIIRS,n,2,,304.33,1.66,D,0
31.11548,73.3222,,331.1,0.43,0.38,2025-05-03,819,N20,VIIRS,l,2,,304.98,2,D,0
31.51085,75.33014,,338.08,0.52,0.42,2025-05-03,819,N20,VIIRS,n,2,,299.9,5.92,D,0
31.81774,74.59863,,331.21,0.48,0.4,2025-05-03,819,N20,VIIRS,l,2,,302,2.4,D,0
31.91139,72.87188,,332.98,0.42,0.38,2025-05-03,820,N20,VIIRS,l,2,,304.79,0.98,D,0
32.1428,72.3597,,342.3,0.41,0.37,2025-05-03,820,N20,VIIRS,n,2,,304.94,3.71,D,0
27.94144,81.58936,,311.46,0.47,0.48,2025-05-03,2043,N20,VIIRS,n,2,,290.46,1.69,N,0
25.1346,84.23576,,321.64,0.39,0.59,2025-05-03,2044,N20,VIIRS,n,2,,289.81,1.91,N,0
20.96164,85.172,,299.56,0.55,0.68,2025-05-03,2045,N20,VIIRS,n,2,,283.83,1.13,N,2
22.26616,75.13388,,313.86,0.42,0.37,2025-05-03,2045,N20,VIIRS,n,2,,298.61,1.77,N,2
24.28043,75.05144,,305.19,0.4,0.37,2025-05-03,2045,N20,VIIRS,n,2,,291.45,0.5,N,0
20.67309,75.59913,,304.72,0.45,0.39,2025-05-03,2046,N20,VIIRS,n,2,,287.79,1.77,N,0
13.24427,80.32713,,341.12,0.39,0.36,2025-05-04,755,N20,VIIRS,n,2,,306.17,3.1,D,0
15.54085,79.23649,,332.94,0.38,0.36,2025-05-04,756,N20,VIIRS,l,2,,304.41,2.39,D,0
17.21674,80.44001,,339.16,0.4,0.37,2025-05-04,756,N20,VIIRS,n,2,,304.46,1.62,D,0
17.86616,79.64057,,338.7,0.39,0.36,2025-05-04,757,N20,VIIRS,n,2,,307.87,2.19,D,0
18.65701,78.81831,,335.79,0.38,0.36,2025-05-04,757,N20,VIIRS,l,2,,310.47,2.86,D,0
19.73615,78.76932,,344.37,0.39,0.36,2025-05-04,757,N20,VIIRS,l,2,,315.51,13.08,D,0
20.4426,73.69256,,344.05,0.53,0.42,2025-05-04,758,N20,VIIRS,n,2,,308.28,4.42,D,0
21.59272,78.77138,,350.19,0.39,0.36,2025-05-04,758,N20,VIIRS,n,2,,315.73,5.54,D,0
22.53923,79.54764,,345.95,0.41,0.37,2025-05-04,758,N20,VIIRS,n,2,,313.36,10.57,D,0
23.72607,78.63206,,340.38,0.39,0.37,2025-05-04,758,N20,VIIRS,l,2,,313.17,11.65,D,0
24.73188,83.32548,,343.31,0.43,0.46,2025-05-04,758,N20,VIIRS,n,2,,303.22,5.51,D,0
24.89042,76.93141,,341.17,0.38,0.36,2025-05-04,759,N20,VIIRS,l,2,,313.64,3.99,D,0
25.47005,79.52238,,349.39,0.43,0.38,2025-05-04,759,N20,VIIRS,n,2,,316.76,12.64,D,0
25.67476,78.66864,,344.16,0.41,0.37,2025-05-04,759,N20,VIIRS,n,2,,312.69,5.07,D,0
25.82083,79.1918,,337.64,0.42,0.38,2025-05-04,759,N20,VIIRS,l,2,,311.85,8.1,D,0
25.95741,78.81213,,343.86,0.41,0.37,2025-05-04,759,N20,VIIRS,n,2,,313.36,9.12,D,0
26.26746,79.86435,,348.9,0.45,0.39,2025-05-04,759,N20,VIIRS,n,2,,312.14,7.26,D,0
26.7612,79.3102,,342.3,0.43,0.38,2025-05-04,759,N20,VIIRS,l,2,,312.83,4.76,D,0
27.82546,79.65352,,339.07,0.45,0.39,2025-05-04,759,N20,VIIRS,n,2,,307.25,10.4,D,0
26.92887,70.68176,,348.17,0.4,0.44,2025-05-04,800,N20,VIIRS,n,2,,312.77,9.09,D,0
28.86642,77.18182,,333.29,0.39,0.36,2025-05-04,800,N20,VIIRS,n,2,,302.83,2.53,D,0
29.08593,76.70574,,342.55,0.39,0.36,2025-05-04,800,N20,VIIRS,n,2,,305,3.9,D,0
29.34945,77.00341,,339.59,0.39,0.36,2025-05-04,800,N20,VIIRS,n,2,,305.59,2.83,D,0
30.03728,77.3031,,334.26,0.4,0.37,2025-05-04,800,N20,VIIRS,n,2,,300.83,3.2,D,0
30.46106,76.31087,,343.6,0.39,0.36,2025-05-04,800,N20,VIIRS,n,2,,305.5,3.75,D,0
31.97011,70.87515,,334.86,0.49,0.4,2025-05-04,801,N20,VIIRS,l,2,,305.74,16.33,D,0
20.7848,85.26337,,306.49,0.56,0.52,2025-05-04,2026,N20,VIIRS,n,2,,290.12,1.7,N,2
22.21023,84.86237,,327.46,0.5,0.49,2025-05-04,2026,N20,VIIRS,n,2,,293,4.96,N,2
23.78454,86.20953,,304.15,0.56,0.52,2025-05-04,2026,N20,VIIRS,n,2,,291.04,2.15,N,2
19.48785,73.50153,,305.41,0.48,0.4,2025-05-04,2027,N20,VIIRS,n,2,,294.47,1.3,N,0
15.17886,76.66655,,332.28,0.39,0.36,2025-05-04,2028,N20,VIIRS,n,2,,300.4,2.42,N,2
14.59384,75.84124,,347.88,0.32,0.55,2025-05-05,737,N20,VIIRS,n,2,,306.64,4.81,D,0
15.67492,77.97066,,351.38,0.45,0.47,2025-05-05,737,N20,VIIRS,n,2,,312.99,6.95,D,0
16.51508,79.59995,,339.86,0.52,0.42,2025-05-05,737,N20,VIIRS,l,2,,311.28,6,D,0
17.09934,74.04897,,367,0.38,0.59,2025-05-05,738,N20,VIIRS,h,2,,314.73,8.86,D,0
18.13713,80.67935,,353.7,0.44,0.38,2025-05-05,738,N20,VIIRS,l,2,,312.08,22.56,D,0
18.72009,79.53751,,339.19,0.49,0.4,2025-05-05,738,N20,VIIRS,l,2,,311.78,6.47,D,2
19.53946,83.50664,,336.98,0.38,0.36,2025-05-05,738,N20,VIIRS,n,2,,302.16,2.66,D,0
19.49353,73.08737,,333.45,0.39,0.6,2025-05-05,739,N20,VIIRS,l,2,,304.15,0.8,D,0
21.49747,77.28725,,332.97,0.39,0.44,2025-05-05,739,N20,VIIRS,l,2,,307.71,3.3,D,0
22.27352,78.33766,,339.95,0.5,0.41,2025-05-05,739,N20,VIIRS,n,2,,311.02,7.4,D,0
23.95619,79.23241,,338.03,0.44,0.38,2025-05-05,739,N20,VIIRS,l,2,,307.53,4.74,D,0
25.26051,84.35886,,349.12,0.43,0.38,2025-05-05,740,N20,VIIRS,n,2,,310.03,8.76,D,0
25.66994,83.77523,,337.61,0.41,0.37,2025-05-05,740,N20,VIIRS,n,2,,306.41,4.16,D,0
26.13114,84.45089,,330.55,0.44,0.38,2025-05-05,740,N20,VIIRS,l,2,,300.98,1.19,D,0
29.55731,74.84834,,336.51,0.39,0.44,2025-05-05,741,N20,VIIRS,n,2,,298.85,3.23,D,0
31.25429,73.66083,,335.83,0.42,0.45,2025-05-05,742,N20,VIIRS,n,2,,302.23,2.81,D,0
32.17574,73.66759,,333.5,0.4,0.44,2025-05-05,742,N20,VIIRS,n,2,,297.37,4.05,D,0
21.75626,84.02391,,313.18,0.4,0.37,2025-05-05,2007,N20,VIIRS,n,2,,294.86,1.83,N,2
23.492,83.4502,,302.77,0.39,0.36,2025-05-05,2007,N20,VIIRS,n,2,,290.39,0.35,N,0
20.97066,85.17661,,324.97,0.45,0.39,2025-05-05,2008,N20,VIIRS,n,2,,290.21,2.59,N,2
15.65775,73.98853,,309.53,0.51,0.49,2025-05-05,2010,N20,VIIRS,n,2,,293.23,1.4,N,2
32.6215,74.733,320,,1.3,1.1,2025-05-01,432,Terra,MODIS,67,61.03,297.9,,10.1,D,0
29.2796,79.0336,323.8,,1,1,2025-05-01,433,Terra,MODIS,74,61.03,300.6,,12.3,D,0
30.1494,75.03,329.9,,1.2,1.1,2025-05-01,433,Terra,MODIS,76,61.03,304.8,,18.9,D,0
24.3376,77.9982,333.2,,1.1,1,2025-05-01,434,Terra,MODIS,71,61.03,316.4,,13.2,D,0
17.9551,75.9295,326,,1,1,2025-05-01,436,Terra,MODIS,55,61.03,312.7,,5.9,D,2
27.13,84.276,318.6,,1,1,2025-05-01,844,Aqua,MODIS,72,61.03,295.2,,5.4,D,0
23.5378,77.4577,310.2,,2.8,1.6,2025-05-01,1529,Terra,MODIS,75,61.03,296.9,,24.9,N,0
18.8114,73.6409,329.2,,3.1,1.7,2025-05-02,515,Terra,MODIS,72,61.03,308.6,,74.3,D,0
21.7907,77.6764,333.6,,1.1,1,2025-05-02,921,Aqua,MODIS,65,61.03,318.1,,10.4,D,0
25.6465,76.5551,340.7,,1.1,1,2025-05-02,923,Aqua,MODIS,84,61.03,311.8,,24.7,D,0
23.8,75.2153,319.7,,1,1,2025-05-02,1608,Terra,MODIS,99,61.03,300,,12.9,N,0
25.9358,79.3198,323.5,,1.1,1.1,2025-05-03,414,Terra,MODIS,57,61.03,305.3,,8.2,D,0
28.9654,79.7073,328.3,,1.1,1.1,2025-05-03,414,Terra,MODIS,74,61.03,302.7,,17.2,D,0
17.184,80.1809,322,,1,1,2025-05-03,417,Terra,MODIS,58,61.03,303.3,,6.9,D,0
28.9795,79.7104,321.3,,2.3,1.5,2025-05-04,453,Terra,MODIS,76,61.03,291.9,,40.5,D,0
16.8378,80.4557,318.9,,1.1,1,2025-05-04,900,Aqua,MODIS,42,61.03,299.6,,7.5,D,0
25.7074,78.8546,339.6,,1,1,2025-05-04,902,Aqua,MODIS,82,61.03,311,,21,D,0
28.9455,76.7676,326.4,,1.1,1.1,2025-05-04,903,Aqua,MODIS,39,61.03,304.9,,8.2,D,0
24.4607,78.9179,313,,1,1,2025-05-04,1549,Terra,MODIS,86,61.03,294.5,,10,N,0
19.0927,82.1703,319.7,,1.2,1.1,2025-05-05,357,Terra,MODIS,70,61.03,301.5,,12.7,D,0
12.84099,79.75237,,334.8,0.4,0.6,2025-05-06,718,N20,VIIRS,n,2,,296.37,1.26,D,0
15.37733,76.84209,,331.4,0.56,0.69,2025-05-06,719,N20,VIIRS,n,2,,299.69,4.38,D,0
16.35449,80.70387,,333.28,0.59,0.53,2025-05-06,719,N20,VIIRS,n,2,,296.93,6.73,D,0
17.09242,80.27753,,341.11,0.61,0.53,2025-05-06,719,N20,VIIRS,n,2,,298.5,9.98,D,0
18.36703,84.09705,,331.59,0.51,0.41,2025-05-06,719,N20,VIIRS,l,2,,302.32,3.15,D,0
19.37763,83.976,,332.13,0.5,0.41,2025-05-06,719,N20,VIIRS,n,2,,299.61,2.8,D,0
20.12057,78.11864,,342.06,0.37,0.58,2025-05-06,720,N20,VIIRS,l,2,,312.83,6.28,D,0
21.34898,81.97637,,336.98,0.4,0.44,2025-05-06,720,N20,VIIRS,l,2,,309.17,3.37,D,0
22.33386,82.57509,,339.8,0.53,0.42,2025-05-06,720,N20,VIIRS,l,2,,310.31,3.77,D,2
22.69765,75.06977,,330.42,0.51,0.66,2025-05-06,721,N20,VIIRS,n,2,,295.35,4.85,D,0
24.86811,79.32986,,331.15,0.5,0.49,2025-05-06,721,N20,VIIRS,n,2,,295.78,3.13,D,0
25.64034,78.26235,,343.38,0.56,0.51,2025-05-06,721,N20,VIIRS,n,2,,298.33,5.17,D,0
26.76908,79.23839,,339.32,0.46,0.47,2025-05-06,721,N20,VIIRS,n,2,,304.16,3.5,D,0
27.9784,79.81119,,343.6,0.41,0.45,2025-05-06,722,N20,VIIRS,n,2,,301.06,4.93,D,0
29.32406,75.3079,,343.92,0.35,0.57,2025-05-06,722,N20,VIIRS,n,2,,298.76,2.25,D,0
29.85882,75.16452,,334.39,0.35,0.56,2025-05-06,723,N20,VIIRS,n,2,,294.22,1.73,D,0
30.40655,75.48481,,356.45,0.32,0.55,2025-05-06,723,N20,VIIRS,l,2,,287.68,14.3,D,0
30.65046,74.61234,,332.38,0.36,0.57,2025-05-06,723,N20,VIIRS,n,2,,295.09,1.01,D,0
30.81065,74.96124,,338.15,0.34,0.56,2025-05-06,723,N20,VIIRS,n,2,,297.36,3.02,D,0
31.19791,72.17786,,341.83,0.48,0.65,2025-05-06,723,N20,VIIRS,n,2,,294.82,5.18,D,0
31.86746,73.42556,,353.68,0.39,0.59,2025-05-06,723,N20,VIIRS,n,2,,297.8,6.29,D,0
32.05233,73.4724,,345.16,0.39,0.59,2025-05-06,723,N20,VIIRS,n,2,,298.44,3.41,D,0
32.2011,73.83372,,338.91,0.36,0.58,2025-05-06,723,N20,VIIRS,n,2,,299.08,3.18,D,0
32.8188,74.53635,,330.59,0.32,0.55,2025-05-06,723,N20,VIIRS,n,2,,298.38,3.08,D,0
18.10838,73.43943,,338.7,0.44,0.62,2025-05-06,900,N20,VIIRS,n,2,,302.72,8.54,D,0
29.4677,71.01885,,336.29,0.41,0.6,2025-05-06,903,N20,VIIRS,n,2,,300.09,3.51,D,0
30.76323,71.85126,,331.31,0.47,0.64,2025-05-06,903,N20,VIIRS,n,2,,297.1,2.24,D,0
31.83252,73.86134,,335.31,0.63,0.72,2025-05-06,904,N20,VIIRS,n,2,,292.43,5.76,D,0
23.16734,82.34163,,321.52,0.57,0.43,2025-05-06,1948,N20,VIIRS,n,2,,293.44,2.73,N,2
23.759,86.39766,,309.77,0.39,0.36,2025-05-06,1948,N20,VIIRS,n,2,,295.55,1.83,N,2
24.46601,80.10474,,302.92,0.54,0.51,2025-05-06,1948,N20,VIIRS,n,2,,289.59,0.82,N,0
21.19456,81.39334,,309.24,0.41,0.45,2025-05-06,1949,N20,VIIRS,n,2,,298.04,2.87,N,2
22.31698,82.536,,309.51,0.54,0.42,2025-05-06,1949,N20,VIIRS,n,2,,296.79,2.39,N,2
16.18538,80.72404,,344.56,0.61,0.71,2025-05-07,700,N20,VIIRS,n,2,,281.71,6.25,D,0
20.92577,83.85952,,334.56,0.61,0.54,2025-05-07,701,N20,VIIRS,n,2,,302.43,5.92,D,0
22.33379,82.5772,,338.57,0.35,0.56,2025-05-07,701,N20,VIIRS,n,2,,303.04,2.97,D,2
23.9523,80.88786,,330.19,0.41,0.61,2025-05-07,702,N20,VIIRS,l,2,,302.58,1.8,D,0
25.01535,81.71307,,331.89,0.34,0.56,2025-05-07,702,N20,VIIRS,l,2,,301.93,1.81,D,0
25.67452,78.62003,,334.88,0.52,0.67,2025-05-07,702,N20,VIIRS,n,2,,290.97,6.62,D,0
26.25775,80.7934,,349.53,0.37,0.58,2025-05-07,702,N20,VIIRS,n,2,,298.64,4.46,D,0
25.96565,78.02828,,335.43,0.55,0.68,2025-05-07,703,N20,VIIRS,n,2,,295.52,8.31,D,0
27.1708,83.06796,,343.58,0.51,0.5,2025-05-07,703,N20,VIIRS,n,2,,301.32,5.37,D,0
27.88129,80.17651,,350.04,0.37,0.58,2025-05-07,703,N20,VIIRS,n,2,,293.8,5.92,D,0
29.01443,79.3953,,334.14,0.39,0.59,2025-05-07,703,N20,VIIRS,n,2,,294.7,1.9,D,0
29.76004,75.67603,,331.24,0.62,0.71,2025-05-07,704,N20,VIIRS,n,2,,288.2,3.96,D,0
30.33834,74.39256,,345.43,0.7,0.75,2025-05-07,704,N20,VIIRS,n,2,,286.04,27,D,0
30.68279,75.04803,,339.42,0.63,0.72,2025-05-07,704,N20,VIIRS,n,2,,290.34,6.93,D,0
31.89525,74.93421,,333.47,0.6,0.7,2025-05-07,704,N20,VIIRS,n,2,,289.36,5.87,D,0
15.43085,76.67149,,335.69,0.32,0.54,2025-05-07,840,N20,VIIRS,n,2,,305.54,1.81,D,0
16.40818,75.05642,,337.28,0.51,0.5,2025-05-07,840,N20,VIIRS,n,2,,305.4,3.29,D,0
16.76687,76.48038,,336.88,0.32,0.55,2025-05-07,840,N20,VIIRS,l,2,,309.23,4.67,D,0
17.45622,79.72254,,331.57,0.54,0.68,2025-05-07,841,N20,VIIRS,n,2,,297.81,2.44,D,0
18.60198,79.39091,,332.49,0.53,0.67,2025-05-07,841,N20,VIIRS,n,2,,298.2,3.75,D,0
22.16103,79.21907,,347.57,0.56,0.69,2025-05-07,842,N20,VIIRS,n,2,,303.49,5.96,D,0
24.71069,80.07256,,367,0.68,0.74,2025-05-07,843,N20,VIIRS,h,2,,300.81,17.73,D,0
27.65599,68.16818,,347.42,0.44,0.38,2025-05-07,844,N20,VIIRS,n,2,,312.53,13.07,D,0
29.36194,70.7896,,338.35,0.41,0.45,2025-05-07,844,N20,VIIRS,n,2,,304.72,2.03,D,0
29.63322,74.42943,,351.45,0.34,0.56,2025-05-07,844,N20,VIIRS,n,2,,301.1,5.33,D,0
29.87846,71.39069,,337.96,0.45,0.47,2025-05-07,844,N20,VIIRS,n,2,,300.45,2.33,D,0
30.07197,75.81857,,339.64,0.41,0.61,2025-05-07,844,N20,VIIRS,n,2,,296.8,8.65,D,0
30.27014,76.70538,,335.69,0.47,0.64,2025-05-07,844,N20,VIIRS,n,2,,294.26,5.86,D,0
30.4266,74.82162,,341.97,0.36,0.58,2025-05-07,844,N20,VIIRS,n,2,,292.65,4.61,D,0
30.62056,74.30475,,333.01,0.34,0.56,2025-05-07,844,N20,VIIRS,n,2,,296.66,8.4,D,0
31.16709,76.18213,,340.38,0.45,0.63,2025-05-07,845,N20,VIIRS,n,2,,293.74,6.48,D,0
31.58639,72.4074,,330.11,0.54,0.51,2025-05-07,845,N20,VIIRS,n,2,,297.95,2.19,D,0
31.80062,73.88818,,330.65,0.33,0.55,2025-05-07,845,N20,VIIRS,n,2,,294.93,1.22,D,0
32.06645,74.55264,,334.12,0.36,0.58,2025-05-07,845,N20,VIIRS,n,2,,296.16,2.39,D,0
32.3753,75.3598,,335.93,0.41,0.61,2025-05-07,845,N20,VIIRS,n,2,,294.09,3.43,D,0
23.66525,87.15919,,306.97,0.57,0.43,2025-05-07,1929,N20,VIIRS,n,2,,291.69,1.3,N,0
20.79518,85.2532,,332.17,0.46,0.47,2025-05-07,1930,N20,VIIRS,n,2,,295.41,6.22,N,2
16.94883,76.47173,,312.86,0.77,0.77,2025-05-07,1931,N20,VIIRS,n,2,,287.06,1.55,N,0
15.66039,73.98853,,308.76,0.34,0.56,2025-05-07,2112,N20,VIIRS,n,2,,293.05,0.75,N,2
26.25065,84.20776,,336.66,0.45,0.63,2025-05-08,644,N20,VIIRS,n,2,,299.15,4.54,D,0
28.8835,79.54656,,339.92,0.73,0.76,2025-05-08,645,N20,VIIRS,n,2,,289.29,7.99,D,0
14.59926,77.16497,,340.66,0.5,0.41,2025-05-08,821,N20,VIIRS,l,2,,311.31,5.95,D,0
15.48626,79.61548,,342.52,0.48,0.48,2025-05-08,821,N20,VIIRS,n,2,,295.29,4.56,D,0
16.45862,77.27957,,342.34,0.54,0.42,2025-05-08,821,N20,VIIRS,l,2,,312.45,11.3,D,0
17.30944,81.1395,,367,0.32,0.55,2025-05-08,822,N20,VIIRS,h,2,,298.24,8.11,D,0
27.92841,79.42408,,339.9,0.33,0.56,2025-05-08,825,N20,VIIRS,n,2,,289.68,2.88,D,0
28.89444,79.45977,,334.41,0.34,0.56,2025-05-08,825,N20,VIIRS,n,2,,295.14,1.9,D,0
29.26799,75.53699,,335.18,0.41,0.45,2025-05-08,825,N20,VIIRS,n,2,,302.8,5.17,D,0
29.57071,74.5162,,347.48,0.54,0.42,2025-05-08,825,N20,VIIRS,n,2,,307.48,23.74,D,0
29.7572,72.51958,,335.35,0.44,0.39,2025-05-08,825,N20,VIIRS,l,2,,305.36,3.02,D,0
29.98668,75.04367,,343.26,0.39,0.44,2025-05-08,825,N20,VIIRS,n,2,,303.42,12.31,D,0
30.19939,76.64795,,341.94,0.48,0.48,2025-05-08,825,N20,VIIRS,n,2,,300.8,7.07,D,0
30.77849,76.69046,,343.6,0.49,0.49,2025-05-08,825,N20,VIIRS,n,2,,300.92,5.41,D,0
30.67694,71.69409,,335.61,0.42,0.38,2025-05-08,826,N20,VIIRS,l,2,,306.99,2.99,D,0
30.87953,71.83202,,339.23,0.43,0.38,2025-05-08,826,N20,VIIRS,l,2,,310.41,6.35,D,0
31.02412,74.9044,,347.09,0.39,0.44,2025-05-08,826,N20,VIIRS,n,2,,303.63,3.65,D,0
31.15832,72.1244,,335.45,0.44,0.38,2025-05-08,826,N20,VIIRS,l,2,,305.85,4.8,D,0
31.38502,75.71529,,340.04,0.44,0.46,2025-05-08,826,N20,VIIRS,n,2,,298.5,3.66,D,0
31.58467,73.34827,,330.14,0.5,0.41,2025-05-08,826,N20,VIIRS,n,2,,296.9,1.99,D,0
32.00879,75.44883,,341.52,0.43,0.46,2025-05-08,826,N20,VIIRS,n,2,,298.18,3,D,0
27.72537,80.09665,,309.88,0.48,0.48,2025-05-08,2050,N20,VIIRS,n,2,,291.32,2.54,N,0
25.72346,78.52918,,305.72,0.43,0.46,2025-05-08,2051,N20,VIIRS,n,2,,290.13,1.01,N,0
15.1713,76.37932,,306.91,0.49,0.48,2025-05-08,2054,N20,VIIRS,n,2,,292.41,1.92,N,2
13.2208,79.35292,,330.33,0.39,0.36,2025-05-09,802,N20,VIIRS,l,2,,303.26,41.48,D,0
15.41637,78.57594,,335.2,0.39,0.36,2025-05-09,802,N20,VIIRS,l,2,,306.38,1.88,D,0
16.48516,76.66885,,340.37,0.39,0.36,2025-05-09,803,N20,VIIRS,l,2,,313.3,5.07,D,0
17.03648,80.26765,,336.8,0.44,0.39,2025-05-09,803,N20,VIIRS,n,2,,306.22,3.07,D,0
17.625,79.62112,,338.87,0.42,0.38,2025-05-09,803,N20,VIIRS,n,2,,304.58,3.87,D,0
18.12,78.15948,,346.28,0.39,0.36,2025-05-09,803,N20,VIIRS,n,2,,314.17,4.33,D,0
18.49782,78.67905,,345.94,0.4,0.37,2025-05-09,803,N20,VIIRS,n,2,,312.15,9.52,D,0
18.89488,78.37678,,345.89,0.4,0.37,2025-05-09,803,N20,VIIRS,n,2,,309.58,3.65,D,0
19.82985,83.89924,,330.17,0.51,0.5,2025-05-09,803,N20,VIIRS,l,2,,301.94,3.74,D,0
21.10043,72.65303,,338.69,0.48,0.4,2025-05-09,804,N20,VIIRS,n,2,,299.29,6.69,D,2
22.25937,79.82547,,349.61,0.48,0.4,2025-05-09,804,N20,VIIRS,n,2,,313.62,26.61,D,0
24.14451,82.63329,,338.07,0.48,0.48,2025-05-09,805,N20,VIIRS,n,2,,300.67,4.22,D,0
25.09561,81.69096,,339.9,0.44,0.46,2025-05-09,805,N20,VIIRS,l,2,,309.97,11.72,D,0
25.74148,76.54932,,340.88,0.39,0.37,2025-05-09,805,N20,VIIRS,n,2,,305.47,6.6,D,0
25.95432,78.70528,,353.03,0.46,0.39,2025-05-09,805,N20,VIIRS,n,2,,306.81,16.2,D,0
26.33101,80.2004,,336.34,0.56,0.43,2025-05-09,805,N20,VIIRS,n,2,,302.64,2.71,D,0
27.33968,80.3821,,347.53,0.39,0.44,2025-05-09,806,N20,VIIRS,n,2,,310.39,13.36,D,0
27.92426,79.55602,,337.29,0.54,0.42,2025-05-09,806,N20,VIIRS,n,2,,305.16,7.5,D,0
28.47564,81.07068,,334.48,0.44,0.46,2025-05-09,806,N20,VIIRS,l,2,,306.86,5.07,D,0
28.75129,79.18147,,334.08,0.52,0.42,2025-05-09,806,N20,VIIRS,n,2,,303.12,5.33,D,0
28.96954,76.85973,,341.97,0.42,0.38,2025-05-09,806,N20,VIIRS,n,2,,304.09,11.19,D,0
29.25846,70.66308,,341.23,0.46,0.39,2025-05-09,806,N20,VIIRS,n,2,,303.95,12.29,D,0
29.72458,75.99458,,338.89,0.4,0.37,2025-05-09,806,N20,VIIRS,n,2,,305.63,4.51,D,0
29.9938,74.88892,,332.89,0.39,0.36,2025-05-09,806,N20,VIIRS,n,2,,293.39,2.7,D,0
30.19925,75.15964,,340.56,0.39,0.36,2025-05-09,807,N20,VIIRS,n,2,,294.88,4.97,D,0
30.44456,76.06664,,342.92,0.41,0.37,2025-05-09,807,N20,VIIRS,n,2,,307.34,8.71,D,0
30.68917,74.9102,,339.39,0.39,0.36,2025-05-09,807,N20,VIIRS,n,2,,307.03,5.87,D,0
30.93688,76.06482,,344.77,0.41,0.37,2025-05-09,807,N20,VIIRS,n,2,,304.33,4.96,D,0
31.32456,75.4462,,334.8,0.4,0.37,2025-05-09,807,N20,VIIRS,n,2,,297.74,1.93,D,0
31.66522,75.38371,,341.18,0.4,0.37,2025-05-09,807,N20,VIIRS,n,2,,305.72,10.55,D,0
31.89798,73.35229,,338.71,0.38,0.36,2025-05-09,807,N20,VIIRS,n,2,,296.28,2.96,D,0
32.50761,74.62307,,332.73,0.39,0.36,2025-05-09,807,N20,VIIRS,l,2,,304.09,2.6,D,0
27.99639,79.65665,,305.27,0.41,0.37,2025-05-09,2031,N20,VIIRS,n,2,,292.07,0.29,N,0
22.79065,86.20814,,305.33,0.37,0.58,2025-05-09,2032,N20,VIIRS,n,2,,292.69,1.34,N,2
23.7369,86.43535,,312.46,0.37,0.58,2025-05-09,2032,N20,VIIRS,n,2,,293.07,1.32,N,2
24.8226,77.1043,,326.8,0.38,0.36,2025-05-09,2032,N20,VIIRS,n,2,,292.38,1.51,N,0
21.37782,81.68121,,320.06,0.41,0.45,2025-05-09,2033,N20,VIIRS,n,2,,298,3.37,N,2
23.32743,70.21404,,308.45,0.44,0.46,2025-05-09,2033,N20,VIIRS,n,2,,293.7,0.63,N,2
15.73206,77.02156,,308.9,0.43,0.38,2025-05-09,2035,N20,VIIRS,n,2,,293.52,1.22,N,0
15.58758,76.85909,,333.42,0.42,0.45,2025-05-10,744,N20,VIIRS,n,2,,292.63,1.78,D,0
16.55953,75.2976,,345.85,0.51,0.49,2025-05-10,744,N20,VIIRS,n,2,,301.04,6.69,D,0
17.84338,74.17023,,331.49,0.57,0.52,2025-05-10,744,N20,VIIRS,l,2,,303.46,4.02,D,0
18.54893,77.8586,,340.12,0.5,0.41,2025-05-10,744,N20,VIIRS,n,2,,309.59,11.98,D,0
19.10177,84.42073,,333.62,0.44,0.38,2025-05-10,744,N20,VIIRS,l,2,,306.08,3.06,D,0
19.75743,84.11891,,335.5,0.43,0.38,2025-05-10,744,N20,VIIRS,n,2,,308.74,2.02,D,0
19.88956,83.58173,,330.82,0.42,0.37,2025-05-10,745,N20,VIIRS,l,2,,303.94,2.45,D,0
20.98124,79.41932,,339.86,0.41,0.37,2025-05-10,745,N20,VIIRS,l,2,,310.29,8.74,D,0
21.68778,87.36295,,341.37,0.45,0.47,2025-05-10,745,N20,VIIRS,n,2,,299.71,4.12,D,0
22.4239,80.08261,,343.78,0.39,0.36,2025-05-10,745,N20,VIIRS,l,2,,313.52,8.6,D,0
23.45148,70.86757,,354.13,0.36,0.57,2025-05-10,746,N20,VIIRS,n,2,,295.77,5.27,D,0
24.74849,81.32702,,344.61,0.39,0.36,2025-05-10,746,N20,VIIRS,n,2,,312.35,6.88,D,0
25.37848,84.33825,,342.55,0.5,0.41,2025-05-10,746,N20,VIIRS,n,2,,307.27,11.13,D,0
25.88373,84.43595,,340.95,0.52,0.41,2025-05-10,746,N20,VIIRS,n,2,,307.31,7.26,D,0
26.337,81.41132,,339.7,0.4,0.37,2025-05-10,746,N20,VIIRS,n,2,,309.49,6.18,D,0
26.73101,79.85526,,339.22,0.38,0.36,2025-05-10,747,N20,VIIRS,n,2,,307.02,26.68,D,0
27.59574,81.74205,,343.95,0.42,0.37,2025-05-10,747,N20,VIIRS,n,2,,309.35,9.23,D,0
28.27242,80.14982,,342.76,0.39,0.36,2025-05-10,747,N20,VIIRS,n,2,,308.03,6.66,D,0
28.51046,82.10589,,335.03,0.43,0.38,2025-05-10,747,N20,VIIRS,l,2,,305.63,1.84,D,0
29.06763,81.13623,,338.3,0.41,0.37,2025-05-10,747,N20,VIIRS,n,2,,307.01,4.27,D,0
29.99183,73.00165,,343.66,0.4,0.44,2025-05-10,748,N20,VIIRS,n,2,,303.58,4.78,D,0
30.28639,73.55341,,344.3,0.55,0.43,2025-05-10,748,N20,VIIRS,n,2,,303.9,6.8,D,0
30.58522,74.11034,,342.2,0.51,0.41,2025-05-10,748,N20,VIIRS,n,2,,305,6.31,D,0
30.8709,75.34008,,330.6,0.45,0.39,2025-05-10,748,N20,VIIRS,l,2,,299.62,2.51,D,0
31.25504,72.6587,,334.55,0.39,0.44,2025-05-10,748,N20,VIIRS,l,2,,304.87,3.53,D,0
31.44054,74.76729,,336.19,0.46,0.39,2025-05-10,748,N20,VIIRS,l,2,,304.26,2.99,D,0
31.562,75.44659,,347.64,0.44,0.38,2025-05-10,748,N20,VIIRS,n,2,,300.97,8.95,D,0
31.66792,72.56501,,332.19,0.39,0.44,2025-05-10,748,N20,VIIRS,l,2,,305.28,2.52,D,0
31.78663,73.87408,,337.84,0.5,0.41,2025-05-10,748,N20,VIIRS,n,2,,306.57,3.62,D,0
31.87763,73.48583,,336.42,0.52,0.41,2025-05-10,748,N20,VIIRS,l,2,,306.98,2.97,D,0
31.93229,73.44305,,335.82,0.52,0.42,2025-05-10,748,N20,VIIRS,n,2,,305.51,1.95,D,0
32.01067,73.71289,,338.41,0.5,0.41,2025-05-10,748,N20,VIIRS,n,2,,308.27,2.84,D,0
32.09321,73.56743,,338.29,0.51,0.41,2025-05-10,748,N20,VIIRS,n,2,,305.04,10.39,D,0
32.17101,74.02543,,344.8,0.49,0.4,2025-05-10,748,N20,VIIRS,n,2,,309.88,5.45,D,0
32.32333,73.57673,,331.93,0.51,0.41,2025-05-10,748,N20,VIIRS,l,2,,303.48,1.88,D,0
32.49379,73.71071,,339.6,0.5,0.41,2025-05-10,748,N20,VIIRS,n,2,,308.05,4.89,D,0
33.44573,71.90144,,337.69,0.39,0.44,2025-05-10,749,N20,VIIRS,l,2,,312.5,3.96,D,0
28.03248,81.34141,,306.22,0.39,0.36,2025-05-10,2012,N20,VIIRS,n,2,,293.71,0.85,N,0
22.36921,87.29898,,312.3,0.45,0.47,2025-05-10,2013,N20,VIIRS,n,2,,294.62,1.56,N,2
27.20987,80.38549,,312.15,0.4,0.37,2025-05-10,2013,N20,VIIRS,n,2,,293.32,1.17,N,0
21.75996,83.8431,,306.58,0.45,0.39,2025-05-10,2014,N20,VIIRS,n,2,,292.25,0.97,N,2
22.57237,79.8959,,305.27,0.39,0.36,2025-05-10,2014,N20,VIIRS,n,2,,290.24,1.96,N,0
12.96559,79.91477,,309.59,0.4,0.37,2025-05-10,2016,N20,VIIRS,n,2,,294.41,0.44,N,0
31.1839,73.3342,323.1,,1.4,1.2,2025-05-06,433,Terra,MODIS,68,61.03,299,,16,D,0
14.4625,75.566,317,,1.1,1,2025-05-06,438,Terra,MODIS,50,61.03,301.1,,4.9,D,0
20.797,85.2501,316.7,,1,1,2025-05-06,1529,Terra,MODIS,92,61.03,298.3,,10.9,N,2
15.1661,78.1357,337.5,,1,1,2025-05-07,918,Aqua,MODIS,77,61.03,311.8,,19.7,D,0
29.4428,75.3014,332,,1,1,2025-05-07,922,Aqua,MODIS,75,61.03,309.4,,11.9,D,0
30.6625,71.7009,326.2,,1.1,1.1,2025-05-07,922,Aqua,MODIS,64,61.03,307,,8.6,D,0
32.2332,74.5215,323.9,,1,1,2025-05-07,923,Aqua,MODIS,68,61.03,304.4,,6.2,D,0
30.4522,77.179,321.2,,1.6,1.2,2025-05-08,414,Terra,MODIS,68,61.03,298.9,,11.6,D,0
16.3173,80.6521,337.4,,1.1,1,2025-05-08,418,Terra,MODIS,84,61.03,300.4,,29.5,D,0
29.8478,74.3418,324,,1.1,1,2025-05-09,454,Terra,MODIS,66,61.03,301.8,,8.8,D,0
12.2983,78.4113,323.8,,1.8,1.3,2025-05-09,857,Aqua,MODIS,60,61.03,302,,25.1,D,0
27.8116,79.5188,332.4,,1,1,2025-05-09,901,Aqua,MODIS,54,61.03,310.8,,10.4,D,0
22.6032,76.5227,304.9,,1.4,1.2,2025-05-09,1550,Terra,MODIS,56,61.03,294.5,,5.5,N,0
21.2156,85.7385,318,,1,1,2025-05-10,357,Terra,MODIS,51,61.03,302.4,,8.5,D,0
30.2303,73.5126,327.5,,1.3,1.1,2025-05-10,941,Aqua,MODIS,65,61.03,306.1,,10.1,D,0
31.7737,75.3438,328.5,,1.8,1.3,2025-05-10,941,Aqua,MODIS,68,61.03,303.6,,21.3,D,0
15.1791,76.6708,305.2,,1.1,1,2025-05-10,2148,Aqua,MODIS,49,61.03,294,,4.4,N,2
15.5321,78.55331,,367,0.33,0.55,2025-05-11,725,N20,VIIRS,h,2,,300.31,5.72,D,0
16.17233,80.79359,,341.22,0.46,0.47,2025-05-11,725,N20,VIIRS,n,2,,300.67,6.59,D,0
16.6266,81.50585,,331.4,0.41,0.45,2025-05-11,725,N20,VIIRS,n,2,,301.18,4.48,D,0
17.18876,79.77274,,343.7,0.51,0.5,2025-05-11,725,N20,VIIRS,n,2,,302.3,6.85,D,0
17.68758,77.56352,,330.26,0.35,0.57,2025-05-11,725,N20,VIIRS,n,2,,300.02,3.12,D,0
18.21456,82.28323,,334.84,0.52,0.42,2025-05-11,725,N20,VIIRS,n,2,,302.11,3.5,D,0
18.44903,78.90685,,342,0.56,0.51,2025-05-11,726,N20,VIIRS,n,2,,299.37,5.79,D,0
19.18149,82.33569,,333.08,0.5,0.41,2025-05-11,726,N20,VIIRS,l,2,,303.48,2.49,D,0
20.44568,79.63754,,342.45,0.46,0.47,2025-05-11,726,N20,VIIRS,n,2,,304.87,5.84,D,0
21.78046,83.54762,,337.61,0.42,0.38,2025-05-11,726,N20,VIIRS,l,2,,308.29,4.6,D,0
21.51555,74.47905,,330.05,0.47,0.64,2025-05-11,727,N20,VIIRS,n,2,,296.59,4.28,D,0
23.08725,80.10268,,341,0.39,0.44,2025-05-11,727,N20,VIIRS,n,2,,304.13,6.78,D,0
23.75645,86.4034,,335.87,0.39,0.36,2025-05-11,727,N20,VIIRS,l,2,,307.34,4.47,D,2
24.6772,79.32225,,352.63,0.4,0.44,2025-05-11,727,N20,VIIRS,n,2,,307.66,11.17,D,0
25.28854,75.86097,,333.83,0.63,0.54,2025-05-11,728,N20,VIIRS,n,2,,287.01,4.04,D,0
26.49832,78.30738,,335.11,0.43,0.46,2025-05-11,728,N20,VIIRS,l,2,,305.75,2.49,D,0
28.05858,77.94122,,334.3,0.42,0.45,2025-05-11,728,N20,VIIRS,n,2,,303.54,1.83,D,0
28.67068,76.43616,,332.29,0.5,0.49,2025-05-11,728,N20,VIIRS,l,2,,305.48,2.53,D,0
28.98983,79.24997,,339.47,0.52,0.41,2025-05-11,728,N20,VIIRS,n,2,,307.22,9.64,D,0
29.04282,76.72951,,336.79,0.47,0.48,2025-05-11,729,N20,VIIRS,l,2,,309.68,3.76,D,0
29.26421,75.75932,,341.45,0.53,0.5,2025-05-11,729,N20,VIIRS,n,2,,304.88,5.17,D,0
29.55046,76.41616,,344.96,0.48,0.48,2025-05-11,729,N20,VIIRS,n,2,,309.44,5.55,D,0
29.73366,76.13375,,342.11,0.49,0.49,2025-05-11,729,N20,VIIRS,n,2,,307.99,6.03,D,0
29.89812,76.84725,,344.48,0.44,0.46,2025-05-11,729,N20,VIIRS,n,2,,309.97,6.06,D,0
30.04486,71.91022,,345.04,0.43,0.62,2025-05-11,729,N20,VIIRS,n,2,,303.88,5.3,D,0
30.1734,74.74072,,334.1,0.58,0.52,2025-05-11,729,N20,VIIRS,n,2,,302.62,7.36,D,0
30.24265,74.60507,,338.98,0.59,0.53,2025-05-11,729,N20,VIIRS,n,2,,302.37,6.24,D,0
30.3406,75.01292,,333.6,0.55,0.51,2025-05-11,729,N20,VIIRS,n,2,,300.89,2.34,D,0
30.42134,76.08606,,335.88,0.48,0.48,2025-05-11,729,N20,VIIRS,n,2,,305.71,2.12,D,0
30.47517,75.48708,,334.61,0.52,0.5,2025-05-11,729,N20,VIIRS,n,2,,302.79,1.63,D,0
30.57519,75.43953,,330.66,0.52,0.5,2025-05-11,729,N20,VIIRS,l,2,,302.75,3.99,D,0
30.62309,74.79633,,335.05,0.56,0.52,2025-05-11,729,N20,VIIRS,n,2,,301.83,5.98,D,0
30.70408,75.30806,,334.29,0.52,0.5,2025-05-11,729,N20,VIIRS,n,2,,300.35,2.16,D,0
30.78472,74.38314,,334.89,0.59,0.53,2025-05-11,729,N20,VIIRS,n,2,,301.47,8.17,D,0
30.86393,74.40052,,338.06,0.59,0.53,2025-05-11,729,N20,VIIRS,n,2,,300.05,5.08,D,0
31.00878,75.95341,,352.72,0.47,0.48,2025-05-11,729,N20,VIIRS,n,2,,310.1,41.53,D,0
31.08804,74.30418,,335.1,0.59,0.53,2025-05-11,729,N20,VIIRS,n,2,,298.5,4.7,D,0
31.18756,75.86493,,333.88,0.48,0.48,2025-05-11,729,N20,VIIRS,l,2,,308.08,2.4,D,0
31.2837,75.75916,,345.15,0.48,0.48,2025-05-11,729,N20,VIIRS,n,2,,309.73,5,D,0
31.36417,76.06628,,333.9,0.46,0.47,2025-05-11,729,N20,VIIRS,l,2,,308.65,2.4,D,0
31.46838,74.53795,,335.2,0.56,0.51,2025-05-11,729,N20,VIIRS,n,2,,300.08,5.77,D,0
31.52662,74.73063,,338.54,0.54,0.51,2025-05-11,729,N20,VIIRS,n,2,,302.42,2.29,D,0
31.62464,75.02019,,339.01,0.52,0.5,2025-05-11,729,N20,VIIRS,n,2,,304.62,4.57,D,0
31.69663,75.45617,,343.68,0.49,0.49,2025-05-11,729,N20,VIIRS,n,2,,306.44,4.18,D,0
31.75365,74.33463,,337.59,0.57,0.52,2025-05-11,729,N20,VIIRS,n,2,,306.87,4.22,D,0
31.8176,74.78535,,333.78,0.53,0.5,2025-05-11,729,N20,VIIRS,l,2,,304.03,3.83,D,0
31.86326,74.77507,,332.95,0.53,0.5,2025-05-11,729,N20,VIIRS,l,2,,303.44,6.57,D,0
31.92585,75.4949,,337.47,0.48,0.48,2025-05-11,729,N20,VIIRS,l,2,,308.91,4.7,D,0
32.0505,75.47658,,341.15,0.48,0.48,2025-05-11,729,N20,VIIRS,n,2,,306.42,3.4,D,0
31.47542,70.74256,,332.82,0.46,0.64,2025-05-11,730,N20,VIIRS,n,2,,302.89,3.51,D,0
31.85001,73.79443,,335.35,0.6,0.53,2025-05-11,730,N20,VIIRS,n,2,,301.65,6.93,D,0
31.98433,73.45319,,340.54,0.63,0.54,2025-05-11,730,N20,VIIRS,n,2,,302.42,4.39,D,0
32.08882,74.39083,,331.95,0.55,0.51,2025-05-11,730,N20,VIIRS,l,2,,303.11,3.37,D,0
32.20579,73.8299,,348.64,0.59,0.53,2025-05-11,730,N20,VIIRS,n,2,,307.04,9.86,D,0
32.31907,74.01854,,331.01,0.57,0.52,2025-05-11,730,N20,VIIRS,l,2,,305.16,2.79,D,0
32.41014,72.99675,,340.29,0.33,0.55,2025-05-11,730,N20,VIIRS,n,2,,303.4,3.16,D,0
32.63456,71.41376,,345.66,0.4,0.6,2025-05-11,730,N20,VIIRS,n,2,,299.83,3.39,D,0
17.85138,73.48908,,338.06,0.56,0.68,2025-05-11,906,N20,VIIRS,n,2,,291.48,6.58,D,0
30.62804,71.67183,,336.04,0.57,0.69,2025-05-11,910,N20,VIIRS,n,2,,304.86,6.63,D,0
32.1388,73.43996,,338.81,0.75,0.77,2025-05-11,910,N20,VIIRS,n,2,,292.52,8.01,D,0
23.73582,86.42946,,316.35,0.39,0.36,2025-05-11,1954,N20,VIIRS,n,2,,296.03,4.42,N,2
20.76253,85.29371,,316.86,0.38,0.36,2025-05-11,1955,N20,VIIRS,n,2,,296.71,1.45,N,2
21.91853,83.35237,,309.07,0.42,0.38,2025-05-11,1955,N20,VIIRS,n,2,,294.34,3.28,N,2
18.9198,76.42783,,315.95,0.62,0.54,2025-05-11,1956,N20,VIIRS,n,2,,288.82,5.98,N,0
16.05729,80.86508,,367,0.47,0.64,2025-05-12,706,N20,VIIRS,h,2,,295.66,13.03,D,0
17.15565,79.8379,,338.38,0.52,0.67,2025-05-12,706,N20,VIIRS,n,2,,297.02,8.5,D,0
18.62983,79.12791,,338.25,0.54,0.68,2025-05-12,707,N20,VIIRS,n,2,,296.74,3.4,D,0
19.51281,82.9123,,336.16,0.59,0.53,2025-05-12,707,N20,VIIRS,n,2,,299.79,2.47,D,0
20.24612,86.2896,,331.75,0.54,0.42,2025-05-12,707,N20,VIIRS,n,2,,301.51,4.14,D,0
21.91589,84.23922,,337.08,0.44,0.46,2025-05-12,707,N20,VIIRS,n,2,,298.16,3.31,D,0
23.19937,76.44796,,330.42,0.64,0.72,2025-05-12,708,N20,VIIRS,n,2,,295.17,6.24,D,0
23.78241,76.92115,,332.18,0.58,0.7,2025-05-12,708,N20,VIIRS,n,2,,296.26,2.13,D,0
24.8501,82.10778,,341.96,0.52,0.5,2025-05-12,708,N20,VIIRS,n,2,,303.06,3.7,D,0
25.53003,84.85014,,341.18,0.53,0.42,2025-05-12,708,N20,VIIRS,n,2,,303.2,4.42,D,0
25.61446,78.73698,,348.85,0.41,0.6,2025-05-12,709,N20,VIIRS,n,2,,304.27,6.65,D,0
25.84457,78.88151,,339.06,0.39,0.6,2025-05-12,709,N20,VIIRS,n,2,,301.5,3.97,D,0
25.98564,78.64117,,347.55,0.4,0.6,2025-05-12,709,N20,VIIRS,n,2,,305.08,9.13,D,0
26.14489,79.4958,,333.1,0.36,0.57,2025-05-12,709,N20,VIIRS,l,2,,305.31,1.52,D,0
26.54269,79.74438,,334.33,0.34,0.56,2025-05-12,709,N20,VIIRS,n,2,,303.66,1.76,D,0
26.93694,83.0738,,343.05,0.42,0.45,2025-05-12,709,N20,VIIRS,n,2,,305.8,5.11,D,0
27.56539,79.72513,,338.29,0.32,0.55,2025-05-12,709,N20,VIIRS,n,2,,305.18,2.4,D,0
28.09245,79.80305,,332.89,0.62,0.54,2025-05-12,709,N20,VIIRS,l,2,,305.94,5.07,D,0
28.58327,77.55038,,332.33,0.41,0.61,2025-05-12,710,N20,VIIRS,n,2,,300.15,2.46,D,0
29.01235,79.23557,,333.11,0.32,0.55,2025-05-12,710,N20,VIIRS,l,2,,303.52,2.79,D,0
29.21992,78.08526,,330.32,0.37,0.58,2025-05-12,710,N20,VIIRS,l,2,,304.99,1.26,D,0
29.61758,76.95284,,367,0.42,0.61,2025-05-12,710,N20,VIIRS,h,2,,301.94,11.3,D,0
29.93802,76.97974,,351.31,0.41,0.61,2025-05-12,710,N20,VIIRS,n,2,,304.33,4.92,D,0
30.17886,76.06761,,343.54,0.46,0.64,2025-05-12,710,N20,VIIRS,n,2,,301.97,5.61,D,0
30.3047,76.32418,,330.09,0.44,0.63,2025-05-12,710,N20,VIIRS,l,2,,301.44,1.68,D,0
30.40252,76.07973,,336.34,0.46,0.63,2025-05-12,710,N20,VIIRS,n,2,,304.99,4.36,D,0
30.57157,75.46185,,331.96,0.49,0.65,2025-05-12,710,N20,VIIRS,n,2,,301.74,7.47,D,0
30.73803,76.1095,,332.04,0.44,0.63,2025-05-12,710,N20,VIIRS,l,2,,303.85,3.87,D,0
31.10525,75.17375,,341.11,0.49,0.65,2025-05-12,710,N20,VIIRS,n,2,,300.9,3.87,D,0
31.48116,72.33232,,335.23,0.7,0.75,2025-05-12,711,N20,VIIRS,n,2,,294.55,4.18,D,0
31.73244,74.1927,,334.03,0.54,0.68,2025-05-12,711,N20,VIIRS,n,2,,301.17,4.98,D,0
31.84547,73.65528,,333.51,0.57,0.69,2025-05-12,711,N20,VIIRS,n,2,,298.67,5.8,D,0
31.96233,75.82098,,330.83,0.43,0.62,2025-05-12,711,N20,VIIRS,l,2,,304.19,3.33,D,0
32.12342,75.45585,,330.36,0.45,0.63,2025-05-12,711,N20,VIIRS,l,2,,302.07,1.79,D,0
32.45224,73.33714,,331.9,0.58,0.7,2025-05-12,711,N20,VIIRS,n,2,,296.87,2.65,D,0
15.39041,76.63608,,351.55,0.4,0.6,2025-05-12,846,N20,VIIRS,n,2,,296.23,13.2,D,0
17.1852,79.52187,,356.27,0.66,0.73,2025-05-12,847,N20,VIIRS,n,2,,297.68,15.54,D,0
18.8569,78.44443,,331.11,0.59,0.7,2025-05-12,847,N20,VIIRS,n,2,,292.18,6.09,D,0
22.56027,75.53665,,334.42,0.42,0.61,2025-05-12,849,N20,VIIRS,n,2,,301.28,4.28,D,0
25.25271,68.92258,,337.51,0.53,0.42,2025-05-12,849,N20,VIIRS,n,2,,307.06,4.1,D,0
26.30588,79.16505,,338.4,0.77,0.77,2025-05-12,849,N20,VIIRS,n,2,,295.48,7.67,D,0
29.45927,74.91404,,351.51,0.45,0.63,2025-05-12,850,N20,VIIRS,n,2,,302.56,6.75,D,0
29.864,76.07845,,333.11,0.54,0.67,2025-05-12,851,N20,VIIRS,n,2,,300.87,6.04,D,0
30.20922,74.8535,,342.22,0.45,0.63,2025-05-12,851,N20,VIIRS,n,2,,300.78,3.29,D,0
30.41299,75.55836,,331.87,0.5,0.66,2025-05-12,851,N20,VIIRS,n,2,,300.26,3.37,D,0
30.55861,76.48341,,351.51,0.57,0.69,2025-05-12,851,N20,VIIRS,n,2,,307.71,17.93,D,0
30.68786,70.85307,,336.02,0.53,0.5,2025-05-12,851,N20,VIIRS,l,2,,309.99,3.34,D,0
30.87406,74.36721,,335.14,0.43,0.62,2025-05-12,851,N20,VIIRS,n,2,,299.58,3.73,D,0
31.084,74.82581,,335.62,0.46,0.64,2025-05-12,851,N20,VIIRS,n,2,,301.86,2.8,D,0
31.30045,74.92581,,332.84,0.47,0.64,2025-05-12,851,N20,VIIRS,n,2,,302.19,3.27,D,0
31.49857,74.63959,,331.6,0.45,0.63,2025-05-12,851,N20,VIIRS,n,2,,300.91,4.2,D,0
31.68776,74.58378,,331.79,0.45,0.63,2025-05-12,851,N20,VIIRS,l,2,,303.89,3.24,D,0
31.79916,75.42078,,351.09,0.51,0.66,2025-05-12,851,N20,VIIRS,n,2,,301.51,5.17,D,0
31.8709,73.89764,,367,0.41,0.61,2025-05-12,851,N20,VIIRS,h,2,,307.37,24.63,D,0
31.9622,74.58522,,335.79,0.45,0.63,2025-05-12,851,N20,VIIRS,n,2,,302.79,5.41,D,0
32.10657,74.36845,,334.16,0.44,0.63,2025-05-12,851,N20,VIIRS,n,2,,302.83,3.53,D,0
32.32984,73.99109,,331.06,0.42,0.61,2025-05-12,851,N20,VIIRS,l,2,,302.28,2.72,D,0
32.6972,74.69185,,333.47,0.47,0.64,2025-05-12,851,N20,VIIRS,n,2,,305.18,11.16,D,0
26.93557,82.74484,,313.52,0.62,0.54,2025-05-12,1935,N20,VIIRS,n,2,,295.55,2.22,N,0
23.72381,86.43797,,319.08,0.51,0.41,2025-05-12,1936,N20,VIIRS,n,2,,291.49,4.33,N,2
29.47622,81.06105,,296.46,0.6,0.71,2025-05-12,2114,N20,VIIRS,n,2,,285.77,0.97,N,0
22.52974,74.31908,,303.86,0.33,0.56,2025-05-12,2117,N20,VIIRS,n,2,,292.29,0.41,N,0
24.21827,82.37549,,344.66,0.51,0.66,2025-05-13,649,N20,VIIRS,n,2,,302.52,5.34,D,0
25.11143,79.95023,,334.43,0.69,0.74,2025-05-13,650,N20,VIIRS,n,2,,297.8,4.36,D,0
25.8483,82.72363,,333.84,0.45,0.63,2025-05-13,650,N20,VIIRS,l,2,,305.71,2.67,D,0
26.35697,80.77628,,331.25,0.57,0.69,2025-05-13,650,N20,VIIRS,n,2,,300.32,3.02,D,0
27.66601,78.77135,,347.68,0.7,0.75,2025-05-13,651,N20,VIIRS,n,2,,304.99,44.88,D,0
28.82671,79.74877,,330.27,0.57,0.69,2025-05-13,651,N20,VIIRS,n,2,,299.44,12.13,D,0
13.92846,77.91773,,338.42,0.45,0.47,2025-05-13,827,N20,VIIRS,n,2,,305.78,4.54,D,0
16.12024,73.62118,,333.36,0.42,0.38,2025-05-13,828,N20,VIIRS,n,2,,301.75,3.11,D,0
16.47114,79.77135,,340.68,0.33,0.55,2025-05-13,828,N20,VIIRS,n,2,,300.19,4.25,D,0
16.95329,79.77174,,330.83,0.33,0.55,2025-05-13,828,N20,VIIRS,n,2,,297.19,1.58,D,0
17.34802,73.65049,,336.45,0.44,0.38,2025-05-13,828,N20,VIIRS,n,2,,298.34,4.94,D,0
18.05739,78.07297,,344.75,0.53,0.5,2025-05-13,828,N20,VIIRS,n,2,,300.41,10.58,D,0
18.72152,79.53626,,336.59,0.34,0.56,2025-05-13,828,N20,VIIRS,n,2,,304.47,4.87,D,2
19.71547,73.25807,,340.64,0.44,0.39,2025-05-13,829,N20,VIIRS,n,2,,301.79,8.11,D,0
20.75211,73.65581,,335.66,0.47,0.4,2025-05-13,829,N20,VIIRS,n,2,,301.95,3.37,D,0
22.42655,80.1763,,335.02,0.41,0.61,2025-05-13,829,N20,VIIRS,n,2,,300.99,2.37,D,0
24.44064,79.03722,,341.37,0.36,0.58,2025-05-13,830,N20,VIIRS,n,2,,307.74,7.45,D,0
24.9109,81.15579,,330.68,0.5,0.66,2025-05-13,830,N20,VIIRS,l,2,,301.68,6.54,D,0
25.28473,79.80688,,367,0.42,0.61,2025-05-13,830,N20,VIIRS,h,2,,302.48,17.1,D,0
25.71164,79.71903,,352.38,0.42,0.61,2025-05-13,830,N20,VIIRS,n,2,,305.19,4.1,D,0
26.39666,78.36105,,355.36,0.35,0.56,2025-05-13,831,N20,VIIRS,n,2,,306.71,9.19,D,0
27.83469,78.99498,,334.27,0.39,0.6,2025-05-13,831,N20,VIIRS,l,2,,306.13,3.55,D,0
28.64953,79.25778,,345.29,0.42,0.61,2025-05-13,831,N20,VIIRS,n,2,,304.41,4.14,D,0
29.27883,79.13007,,367,0.42,0.61,2025-05-13,831,N20,VIIRS,h,2,,307.11,9.2,D,0
29.81945,75.62445,,344.67,0.52,0.5,2025-05-13,832,N20,VIIRS,n,2,,303.01,5.24,D,0
30.12785,74.63227,,340.8,0.46,0.47,2025-05-13,832,N20,VIIRS,n,2,,309.56,6.33,D,0
30.31003,74.44463,,342.38,0.45,0.47,2025-05-13,832,N20,VIIRS,n,2,,309.41,5.51,D,0
30.44106,75.62749,,334.43,0.53,0.5,2025-05-13,832,N20,VIIRS,n,2,,303.19,2.6,D,0
30.57487,75.57028,,331.13,0.52,0.5,2025-05-13,832,N20,VIIRS,l,2,,301.7,2.26,D,0
30.67256,76.33376,,336.32,0.58,0.52,2025-05-13,832,N20,VIIRS,l,2,,306.8,4.73,D,0
30.77263,74.3153,,348.11,0.44,0.46,2025-05-13,832,N20,VIIRS,n,2,,310.13,14.07,D,0
30.88641,75.14268,,338.89,0.5,0.49,2025-05-13,832,N20,VIIRS,n,2,,308.07,4.22,D,0
31.01995,75.82639,,339.92,0.55,0.51,2025-05-13,832,N20,VIIRS,n,2,,305.39,4.29,D,0
31.10419,74.92397,,337.2,0.49,0.48,2025-05-13,832,N20,VIIRS,n,2,,306.33,4.31,D,0
31.23602,74.53628,,342.65,0.46,0.47,2025-05-13,832,N20,VIIRS,n,2,,306.34,5.98,D,0
31.32236,75.95826,,345.39,0.56,0.52,2025-05-13,832,N20,VIIRS,n,2,,306.09,5.6,D,0
31.42573,74.938,,330.63,0.49,0.49,2025-05-13,832,N20,VIIRS,l,2,,303.1,4.57,D,0
31.52721,75.08185,,331.51,0.5,0.49,2025-05-13,832,N20,VIIRS,l,2,,302.72,1.03,D,0
31.6285,74.99463,,338.96,0.5,0.49,2025-05-13,832,N20,VIIRS,n,2,,302.89,4.46,D,0
31.70527,74.7783,,333.56,0.48,0.48,2025-05-13,832,N20,VIIRS,n,2,,300.23,3.56,D,0
31.74948,75.2879,,339.56,0.52,0.5,2025-05-13,832,N20,VIIRS,n,2,,308.8,7.45,D,0
31.79954,74.70435,,337.09,0.48,0.48,2025-05-13,832,N20,VIIRS,n,2,,304.55,4.8,D,0
31.84393,73.36646,,337.31,0.4,0.45,2025-05-13,832,N20,VIIRS,l,2,,308.47,2.04,D,0
31.89321,73.43821,,341.42,0.41,0.45,2025-05-13,832,N20,VIIRS,n,2,,311.37,3.95,D,0
31.94822,74.86981,,343.56,0.49,0.49,2025-05-13,832,N20,VIIRS,n,2,,311.04,5.52,D,0
32.00109,74.758,,339.25,0.49,0.48,2025-05-13,832,N20,VIIRS,n,2,,309.15,5.27,D,0
32.05634,75.24854,,350.98,0.52,0.5,2025-05-13,832,N20,VIIRS,n,2,,306.09,19.1,D,0
32.11418,73.91048,,330.01,0.44,0.46,2025-05-13,832,N20,VIIRS,l,2,,304.33,4.07,D,0
32.17384,73.56804,,348.65,0.42,0.45,2025-05-13,832,N20,VIIRS,n,2,,313.69,7.03,D,0
32.24963,74.24162,,346.09,0.46,0.47,2025-05-13,832,N20,VIIRS,n,2,,312.01,4.78,D,0
32.33411,75.461,,330.75,0.54,0.51,2025-05-13,832,N20,VIIRS,l,2,,305.41,1.56,D,0
32.51977,73.77224,,346.12,0.43,0.46,2025-05-13,832,N20,VIIRS,n,2,,314.06,6.77,D,0
29.17563,81.27257,,304,0.78,0.78,2025-05-13,1915,N20,VIIRS,n,2,,288.43,2.69,N,0
23.78053,86.39345,,306.68,0.33,0.56,2025-05-13,1917,N20,VIIRS,n,2,,284.22,2.28,N,2
26.46975,82.49294,,305.21,0.45,0.63,2025-05-13,2056,N20,VIIRS,n,2,,294.93,0.91,N,0
31.30773,75.10985,,308.91,0.43,0.38,2025-05-13,2056,N20,VIIRS,n,2,,294.41,1.32,N,0
26.31924,79.96767,,325.98,0.63,0.54,2025-05-13,2057,N20,VIIRS,n,2,,291.88,2.93,N,0
25.62279,84.96873,,336.68,0.64,0.72,2025-05-14,631,N20,VIIRS,n,2,,298.2,5.45,D,0
15.05915,75.81147,,333.2,0.39,0.36,2025-05-14,809,N20,VIIRS,l,2,,307.46,6.56,D,0
16.01987,80.52099,,339.82,0.53,0.42,2025-05-14,809,N20,VIIRS,n,2,,300.01,3.99,D,0
16.45355,76.72349,,347.78,0.39,0.36,2025-05-14,809,N20,VIIRS,n,2,,301.16,4.49,D,0
17.69775,80.11916,,339.7,0.53,0.42,2025-05-14,809,N20,VIIRS,n,2,,298.88,7.99,D,0
18.58802,74.11325,,337.73,0.4,0.37,2025-05-14,810,N20,VIIRS,l,2,,305.78,4.36,D,0
19.57726,80.07818,,337.47,0.56,0.43,2025-05-14,810,N20,VIIRS,n,2,,302.57,6.23,D,0
21.16977,79.5352,,339.87,0.54,0.42,2025-05-14,810,N20,VIIRS,n,2,,304.25,13.49,D,0
22.39758,79.82711,,337.99,0.39,0.44,2025-05-14,811,N20,VIIRS,n,2,,301.8,8.5,D,0
23.56414,80.01199,,335.95,0.41,0.45,2025-05-14,811,N20,VIIRS,n,2,,304.01,1.39,D,0
24.26426,77.47472,,338.11,0.46,0.39,2025-05-14,811,N20,VIIRS,n,2,,302.63,2.71,D,0
24.74463,81.04663,,339.64,0.49,0.49,2025-05-14,811,N20,VIIRS,n,2,,306.74,12.22,D,0
25.04484,82.09044,,337.07,0.58,0.52,2025-05-14,811,N20,VIIRS,n,2,,305.49,4.91,D,0
25.43918,84.34038,,340.17,0.4,0.6,2025-05-14,811,N20,VIIRS,n,2,,303.93,4.71,D,0
25.45551,75.76331,,346.81,0.41,0.37,2025-05-14,812,N20,VIIRS,n,2,,315.61,9.14,D,0
25.76334,79.65446,,354.1,0.42,0.45,2025-05-14,812,N20,VIIRS,n,2,,316.81,22.08,D,0
26.06296,78.99173,,339.72,0.39,0.44,2025-05-14,812,N20,VIIRS,l,2,,310.07,5.12,D,0
26.31962,78.36057,,348.5,0.54,0.42,2025-05-14,812,N20,VIIRS,n,2,,313.71,7.1,D,0
27.23365,83.20448,,335.8,0.36,0.57,2025-05-14,812,N20,VIIRS,n,2,,299.78,2.84,D,0
28.59168,80.02909,,345.77,0.48,0.48,2025-05-14,812,N20,VIIRS,n,2,,314.71,13.55,D,0
29.15402,76.75844,,340.37,0.48,0.4,2025-05-14,813,N20,VIIRS,l,2,,312.85,7.79,D,0
29.54506,76.95858,,334,0.5,0.41,2025-05-14,813,N20,VIIRS,l,2,,308.97,3.16,D,0
29.83039,76.00896,,349.39,0.46,0.39,2025-05-14,813,N20,VIIRS,n,2,,313.37,25.7,D,0
29.99858,75.47208,,342.03,0.44,0.38,2025-05-14,813,N20,VIIRS,l,2,,314.65,5.08,D,0
30.18204,76.01112,,340.01,0.46,0.39,2025-05-14,813,N20,VIIRS,l,2,,314.8,2.46,D,0
30.29652,76.74398,,344.47,0.5,0.41,2025-05-14,813,N20,VIIRS,l,2,,315.57,11.53,D,0
30.37867,76.5928,,338.24,0.49,0.4,2025-05-14,813,N20,VIIRS,l,2,,311.07,4.56,D,0
30.43828,74.15414,,345.28,0.4,0.37,2025-05-14,813,N20,VIIRS,n,2,,314.52,7.08,D,0
30.50775,74.86996,,345.17,0.42,0.38,2025-05-14,813,N20,VIIRS,l,2,,315.64,4.41,D,0
30.58582,74.10235,,339.94,0.4,0.37,2025-05-14,813,N20,VIIRS,l,2,,312.67,6.31,D,0
30.65579,75.06522,,343.77,0.43,0.38,2025-05-14,813,N20,VIIRS,l,2,,315.5,5.52,D,0
30.71744,75.80054,,339.7,0.46,0.39,2025-05-14,813,N20,VIIRS,l,2,,309.99,5.28,D,0
30.77761,75.75662,,344.93,0.45,0.39,2025-05-14,813,N20,VIIRS,n,2,,311.8,7.38,D,0
30.86627,74.91315,,344.13,0.43,0.38,2025-05-14,813,N20,VIIRS,l,2,,317.12,3.88,D,0
30.96234,73.99993,,341.46,0.4,0.37,2025-05-14,813,N20,VIIRS,l,2,,312.32,6.19,D,0
31.04454,74.26262,,340.17,0.41,0.37,2025-05-14,813,N20,VIIRS,l,2,,311.75,5.73,D,0
31.13474,74.67509,,345.69,0.42,0.38,2025-05-14,813,N20,VIIRS,n,2,,312.23,9.39,D,0
31.21949,74.06599,,342.16,0.4,0.37,2025-05-14,813,N20,VIIRS,l,2,,314.08,3.8,D,0
31.31292,75.07362,,340.61,0.43,0.38,2025-05-14,813,N20,VIIRS,l,2,,310.63,4.5,D,0
31.38508,74.93332,,341.35,0.43,0.38,2025-05-14,813,N20,VIIRS,l,2,,315.35,5.48,D,0
31.46392,74.68312,,339.49,0.42,0.38,2025-05-14,813,N20,VIIRS,l,2,,312.83,7.29,D,0
31.53864,74.98162,,337.53,0.43,0.38,2025-05-14,813,N20,VIIRS,l,2,,311.82,3.79,D,0
31.61379,75.4289,,337.21,0.45,0.39,2025-05-14,813,N20,VIIRS,l,2,,310.24,2.58,D,0
31.67655,74.92731,,343.53,0.43,0.38,2025-05-14,813,N20,VIIRS,l,2,,315.33,7.94,D,0
31.72917,75.34335,,341.77,0.45,0.39,2025-05-14,813,N20,VIIRS,n,2,,310.38,6.88,D,0
31.77791,74.92986,,340.47,0.43,0.38,2025-05-14,813,N20,VIIRS,l,2,,312.72,6.72,D,0
31.81746,74.68736,,344.11,0.43,0.38,2025-05-14,813,N20,VIIRS,n,2,,314.02,5.99,D,0
31.87287,75.19606,,336.88,0.44,0.39,2025-05-14,813,N20,VIIRS,l,2,,310.73,2.92,D,0
31.91191,73.66102,,343.33,0.4,0.37,2025-05-14,813,N20,VIIRS,l,2,,313.67,6.21,D,0
31.95343,74.26745,,353.31,0.41,0.37,2025-05-14,813,N20,VIIRS,n,2,,318.62,6.36,D,0
32.00862,74.71119,,342.73,0.43,0.38,2025-05-14,813,N20,VIIRS,l,2,,316.38,14.96,D,0
32.05583,75.47137,,340.12,0.46,0.39,2025-05-14,813,N20,VIIRS,l,2,,311.03,6.45,D,0
32.12049,75.10493,,338.79,0.44,0.39,2025-05-14,813,N20,VIIRS,l,2,,311.25,5.48,D,0
32.17419,73.43164,,343.15,0.4,0.37,2025-05-14,813,N20,VIIRS,l,2,,316.4,12.4,D,0
32.27664,74.72583,,339.12,0.43,0.38,2025-05-14,813,N20,VIIRS,l,2,,313.65,3.86,D,0
32.33138,73.93463,,349.82,0.41,0.37,2025-05-14,814,N20,VIIRS,n,2,,316.31,12.01,D,0
32.43098,73.47028,,341.21,0.4,0.37,2025-05-14,814,N20,VIIRS,l,2,,315.48,21.25,D,0
32.61965,71.40908,,347.91,0.38,0.36,2025-05-14,814,N20,VIIRS,n,2,,312.39,8.51,D,0
32.99703,74.34046,,320.89,0.44,0.38,2025-05-14,2036,N20,VIIRS,n,2,,298.29,2.95,N,0
29.34481,76.83024,,341.38,0.39,0.36,2025-05-14,2037,N20,VIIRS,n,2,,293.19,3.8,N,0
31.03897,75.66066,,309.54,0.39,0.36,2025-05-14,2037,N20,VIIRS,n,2,,294.75,0.82,N,0
32.14101,74.56093,,305.09,0.42,0.38,2025-05-14,2037,N20,VIIRS,n,2,,295.06,0.46,N,0
26.33506,83.46956,,306.13,0.53,0.5,2025-05-14,2038,N20,VIIRS,n,2,,295.5,1.66,N,0
22.36876,87.29786,,310.22,0.56,0.69,2025-05-14,2039,N20,VIIRS,n,2,,286.2,1.98,N,2
14.11771,78.47466,,335.72,0.44,0.39,2025-05-15,750,N20,VIIRS,l,2,,305.47,3.8,D,0
16.81475,81.87464,,337.64,0.4,0.37,2025-05-15,750,N20,VIIRS,n,2,,296.13,6.08,D,0
19.02925,78.90206,,338.42,0.39,0.36,2025-05-15,751,N20,VIIRS,l,2,,301.39,1.79,D,0
19.89578,80.84058,,339.67,0.39,0.36,2025-05-15,751,N20,VIIRS,n,2,,293.49,23.75,D,0
21.75277,81.79617,,340.5,0.42,0.38,2025-05-15,751,N20,VIIRS,n,2,,304.01,5.21,D,0
22.7869,86.20848,,335.39,0.49,0.49,2025-05-15,752,N20,VIIRS,n,2,,297.45,6.79,D,2
24.70119,81.34676,,343.99,0.43,0.38,2025-05-15,752,N20,VIIRS,n,2,,308.84,8.89,D,0
25.73745,83.75194,,346.14,0.38,0.43,2025-05-15,752,N20,VIIRS,n,2,,311.68,6.17,D,0
26.1291,78.08611,,349.61,0.38,0.36,2025-05-15,753,N20,VIIRS,n,2,,316.61,10.31,D,0
27.23158,79.71993,,343.48,0.4,0.37,2025-05-15,753,N20,VIIRS,l,2,,316.05,10.78,D,0
28.14504,80.1078,,344.2,0.42,0.38,2025-05-15,753,N20,VIIRS,l,2,,317.58,9.77,D,0
27.43065,68.03182,,347.13,0.35,0.57,2025-05-15,754,N20,VIIRS,n,2,,314.56,2.51,D,0
29.12184,81.16137,,343.85,0.47,0.39,2025-05-15,754,N20,VIIRS,n,2,,312.13,6.61,D,0
29.70426,76.85126,,347.17,0.39,0.36,2025-05-15,754,N20,VIIRS,l,2,,318.6,9.22,D,0
30.21689,76.34508,,339.4,0.39,0.36,2025-05-15,754,N20,VIIRS,l,2,,314.24,7.46,D,0
30.41108,74.62002,,337.33,0.42,0.38,2025-05-15,754,N20,VIIRS,l,2,,310.52,11.62,D,0
30.53732,75.42355,,341.11,0.4,0.37,2025-05-15,754,N20,VIIRS,l,2,,313.96,5.66,D,0
30.68591,75.02867,,346.45,0.41,0.37,2025-05-15,754,N20,VIIRS,l,2,,316.9,16.54,D,0
30.81958,75.00803,,344.63,0.41,0.37,2025-05-15,754,N20,VIIRS,l,2,,317.91,9.36,D,0
30.99818,74.66946,,353.69,0.42,0.37,2025-05-15,754,N20,VIIRS,n,2,,319.6,28.07,D,0
31.11602,74.78059,,350.32,0.41,0.37,2025-05-15,754,N20,VIIRS,n,2,,314.54,8.65,D,0
31.38432,75.28308,,340.36,0.4,0.37,2025-05-15,754,N20,VIIRS,l,2,,313.22,4.91,D,0
31.60745,74.10753,,345.36,0.43,0.38,2025-05-15,754,N20,VIIRS,l,2,,314.59,15.03,D,0
31.73644,75.39,,347.32,0.4,0.37,2025-05-15,754,N20,VIIRS,l,2,,312.24,8.63,D,0
31.79745,75.09813,,340.53,0.4,0.37,2025-05-15,755,N20,VIIRS,n,2,,308.04,4.79,D,0
31.89785,74.25817,,336.59,0.42,0.38,2025-05-15,755,N20,VIIRS,l,2,,311.4,4.65,D,0
31.98186,75.15631,,337.51,0.4,0.37,2025-05-15,755,N20,VIIRS,l,2,,310.93,2.7,D,0
32.1094,74.4438,,349.2,0.41,0.37,2025-05-15,755,N20,VIIRS,n,2,,312.02,8.49,D,0
32.21361,74.55832,,342.39,0.41,0.37,2025-05-15,755,N20,VIIRS,l,2,,312.84,3.72,D,0
32.3325,73.99437,,344.61,0.42,0.38,2025-05-15,755,N20,VIIRS,l,2,,316.26,6.4,D,0
32.61683,71.50384,,341.4,0.53,0.42,2025-05-15,755,N20,VIIRS,l,2,,315.89,13.61,D,0
28.82635,80.27677,,315.32,0.39,0.36,2025-05-15,2018,N20,VIIRS,n,2,,296.98,1.51,N,0
29.30441,79.27053,,312.19,0.41,0.37,2025-05-15,2018,N20,VIIRS,n,2,,298.15,1.66,N,0
30.80186,75.32507,,307.24,0.41,0.45,2025-05-15,2018,N20,VIIRS,n,2,,294.03,0.67,N,0
31.78673,74.10801,,310.09,0.5,0.49,2025-05-15,2018,N20,VIIRS,n,2,,293.97,1.82,N,0
32.41899,74.18932,,311.26,0.5,0.49,2025-05-15,2018,N20,VIIRS,n,2,,293.3,1.05,N,0
25.76619,78.08396,,310.17,0.41,0.37,2025-05-15,2019,N20,VIIRS,n,2,,296.42,0.67,N,0
28.82795,77.16148,,306.92,0.48,0.4,2025-05-15,2019,N20,VIIRS,n,2,,294.61,1.22,N,0
20.69761,78.63734,,299.83,0.38,0.36,2025-05-15,2021,N20,VIIRS,n,2,,267.54,0.54,N,2
30.7078,75.4766,334.8,,1.1,1,2025-05-11,434,Terra,MODIS,81,61.03,306,,21.7,D,0
31.6812,74.5405,324.1,,1.2,1.1,2025-05-11,434,Terra,MODIS,46,61.03,306.4,,8.3,D,0
29.7842,74.4846,328.4,,1.1,1.1,2025-05-11,435,Terra,MODIS,65,61.03,307.3,,11.1,D,0
23.6326,76.5635,328.9,,1,1,2025-05-11,436,Terra,MODIS,65,61.03,308.1,,8.9,D,0
19.4351,73.0629,322.5,,1.1,1,2025-05-11,438,Terra,MODIS,50,61.03,300.2,,9.5,D,0
30.8194,74.3681,327.5,,3.4,1.7,2025-05-11,842,Aqua,MODIS,63,61.03,303.9,,61,D,0
23.7765,86.2089,314.3,,1,1,2025-05-11,1531,Terra,MODIS,85,61.03,300.1,,9.2,N,2
18.8732,78.969,332.5,,1,1,2025-05-12,917,Aqua,MODIS,54,61.03,307.9,,12.7,D,0
27.7531,69.0029,332.7,,2,1.4,2025-05-12,920,Aqua,MODIS,65,61.03,317.9,,29.3,D,0
30.1865,75.934,336.7,,1,1,2025-05-12,920,Aqua,MODIS,66,61.03,314.4,,17,D,0
30.8033,74.37,355.1,,1,1,2025-05-12,920,Aqua,MODIS,97,61.03,311.2,,54.2,D,0
31.5982,74.6843,329.5,,1,1,2025-05-12,921,Aqua,MODIS,69,61.03,310.6,,9.5,D,0
32.1091,75.3677,327.6,,1,1,2025-05-12,921,Aqua,MODIS,55,61.03,307.9,,11,D,0
24.7426,76.7656,307.3,,1.1,1,2025-05-12,1611,Terra,MODIS,67,61.03,296.2,,5.9,N,0
27.5076,80.0091,325.1,,1,1,2025-05-13,416,Terra,MODIS,66,61.03,306.6,,7.8,D,0
19.7365,79.8823,323.1,,1,1,2025-05-13,418,Terra,MODIS,62,61.03,300.4,,6.9,D,0
26.3163,83.3596,308.9,,1.8,1.3,2025-05-13,1512,Terra,MODIS,66,61.03,298.3,,14.4,N,0
32.1301,73.3619,327.4,,1,1,2025-05-14,454,Terra,MODIS,29,61.03,308.4,,8.3,D,0
30.2137,73.4787,326.9,,1.1,1,2025-05-14,455,Terra,MODIS,59,61.03,311.5,,8.3,D,0
22.2299,79.6947,325.5,,3.6,1.8,2025-05-14,457,Terra,MODIS,68,61.03,298.7,,47.7,D,0
26.0886,78.8793,335,,1.1,1,2025-05-14,859,Aqua,MODIS,69,61.03,315.7,,13.9,D,0
30.2918,74.7395,348.9,,1.6,1.2,2025-05-14,900,Aqua,MODIS,92,61.03,313.4,,74.5,D,0
31.6659,74.7195,330.9,,1.5,1.2,2025-05-14,900,Aqua,MODIS,72,61.03,313.4,,16,D,0
16.3791,80.6437,311.4,,1,1,2025-05-14,1549,Terra,MODIS,76,61.03,294.9,,6.7,N,0
22.0397,83.7412,325.4,,1,1,2025-05-15,358,Terra,MODIS,68,61.03,303.5,,7.8,D,2
30.1812,74.7367,332.9,,1.5,1.2,2025-05-15,939,Aqua,MODIS,61,61.03,312.1,,14,D,0
31.1793,74.6033,333.2,,1.5,1.2,2025-05-15,939,Aqua,MODIS,75,61.03,309.3,,20,D,0
32.1067,75.5143,335.2,,1.7,1.3,2025-05-15,939,Aqua,MODIS,79,61.03,310.7,,35.2,D,0
28.8784,81.4404,310.8,,1.1,1.1,2025-05-15,2142,Aqua,MODIS,81,61.03,291.4,,11,N,0
18.17893,79.56393,,349.15,0.4,0.45,2025-05-16,732,N20,VIIRS,n,2,,300.03,11.65,D,0
18.48221,79.56866,,332.02,0.4,0.44,2025-05-16,732,N20,VIIRS,n,2,,299.22,2.51,D,0
19.18909,77.86762,,342.89,0.5,0.49,2025-05-16,732,N20,VIIRS,n,2,,295.86,6.28,D,0
21.7313,73.28284,,331.17,0.43,0.62,2025-05-16,733,N20,VIIRS,n,2,,291.38,3.99,D,0
23.5687,75.84661,,339.2,0.55,0.51,2025-05-16,733,N20,VIIRS,n,2,,302.05,2.96,D,0
25.45159,85.74776,,340.38,0.43,0.38,2025-05-16,733,N20,VIIRS,n,2,,306.89,4.5,D,0
25.3596,76.11583,,341.97,0.49,0.48,2025-05-16,734,N20,VIIRS,l,2,,315.49,10.36,D,0
26.0985,78.88477,,347.72,0.5,0.41,2025-05-16,734,N20,VIIRS,n,2,,316.32,15.74,D,0
28.81608,76.71812,,350.27,0.39,0.44,2025-05-16,735,N20,VIIRS,n,2,,311.67,8.76,D,0
29.25313,76.4856,,349.74,0.39,0.44,2025-05-16,735,N20,VIIRS,n,2,,313.7,7.61,D,0
29.51192,75.83959,,338.05,0.42,0.45,2025-05-16,735,N20,VIIRS,l,2,,311.09,2.89,D,0
29.81611,75.47674,,353.92,0.43,0.46,2025-05-16,735,N20,VIIRS,n,2,,312.11,7.95,D,0
30.06599,76.72456,,338.56,0.55,0.43,2025-05-16,735,N20,VIIRS,n,2,,305,5.48,D,0
30.20394,74.35795,,340.07,0.49,0.49,2025-05-16,735,N20,VIIRS,l,2,,314.12,1.66,D,0
30.27993,75.81032,,342.89,0.41,0.45,2025-05-16,735,N20,VIIRS,n,2,,310.93,5.34,D,0
30.36297,76.51714,,338.25,0.56,0.43,2025-05-16,735,N20,VIIRS,n,2,,307.33,6.73,D,0
30.42969,75.88366,,335.71,0.4,0.44,2025-05-16,735,N20,VIIRS,l,2,,309.06,3.76,D,0
30.49766,76.04964,,341.51,0.39,0.44,2025-05-16,735,N20,VIIRS,l,2,,312,5.74,D,0
30.56876,75.30076,,354.41,0.43,0.46,2025-05-16,735,N20,VIIRS,n,2,,316.27,17.32,D,0
30.64552,75.77902,,346.9,0.4,0.44,2025-05-16,735,N20,VIIRS,n,2,,313.41,9.82,D,0
30.72865,74.90614,,346.28,0.45,0.47,2025-05-16,735,N20,VIIRS,l,2,,316.48,10.08,D,0
30.80802,76.19266,,337.97,0.57,0.43,2025-05-16,735,N20,VIIRS,n,2,,304.95,1.98,D,0
30.97545,75.82209,,347.65,0.4,0.44,2025-05-16,735,N20,VIIRS,n,2,,311.05,8.01,D,0
30.60322,71.68412,,334.8,0.35,0.56,2025-05-16,736,N20,VIIRS,l,2,,308.41,3.25,D,0
30.93929,74.96488,,342.64,0.44,0.46,2025-05-16,736,N20,VIIRS,n,2,,312.17,5.11,D,0
31.09206,74.56038,,344.86,0.46,0.47,2025-05-16,736,N20,VIIRS,l,2,,318.38,12.06,D,0
31.1998,73.88431,,334.13,0.5,0.49,2025-05-16,736,N20,VIIRS,l,2,,308.17,2.2,D,0
31.3266,74.00444,,339.82,0.49,0.49,2025-05-16,736,N20,VIIRS,l,2,,313.56,4.56,D,0
31.45489,75.74122,,335.13,0.39,0.44,2025-05-16,736,N20,VIIRS,l,2,,306.56,1.57,D,0
31.54855,72.44875,,338.24,0.59,0.53,2025-05-16,736,N20,VIIRS,l,2,,308.68,11.13,D,0
31.66514,75.15067,,352.52,0.42,0.45,2025-05-16,736,N20,VIIRS,n,2,,312.25,7.27,D,0
31.76808,74.94869,,343.37,0.43,0.46,2025-05-16,736,N20,VIIRS,n,2,,308.37,2.91,D,0
31.85723,74.88816,,334.39,0.43,0.46,2025-05-16,736,N20,VIIRS,l,2,,308.81,2.43,D,0
31.94883,74.65091,,345.46,0.44,0.46,2025-05-16,736,N20,VIIRS,n,2,,309.37,7.64,D,0
32.03597,73.48653,,342.75,0.51,0.49,2025-05-16,736,N20,VIIRS,n,2,,311.36,6.86,D,0
32.11097,74.64481,,346.26,0.43,0.46,2025-05-16,736,N20,VIIRS,n,2,,311.7,6.97,D,0
32.21408,73.96371,,334.8,0.47,0.48,2025-05-16,736,N20,VIIRS,l,2,,308.18,4.57,D,0
32.33092,73.80126,,346.55,0.48,0.48,2025-05-16,736,N20,VIIRS,n,2,,310.87,7.47,D,0
32.50013,73.06821,,338.06,0.52,0.5,2025-05-16,736,N20,VIIRS,l,2,,308.79,5.01,D,0
21.61524,71.83595,,332.71,0.61,0.71,2025-05-16,914,N20,VIIRS,n,2,,291.94,3.57,D,0
29.32348,80.32331,,308.93,0.39,0.44,2025-05-16,1959,N20,VIIRS,n,2,,291.62,0.65,N,0
32.04778,74.88096,,313.26,0.43,0.62,2025-05-16,1959,N20,VIIRS,n,2,,293.2,1.69,N,0
26.54637,80.82359,,310.78,0.51,0.41,2025-05-16,2000,N20,VIIRS,n,2,,296.97,2.63,N,0
23.16717,82.33778,,318.64,0.41,0.37,2025-05-16,2001,N20,VIIRS,n,2,,295.51,2.42,N,2
24.64767,80.96606,,327.89,0.48,0.4,2025-05-16,2001,N20,VIIRS,n,2,,295.23,6.02,N,0
17.97091,80.83154,,306.51,0.42,0.38,2025-05-16,2003,N20,VIIRS,n,2,,268.84,0.87,N,0
34.23631,72.71942,,305.79,0.35,0.57,2025-05-16,2139,N20,VIIRS,n,2,,295.7,1.58,N,0
21.24006,79.23376,,334.29,0.37,0.58,2025-05-17,714,N20,VIIRS,n,2,,294.43,2.01,D,0
22.42218,81.15063,,334.64,0.53,0.5,2025-05-17,714,N20,VIIRS,n,2,,303.67,6.69,D,0
24.13825,82.57272,,346.66,0.41,0.45,2025-05-17,714,N20,VIIRS,n,2,,312.44,13.34,D,0
24.50651,74.68721,,350.38,0.61,0.71,2025-05-17,715,N20,VIIRS,n,2,,298.23,7.69,D,0
25.41572,79.36255,,337.8,0.6,0.53,2025-05-17,715,N20,VIIRS,l,2,,308.19,13.02,D,0
25.92678,78.30785,,338.11,0.34,0.56,2025-05-17,715,N20,VIIRS,n,2,,306.91,4.55,D,0
26.53295,78.82951,,339.43,0.61,0.54,2025-05-17,715,N20,VIIRS,n,2,,303.92,3.61,D,0
27.90966,79.49307,,337.76,0.52,0.5,2025-05-17,716,N20,VIIRS,n,2,,306.27,5.1,D,0
29.09659,76.29079,,338.99,0.38,0.59,2025-05-17,716,N20,VIIRS,n,2,,305.54,2.83,D,0
29.54415,76.82867,,347.23,0.35,0.56,2025-05-17,716,N20,VIIRS,n,2,,304.65,3.32,D,0
29.82684,76.56122,,342.8,0.35,0.57,2025-05-17,716,N20,VIIRS,n,2,,303.55,2.96,D,0
30.1036,75.06919,,334.49,0.43,0.62,2025-05-17,716,N20,VIIRS,l,2,,306.76,1.13,D,0
30.27533,75.7975,,338.17,0.38,0.59,2025-05-17,716,N20,VIIRS,n,2,,303.18,3.04,D,0
30.23566,75.25094,,334.98,0.41,0.61,2025-05-17,717,N20,VIIRS,l,2,,307.02,2.83,D,0
30.40313,75.86877,,367,0.38,0.59,2025-05-17,717,N20,VIIRS,h,2,,306.79,5.2,D,0
30.50749,76.02897,,356.19,0.37,0.58,2025-05-17,717,N20,VIIRS,n,2,,305.36,5.59,D,0
30.57491,76.45601,,348.85,0.35,0.56,2025-05-17,717,N20,VIIRS,n,2,,306.88,3.54,D,0
30.65183,75.37727,,334.86,0.4,0.6,2025-05-17,717,N20,VIIRS,l,2,,305.99,2.29,D,0
30.72829,75.68626,,334.08,0.38,0.59,2025-05-17,717,N20,VIIRS,l,2,,306.98,5.01,D,0
30.85231,76.34138,,334.82,0.35,0.56,2025-05-17,717,N20,VIIRS,n,2,,303.56,5.26,D,0
30.95487,75.63815,,332.54,0.38,0.59,2025-05-17,717,N20,VIIRS,l,2,,305.42,3.28,D,0
31.07347,75.69358,,367,0.37,0.58,2025-05-17,717,N20,VIIRS,h,2,,307.66,4.79,D,0
31.17039,75.70238,,355.71,0.37,0.58,2025-05-17,717,N20,VIIRS,n,2,,305.35,3.94,D,0
31.29129,74.83232,,341.94,0.41,0.61,2025-05-17,717,N20,VIIRS,n,2,,303.33,1.87,D,0
31.4494,74.85851,,339.85,0.41,0.6,2025-05-17,717,N20,VIIRS,n,2,,305.57,2.2,D,0
31.61901,75.33754,,339.51,0.38,0.59,2025-05-17,717,N20,VIIRS,n,2,,304.75,3.02,D,0
31.7569,75.01058,,367,0.39,0.6,2025-05-17,717,N20,VIIRS,h,2,,304.86,8.24,D,0
31.81253,75.61034,,349.46,0.36,0.58,2025-05-17,717,N20,VIIRS,n,2,,303.21,3.55,D,0
31.92921,75.22464,,335.95,0.38,0.59,2025-05-17,717,N20,VIIRS,n,2,,304.91,3.62,D,0
32.02055,74.94871,,340.94,0.39,0.59,2025-05-17,717,N20,VIIRS,n,2,,305.18,3.32,D,0
32.12729,75.06759,,333.03,0.38,0.59,2025-05-17,717,N20,VIIRS,n,2,,305.67,6.15,D,0
32.213,75.38968,,334.45,0.36,0.58,2025-05-17,717,N20,VIIRS,n,2,,304.23,1.43,D,0
32.37979,74.37968,,332.69,0.41,0.61,2025-05-17,717,N20,VIIRS,n,2,,303.22,4.89,D,0
32.66131,74.19819,,342.97,0.42,0.61,2025-05-17,717,N20,VIIRS,n,2,,305.91,3.9,D,0
21.10216,72.63784,,367,0.33,0.55,2025-05-17,855,N20,VIIRS,h,2,,294.2,5.33,D,2
28.053,69.3693,,346.46,0.5,0.49,2025-05-17,857,N20,VIIRS,n,2,,318.73,7.61,D,2
30.35894,75.40738,,333.51,0.61,0.71,2025-05-17,857,N20,VIIRS,l,2,,305.08,2.8,D,0
30.76594,73.03765,,339.04,0.45,0.63,2025-05-17,857,N20,VIIRS,n,2,,311.95,2.49,D,0
31.02314,75.9508,,332.14,0.67,0.74,2025-05-17,857,N20,VIIRS,n,2,,300.44,9.49,D,0
31.29464,74.9435,,355.51,0.59,0.7,2025-05-17,857,N20,VIIRS,n,2,,299.36,10.56,D,0
31.60927,74.585,,347.61,0.56,0.69,2025-05-17,857,N20,VIIRS,n,2,,304.2,11.13,D,0
31.87677,74.9837,,330.67,0.6,0.7,2025-05-17,857,N20,VIIRS,l,2,,302.03,2.94,D,0
32.03415,75.18235,,330.38,0.61,0.71,2025-05-17,858,N20,VIIRS,l,2,,302.8,3.33,D,0
32.21265,73.54538,,348.82,0.49,0.65,2025-05-17,858,N20,VIIRS,n,2,,304.16,6.25,D,0
32.60568,71.50903,,344.48,0.38,0.58,2025-05-17,858,N20,VIIRS,n,2,,314.44,9.57,D,0
22.37297,79.93949,,310.17,0.33,0.55,2025-05-17,1942,N20,VIIRS,n,2,,279.28,0.95,N,0
23.80176,86.3301,,311.38,0.44,0.38,2025-05-17,1942,N20,VIIRS,n,2,,282.62,1.31,N,2
33.82966,73.09122,,305.8,0.41,0.45,2025-05-17,2120,N20,VIIRS,n,2,,294.85,2.57,N,0
23.16566,82.34289,,344.7,0.43,0.62,2025-05-18,655,N20,VIIRS,n,2,,298.23,5.18,D,2
25.55809,80.17436,,334.8,0.52,0.67,2025-05-18,656,N20,VIIRS,n,2,,300.54,5.15,D,0
26.60314,80.1061,,334.86,0.5,0.66,2025-05-18,657,N20,VIIRS,n,2,,299.75,2.76,D,0
29.88117,76.13746,,342.63,0.71,0.75,2025-05-18,658,N20,VIIRS,n,2,,302.97,10.28,D,0
30.44977,75.41251,,340.4,0.75,0.77,2025-05-18,658,N20,VIIRS,n,2,,301.85,12.71,D,0
30.70994,74.9387,,367,0.79,0.78,2025-05-18,658,N20,VIIRS,h,2,,305.36,17.08,D,0
31.02772,75.03042,,334.65,0.76,0.77,2025-05-18,658,N20,VIIRS,n,2,,300.45,4.44,D,0
31.85465,75.01533,,340.23,0.73,0.76,2025-05-18,658,N20,VIIRS,n,2,,297.6,5.43,D,0
18.26577,79.56702,,335.29,0.42,0.61,2025-05-18,835,N20,VIIRS,n,2,,290.61,5.92,D,0
20.82302,73.60641,,334.91,0.57,0.43,2025-05-18,836,N20,VIIRS,n,2,,294.78,4.91,D,0
23.4101,78.92072,,367,0.44,0.62,2025-05-18,836,N20,VIIRS,h,2,,297.64,9.54,D,0
25.39314,72.95964,,342.63,0.4,0.44,2025-05-18,837,N20,VIIRS,n,2,,312.26,6.66,D,0
28.93503,70.42028,,356.2,0.48,0.4,2025-05-18,838,N20,VIIRS,n,2,,320.89,8.4,D,0
29.62507,75.90009,,342.81,0.33,0.56,2025-05-18,838,N20,VIIRS,n,2,,310.42,2.28,D,0
30.22252,76.84164,,347.18,0.39,0.59,2025-05-18,838,N20,VIIRS,n,2,,302.51,4.66,D,0
30.49224,76.17007,,333.42,0.35,0.57,2025-05-18,838,N20,VIIRS,l,2,,306.47,4.15,D,0
30.66973,75.50603,,349.44,0.32,0.55,2025-05-18,838,N20,VIIRS,n,2,,305.31,6.88,D,0
30.89604,76.12153,,334.89,0.35,0.57,2025-05-18,838,N20,VIIRS,n,2,,303.69,3.7,D,0
31.0283,75.90782,,333.01,0.35,0.56,2025-05-18,838,N20,VIIRS,n,2,,304.11,7.55,D,0
31.22422,74.78257,,339.21,0.59,0.53,2025-05-18,838,N20,VIIRS,l,2,,311.05,6.62,D,0
31.4299,74.63779,,341.51,0.59,0.53,2025-05-18,838,N20,VIIRS,n,2,,310.07,2.94,D,0
31.54657,74.83292,,344.08,0.6,0.53,2025-05-18,839,N20,VIIRS,n,2,,304.28,8.51,D,0
31.75944,75.04433,,334.64,0.62,0.54,2025-05-18,839,N20,VIIRS,n,2,,304.62,3.81,D,0
31.92588,74.7875,,331.74,0.6,0.53,2025-05-18,839,N20,VIIRS,l,2,,304.87,3.35,D,0
32.09959,75.87415,,335.48,0.35,0.57,2025-05-18,839,N20,VIIRS,n,2,,302.94,3.06,D,0
32.29303,74.03767,,355.04,0.55,0.51,2025-05-18,839,N20,VIIRS,n,2,,309.64,11.45,D,0
32.68667,73.66807,,345.22,0.53,0.5,2025-05-18,839,N20,VIIRS,n,2,,312.01,11.51,D,0
35.5407,74.30334,,336.32,0.62,0.54,2025-05-18,840,N20,VIIRS,n,2,,296.32,11.08,D,0
34.54634,71.938,,313.07,0.38,0.36,2025-05-18,2101,N20,VIIRS,n,2,,297.43,2.89,N,0
24.18709,82.57885,,311.14,0.64,0.72,2025-05-18,2103,N20,VIIRS,n,2,,294.78,2.83,N,2
24.94758,83.90264,,330.29,0.62,0.71,2025-05-19,637,N20,VIIRS,n,2,,291,1.67,D,0
18.27422,79.54439,,344.83,0.41,0.45,2025-05-19,816,N20,VIIRS,n,2,,298.18,9.21,D,0
18.64284,79.67859,,351.13,0.43,0.46,2025-05-19,816,N20,VIIRS,n,2,,293.26,3.79,D,0
19.78941,78.60892,,339.93,0.57,0.43,2025-05-19,816,N20,VIIRS,n,2,,301.58,13.06,D,0
21.90941,81.88653,,345.94,0.32,0.55,2025-05-19,817,N20,VIIRS,n,2,,301.17,5.65,D,0
23.16723,82.34402,,339.29,0.36,0.57,2025-05-19,817,N20,VIIRS,n,2,,304.42,3.84,D,2
25.41863,79.70518,,337.42,0.52,0.5,2025-05-19,818,N20,VIIRS,l,2,,307.83,9.98,D,0
26.30558,78.31676,,340.13,0.44,0.46,2025-05-19,818,N20,VIIRS,l,2,,310.46,6.9,D,0
29.45352,69.89864,,344.38,0.39,0.36,2025-05-19,819,N20,VIIRS,l,2,,318.82,7.24,D,0
30.24774,75.50703,,340.12,0.52,0.41,2025-05-19,819,N20,VIIRS,n,2,,304.76,5.1,D,0
30.52998,75.75301,,346.48,0.53,0.42,2025-05-19,819,N20,VIIRS,n,2,,310.62,11.93,D,0
30.76905,76.44716,,342.82,0.39,0.44,2025-05-19,819,N20,VIIRS,n,2,,297.92,1.95,D,0
31.12539,75.69632,,339.22,0.54,0.42,2025-05-19,819,N20,VIIRS,n,2,,304.43,4.84,D,0
31.31647,70.75804,,346.32,0.38,0.36,2025-05-19,820,N20,VIIRS,n,2,,312.33,5.17,D,0
31.56055,72.34915,,343.73,0.4,0.37,2025-05-19,820,N20,VIIRS,n,2,,309.45,5.2,D,0
31.82326,74.3441,,337.36,0.47,0.4,2025-05-19,820,N20,VIIRS,n,2,,306.55,2.67,D,0
32.03148,74.71576,,345.12,0.49,0.41,2025-05-19,820,N20,VIIRS,n,2,,310.68,4.93,D,0
32.21877,74.96846,,338.23,0.51,0.41,2025-05-19,820,N20,VIIRS,l,2,,310.49,6.18,D,0
32.40991,72.97958,,336.08,0.43,0.38,2025-05-19,820,N20,VIIRS,l,2,,310.08,1.4,D,0
33.2993,72.81051,,337.42,0.43,0.38,2025-05-19,820,N20,VIIRS,l,2,,310.33,3.37,D,0
29.75058,79.25481,,302.37,0.5,0.41,2025-05-19,2043,N20,VIIRS,n,2,,291.16,0.49,N,0
26.6424,79.48088,,318.2,0.57,0.43,2025-05-19,2044,N20,VIIRS,n,2,,297.19,2.57,N,2
15.18006,76.66549,,301.74,0.41,0.45,2025-05-19,2047,N20,VIIRS,n,2,,279.81,0.6,N,2
19.71767,80.95428,,332.26,0.43,0.38,2025-05-20,757,N20,VIIRS,n,2,,301.69,2.9,D,0
20.84332,81.47598,,335.07,0.47,0.39,2025-05-20,758,N20,VIIRS,n,2,,300.66,2.84,D,0
22.04328,83.72964,,336.49,0.43,0.46,2025-05-20,758,N20,VIIRS,n,2,,300.41,6.52,D,2
25.01022,84.21306,,341.16,0.5,0.49,2025-05-20,759,N20,VIIRS,n,2,,302.6,8.98,D,0
26.22546,79.17354,,341.84,0.42,0.38,2025-05-20,759,N20,VIIRS,l,2,,314.92,9.04,D,0
28.38198,69.30392,,345.98,0.45,0.47,2025-05-20,800,N20,VIIRS,l,2,,318.67,12.78,D,0
29.74475,75.51872,,345.03,0.38,0.36,2025-05-20,800,N20,VIIRS,l,2,,318.6,2.83,D,0
30.38067,75.62829,,350.99,0.38,0.36,2025-05-20,800,N20,VIIRS,n,2,,315.33,30.56,D,0
30.61578,75.49538,,342.93,0.38,0.36,2025-05-20,801,N20,VIIRS,l,2,,315.26,9.58,D,0
30.90286,76.02915,,342.13,0.39,0.36,2025-05-20,801,N20,VIIRS,l,2,,312.81,6.62,D,0
31.18991,75.81179,,345.57,0.39,0.36,2025-05-20,801,N20,VIIRS,n,2,,313,8.37,D,0
31.70108,74.50518,,341.03,0.39,0.36,2025-05-20,801,N20,VIIRS,l,2,,312.49,7.66,D,0
32.05724,74.86716,,349.05,0.38,0.36,2025-05-20,801,N20,VIIRS,n,2,,309.89,6.13,D,0
32.21649,74.8633,,349.94,0.38,0.36,2025-05-20,801,N20,VIIRS,n,2,,313.67,6.31,D,0
32.98774,74.39079,,341.6,0.39,0.36,2025-05-20,801,N20,VIIRS,n,2,,313.25,3.17,D,0
33.22742,74.09252,,308.22,0.42,0.45,2025-05-20,2024,N20,VIIRS,n,2,,297.83,3.02,N,0
22.0455,83.73398,,302.39,0.43,0.46,2025-05-20,2026,N20,VIIRS,n,2,,284.07,1.31,N,2
25.08518,75.95121,,311.3,0.42,0.38,2025-05-20,2026,N20,VIIRS,n,2,,300.84,0.89,N,0
35.96808,68.68513,,303.17,0.43,0.62,2025-05-20,2203,N20,VIIRS,n,2,,291.25,0.66,N,2
30.7644,75.6957,325.4,,1,1,2025-05-16,435,Terra,MODIS,49,61.03,301.9,,10.4,D,0
31.5711,74.7227,329.9,,1.1,1.1,2025-05-16,435,Terra,MODIS,73,61.03,310.9,,11.2,D,0
29.5292,76.4862,330.9,,1,1,2025-05-16,436,Terra,MODIS,71,61.03,310.8,,11.6,D,0
30.3846,75.7105,337.3,,1,1,2025-05-16,436,Terra,MODIS,80,61.03,311.1,,20,D,0
30.509,76.0437,328.9,,2.9,1.6,2025-05-16,840,Aqua,MODIS,77,61.03,302.8,,54.6,D,0
32.042,74.1805,327.6,,2,1.4,2025-05-17,514,Terra,MODIS,75,61.03,305.5,,33.8,D,0
22.4242,79.9914,338.5,,1.2,1.1,2025-05-17,916,Aqua,MODIS,73,61.03,312.1,,23.1,D,0
30.4684,74.8186,333,,1,1,2025-05-17,919,Aqua,MODIS,56,61.03,316.2,,7.1,D,0
31.3073,74.8019,339,,1,1,2025-05-17,919,Aqua,MODIS,81,61.03,314.1,,18.3,D,0
31.9481,74.5573,333.1,,1,1,2025-05-17,919,Aqua,MODIS,67,61.03,312,,12,D,0
32.7259,74.5684,331.6,,1,1,2025-05-17,919,Aqua,MODIS,74,61.03,314.9,,11.1,D,0
30.3658,74.9312,331.3,,2,1.4,2025-05-18,416,Terra,MODIS,75,61.03,311.9,,29.1,D,0
28.855,79.9148,320,,1,1,2025-05-18,417,Terra,MODIS,46,61.03,298.3,,6.6,D,0
32.1388,73.5252,335.5,,2.6,1.6,2025-05-18,958,Aqua,MODIS,76,61.03,312.1,,52.6,D,0
32.338,73.8051,324.7,,1.1,1,2025-05-19,455,Terra,MODIS,51,61.03,308.9,,8.9,D,0
27.2686,69.0313,337.2,,1.1,1,2025-05-19,457,Terra,MODIS,80,61.03,308.1,,27.1,D,0
34.5853,72.0555,323.9,,2.1,1.4,2025-05-19,900,Aqua,MODIS,72,61.03,307.8,,21.8,D,0
30.8763,74.4777,336.1,,1.3,1.1,2025-05-20,937,Aqua,MODIS,77,61.03,318,,18.2,D,0
34.697,71.9812,320.3,,1.6,1.2,2025-05-20,1634,Terra,MODIS,100,61.03,298.3,,27.7,N,0
23.67618,86.08739,,331.53,0.49,0.4,2025-05-21,739,N20,VIIRS,n,2,,300.25,3.4,D,2
24.26789,80.33727,,343.2,0.4,0.37,2025-05-21,740,N20,VIIRS,l,2,,312.08,5.43,D,0
29.5244,75.20078,,340.72,0.56,0.43,2025-05-21,741,N20,VIIRS,l,2,,314.78,2.48,D,0
30.34534,76.24043,,337.95,0.48,0.4,2025-05-21,742,N20,VIIRS,n,2,,306.35,5.95,D,0
30.9232,76.05245,,337.31,0.48,0.4,2025-05-21,742,N20,VIIRS,n,2,,306.79,4.6,D,0
31.21621,73.59058,,341.28,0.42,0.45,2025-05-21,742,N20,VIIRS,l,2,,313.64,6,D,0
31.47715,74.63668,,343.78,0.55,0.43,2025-05-21,742,N20,VIIRS,n,2,,310.43,10.79,D,0
31.78027,74.13628,,337.32,0.39,0.44,2025-05-21,742,N20,VIIRS,l,2,,311.06,4.99,D,0
31.99586,74.45755,,349.03,0.55,0.43,2025-05-21,742,N20,VIIRS,n,2,,310.71,10.33,D,0
32.23327,73.30708,,337.84,0.42,0.45,2025-05-21,742,N20,VIIRS,l,2,,310.02,3.55,D,0
32.68547,74.5673,,337.37,0.53,0.42,2025-05-21,742,N20,VIIRS,n,2,,306,6.51,D,0
29.23622,70.66614,,340.1,0.75,0.77,2025-05-21,922,N20,VIIRS,n,2,,310.48,4.49,D,0
32.92047,74.85898,,307.59,0.36,0.57,2025-05-21,2005,N20,VIIRS,n,2,,295.47,1.74,N,0
24.15879,82.56698,,332.93,0.39,0.36,2025-05-21,2007,N20,VIIRS,n,2,,294.19,2.68,N,0
34.46683,72.88457,,339.76,0.44,0.62,2025-05-21,2145,N20,VIIRS,n,2,,296.83,3.57,N,0
24.33258,82.39371,,330.12,0.51,0.41,2025-05-22,721,N20,VIIRS,n,2,,297.67,1.72,D,0
29.84228,72.60477,,337.69,0.49,0.65,2025-05-22,723,N20,VIIRS,l,2,,309.92,2.4,D,0
30.5041,75.00785,,332.07,0.34,0.56,2025-05-22,723,N20,VIIRS,l,2,,302.5,1.39,D,0
30.93566,75.21062,,339.44,0.32,0.55,2025-05-22,723,N20,VIIRS,n,2,,302.24,1.69,D,0
31.25539,74.327,,332.64,0.36,0.57,2025-05-22,723,N20,VIIRS,l,2,,304.18,1.69,D,0
31.68839,74.51745,,367,0.34,0.56,2025-05-22,723,N20,VIIRS,h,2,,303.91,11.12,D,0
32.16499,74.59153,,332.55,0.33,0.55,2025-05-22,723,N20,VIIRS,l,2,,303.56,1.54,D,0
32.43107,73.94411,,349.32,0.35,0.57,2025-05-22,724,N20,VIIRS,n,2,,306.09,5.75,D,0
33.32291,73.89427,,331.85,0.34,0.56,2025-05-22,724,N20,VIIRS,l,2,,302.67,3,D,0
25.38836,76.23306,,334.3,0.79,0.78,2025-05-22,902,N20,VIIRS,n,2,,297.83,4.63,D,0
32.09665,73.33363,,342.3,0.59,0.7,2025-05-22,904,N20,VIIRS,n,2,,304.7,7.42,D,0
34.75829,72.20331,,351.05,0.54,0.67,2025-05-22,905,N20,VIIRS,n,2,,313.38,7.31,D,0
35.30399,71.47652,,301.93,0.39,0.44,2025-05-22,2126,N20,VIIRS,n,2,,288.69,0.61,N,0
25.03376,81.83465,,337.02,0.34,0.56,2025-05-23,702,N20,VIIRS,n,2,,293.57,3.42,D,0
29.37422,75.41202,,335.96,0.65,0.73,2025-05-23,704,N20,VIIRS,n,2,,300.52,2.8,D,0
31.19163,75.9154,,344.84,0.55,0.68,2025-05-23,704,N20,VIIRS,n,2,,297.12,5.24,D,0
9.28089,77.4649,,340.35,0.6,0.53,2025-05-23,839,N20,VIIRS,n,2,,295.76,8.08,D,0
26.19906,75.27781,,336.41,0.35,0.57,2025-05-23,843,N20,VIIRS,n,2,,304.67,4.61,D,0
30.62875,75.566,,340,0.41,0.6,2025-05-23,845,N20,VIIRS,n,2,,300.48,1.98,D,0
31.32203,73.58097,,340.84,0.63,0.54,2025-05-23,845,N20,VIIRS,n,2,,306.34,7.73,D,0
32.01064,75.87795,,334.44,0.44,0.62,2025-05-23,845,N20,VIIRS,n,2,,298.18,2.16,D,0
32.67065,74.65472,,352.8,0.38,0.58,2025-05-23,845,N20,VIIRS,n,2,,305.44,17.84,D,0
34.46562,72.73267,,333.04,0.43,0.38,2025-05-23,2107,N20,VIIRS,n,2,,294.93,5.51,N,0
27.65117,68.14442,,319.58,0.38,0.36,2025-05-23,2110,N20,VIIRS,n,2,,299.54,5,N,0
25.78531,79.66193,,335.53,0.33,0.55,2025-05-24,824,N20,VIIRS,n,2,,301.29,2.24,D,0
29.6957,76.61116,,337.35,0.47,0.48,2025-05-24,825,N20,VIIRS,n,2,,303.75,2.74,D,0
30.66245,74.1871,,351.35,0.54,0.42,2025-05-24,826,N20,VIIRS,n,2,,310.5,50.18,D,0
31.19119,75.92307,,342.51,0.45,0.47,2025-05-24,826,N20,VIIRS,n,2,,302.01,5.1,D,0
31.98817,73.24754,,342.93,0.5,0.41,2025-05-24,826,N20,VIIRS,n,2,,307.3,7.59,D,0
32.42349,74.59309,,340.65,0.39,0.44,2025-05-24,826,N20,VIIRS,n,2,,304.22,2.28,D,0
27.87445,78.92541,,295.85,0.41,0.45,2025-05-24,2050,N20,VIIRS,n,2,,257.11,0.37,N,0
23.95623,80.00615,,338.45,0.51,0.41,2025-05-25,805,N20,VIIRS,n,2,,303.01,7.03,D,0
26.2051,78.82998,,342.57,0.47,0.4,2025-05-25,806,N20,VIIRS,n,2,,302.32,3.71,D,0
30.97594,76.44167,,338.84,0.42,0.38,2025-05-25,807,N20,VIIRS,n,2,,308.15,1.79,D,0
35.77847,73.92474,,330.46,0.4,0.37,2025-05-25,808,N20,VIIRS,l,2,,304.8,2.51,D,0
21.1947,81.41706,,307.64,0.4,0.44,2025-05-25,2033,N20,VIIRS,n,2,,288.11,0.91,N,2
31.2562,73.7214,329.6,,1.2,1.1,2025-05-21,436,Terra,MODIS,66,61.03,311,,11.8,D,0
30.2989,73.9223,340.4,,1.1,1.1,2025-05-21,437,Terra,MODIS,84,61.03,314.9,,27.3,D,0
34.4852,72.7801,311.5,,2.6,1.5,2025-05-21,1536,Terra,MODIS,83,61.03,298.9,,25.7,N,0
30.6475,75.2541,337.2,,1,1,2025-05-22,917,Aqua,MODIS,80,61.03,310.8,,21,D,0
34.7542,72.1974,327.3,,1.1,1.1,2025-05-22,918,Aqua,MODIS,55,61.03,315.2,,9.7,D,0
21.4615,72.0863,330.8,,1.3,1.1,2025-05-23,953,Aqua,MODIS,32,61.03,304.8,,14.8,D,0
20.9681,85.1708,301.1,,1.2,1.1,2025-05-24,2102,Aqua,MODIS,33,61.03,282.4,,4.7,N,2
22.33536,82.55421,,336.56,0.4,0.37,2025-05-26,745,N20,VIIRS,n,2,,292.85,2.59,D,0
26.85388,81.91899,,336.79,0.42,0.37,2025-05-26,747,N20,VIIRS,n,2,,302.94,4.98,D,0
30.90943,71.92609,,334.21,0.43,0.46,2025-05-26,748,N20,VIIRS,l,2,,308.38,2.31,D,0
31.893,74.3675,,341.92,0.47,0.4,2025-05-26,748,N20,VIIRS,l,2,,310.88,6.63,D,0
32.41965,73.54424,,336.41,0.5,0.41,2025-05-26,749,N20,VIIRS,n,2,,304.77,2.52,D,0
23.66553,86.92326,,303.29,0.4,0.44,2025-05-26,2013,N20,VIIRS,n,2,,271.91,1.09,N,2
26.20608,79.07607,,312.71,0.44,0.38,2025-05-26,2013,N20,VIIRS,n,2,,295.01,1.08,N,0
32.13357,74.17447,,304.09,0.72,0.75,2025-05-26,2152,N20,VIIRS,n,2,,291.79,3.11,N,2
23.80457,86.32996,,338.6,0.39,0.36,2025-05-27,727,N20,VIIRS,n,2,,299.35,6.09,D,2
30.06778,74.61121,,341.18,0.59,0.53,2025-05-27,729,N20,VIIRS,n,2,,302.82,3.78,D,0
31.12299,74.68025,,343.13,0.56,0.51,2025-05-27,729,N20,VIIRS,n,2,,299.02,6.26,D,0
32.02631,74.65641,,353.03,0.53,0.5,2025-05-27,730,N20,VIIRS,n,2,,300.66,14.5,D,0
32.7197,71.4995,,333.23,0.39,0.59,2025-05-27,730,N20,VIIRS,n,2,,299.68,1.66,D,0
23.66399,87.15658,,320.48,0.39,0.36,2025-05-27,1955,N20,VIIRS,n,2,,290.9,1.77,N,0
23.77888,86.20871,,333.71,0.48,0.4,2025-05-28,708,N20,VIIRS,l,2,,296.37,8.87,D,2
30.16117,75.39166,,334.13,0.5,0.66,2025-05-28,710,N20,VIIRS,n,2,,296.5,8.44,D,0
31.93001,74.33289,,337.78,0.52,0.67,2025-05-28,711,N20,VIIRS,n,2,,299.08,6.65,D,0
32.36453,74.79015,,331.46,0.48,0.65,2025-05-28,711,N20,VIIRS,n,2,,297.75,2.6,D,0
31.64118,72.43133,,338.51,0.34,0.56,2025-05-28,851,N20,VIIRS,n,2,,308.29,4.82,D,0
32.02263,74.52676,,367,0.45,0.63,2025-05-28,851,N20,VIIRS,h,2,,305.31,11.95,D,0
32.70844,74.4911,,367,0.46,0.63,2025-05-28,852,N20,VIIRS,h,2,,302.89,63.35,D,0
23.7725,86.20356,,303.04,0.53,0.42,2025-05-28,1936,N20,VIIRS,n,2,,285.84,1.97,N,2
31.01488,69.32996,,315.65,0.41,0.37,2025-05-28,2115,N20,VIIRS,n,2,,293.59,1.33,N,0
22.15271,72.24584,,345.16,0.43,0.38,2025-05-29,830,N20,VIIRS,n,2,,294.12,3.16,D,0
30.11683,76.12811,,339.75,0.56,0.51,2025-05-29,832,N20,VIIRS,n,2,,305.93,9.29,D,0
31.88846,74.48445,,347.17,0.47,0.48,2025-05-29,832,N20,VIIRS,n,2,,311.81,9.89,D,0
32.09526,75.23306,,349.18,0.52,0.5,2025-05-29,832,N20,VIIRS,n,2,,309.58,6.03,D,0
32.8886,71.61899,,308.72,0.39,0.36,2025-05-29,2055,N20,VIIRS,n,2,,294.84,0.87,N,2
32.00429,74.45505,,310.56,0.41,0.37,2025-05-29,2056,N20,VIIRS,n,2,,294.11,0.92,N,0
17.07439,80.63356,,337.1,0.56,0.43,2025-05-30,809,N20,VIIRS,n,2,,291.62,5.79,D,0
24.71878,76.59944,,340.57,0.43,0.38,2025-05-30,811,N20,VIIRS,n,2,,304.89,9.11,D,0
30.59244,73.51321,,341.13,0.39,0.36,2025-05-30,813,N20,VIIRS,n,2,,309.45,5.03,D,0
31.73044,73.43268,,337.33,0.4,0.37,2025-05-30,814,N20,VIIRS,l,2,,307.72,2.94,D,0
32.0912,75.1017,,348.06,0.44,0.39,2025-05-30,814,N20,VIIRS,n,2,,310.77,7.51,D,0
28.44758,69.42312,,310.7,0.45,0.47,2025-05-30,2038,N20,VIIRS,n,2,,295.9,1.36,N,0
18.7659,79.974,315.7,,3.5,1.8,2025-05-26,833,Aqua,MODIS,0,61.03,283.9,,50,D,0
26.6389,87.2811,334.7,,1.1,1.1,2025-05-27,2118,Aqua,MODIS,100,61.03,293.1,,40.2,N,0
31.8731,74.4296,332.3,,2,1.4,2025-05-29,855,Aqua,MODIS,74,61.03,310.8,,23.8,D,0
17.44951,78.04737,,330.3,0.43,0.38,2025-05-31,751,N20,VIIRS,l,2,,303.98,1.16,D,0
24.71545,81.50627,,341.66,0.44,0.38,2025-05-31,752,N20,VIIRS,n,2,,305.69,10.87,D,0
27.77315,81.51306,,344.9,0.47,0.4,2025-05-31,753,N20,VIIRS,n,2,,309.28,7.59,D,0
30.26325,79.05552,,301.88,0.42,0.37,2025-05-31,2018,N20,VIIRS,n,2,,288.62,0.67,N,0
24.14194,76.7814,,310.06,0.44,0.39,2025-05-31,2020,N20,VIIRS,n,2,,296.06,3.86,N,0
31.31059,70.01901,,320.41,0.55,0.68,2025-05-31,2158,N20,VIIRS,n,2,,286.93,3.61,N,0
18.60565,79.27994,,335.88,0.41,0.45,2025-06-01,732,N20,VIIRS,n,2,,303.35,1.71,D,0
22.49688,77.5153,,347.55,0.45,0.47,2025-06-01,733,N20,VIIRS,n,2,,300.84,5.78,D,0
30.13386,76.57275,,346.7,0.56,0.43,2025-06-01,735,N20,VIIRS,n,2,,314.44,8.15,D,0
30.96017,76.11619,,339.69,0.57,0.43,2025-06-01,736,N20,VIIRS,l,2,,313.66,10.49,D,0
32.03027,74.37668,,346.72,0.45,0.47,2025-06-01,736,N20,VIIRS,n,2,,316.83,10.63,D,0
30.42489,71.29082,,367,0.67,0.74,2025-06-01,916,N20,VIIRS,h,2,,306.75,14.12,D,0
22.21464,84.86861,,317.12,0.39,0.36,2025-06-01,2001,N20,VIIRS,n,2,,293.05,1.56,N,2
20.96356,85.18674,,319.32,0.4,0.37,2025-06-01,2002,N20,VIIRS,n,2,,293.31,1.85,N,2
22.30924,77.27152,,303.54,0.48,0.48,2025-06-01,2002,N20,VIIRS,n,2,,292.03,0.57,N,0
17.88571,80.32236,,332.5,0.37,0.58,2025-06-02,713,N20,VIIRS,n,2,,294.18,2.63,D,0
21.19455,81.47263,,334.17,0.54,0.51,2025-06-02,714,N20,VIIRS,n,2,,299.27,4.89,D,0
21.99784,82.47629,,333.48,0.45,0.47,2025-06-02,714,N20,VIIRS,n,2,,300.78,4.63,D,0
24.11444,86.86108,,330.49,0.4,0.37,2025-06-02,714,N20,VIIRS,l,2,,303.67,3.81,D,2
30.4323,73.53075,,343.58,0.51,0.66,2025-06-02,717,N20,VIIRS,n,2,,303.68,1.81,D,0
31.67052,75.2906,,338.93,0.38,0.59,2025-06-02,717,N20,VIIRS,n,2,,305.3,2.95,D,0
20.03158,75.27753,,333.21,0.48,0.65,2025-06-02,854,N20,VIIRS,n,2,,297.77,1.41,D,0
30.34721,73.53678,,331.59,0.47,0.64,2025-06-02,857,N20,VIIRS,l,2,,301.7,1.99,D,0
33.69973,71.42928,,352.69,0.38,0.59,2025-06-02,858,N20,VIIRS,n,2,,300.93,5.44,D,0
23.76688,86.40692,,323.62,0.44,0.38,2025-06-02,1942,N20,VIIRS,n,2,,295.69,3.68,N,2
21.37918,81.68219,,310.75,0.49,0.48,2025-06-02,1943,N20,VIIRS,n,2,,291.83,3.04,N,2
19.66629,84.02783,,339.13,0.4,0.6,2025-06-03,655,N20,VIIRS,n,2,,291.44,4.1,D,0
23.77258,86.36559,,339.2,0.47,0.48,2025-06-03,656,N20,VIIRS,n,2,,301.76,5.71,D,2
21.10555,72.64452,,337.61,0.51,0.41,2025-06-03,836,N20,VIIRS,n,2,,302.57,7.88,D,2
25.56535,78.20448,,338.49,0.42,0.61,2025-06-03,837,N20,VIIRS,n,2,,296.38,2.66,D,0
34.20279,72.68027,,341.52,0.49,0.48,2025-06-03,839,N20,VIIRS,n,2,,304.92,5.98,D,0
32.88858,71.61826,,323.66,0.39,0.36,2025-06-03,2102,N20,VIIRS,n,2,,297.22,2.29,N,2
11.24314,79.80485,,333.87,0.53,0.42,2025-06-04,814,N20,VIIRS,n,2,,299.63,3.51,D,0
17.50933,76.9891,,337.43,0.45,0.39,2025-06-04,816,N20,VIIRS,n,2,,307,7.26,D,0
20.82114,81.8681,,334.17,0.63,0.54,2025-06-04,817,N20,VIIRS,n,2,,296.35,6.39,D,0
23.70233,69.37469,,355.37,0.45,0.39,2025-06-04,818,N20,VIIRS,l,2,,317.78,30.51,D,0
29.92938,72.26504,,340.38,0.39,0.37,2025-06-04,819,N20,VIIRS,n,2,,300.52,2.83,D,0
33.97461,71.93108,,343.8,0.41,0.37,2025-06-04,821,N20,VIIRS,l,2,,315.11,7.84,D,0
25.7953,68.69669,,308.98,0.56,0.43,2025-06-04,2045,N20,VIIRS,n,2,,298.18,1.06,N,2
31.9637,74.644,322.5,,1.1,1,2025-05-31,438,Terra,MODIS,56,61.03,302.2,,5.5,D,0
30.2846,79.0403,323.9,,1.1,1,2025-06-01,913,Aqua,MODIS,52,61.03,306.6,,11.4,D,0
9.3039,77.9926,320.6,,1.1,1.1,2025-06-02,425,Terra,MODIS,67,61.03,301.5,,8.7,D,0
23.7705,86.2002,326.8,,1.1,1.1,2025-06-03,850,Aqua,MODIS,54,61.03,307.3,,12.9,D,2
31.8449,74.5746,332.1,,1.1,1.1,2025-06-04,931,Aqua,MODIS,69,61.03,308.6,,13.4,D,0
14.66186,79.82292,,347.53,0.38,0.36,2025-06-05,756,N20,VIIRS,n,2,,305.74,7.4,D,0
18.51404,79.53076,,333.33,0.39,0.36,2025-06-05,757,N20,VIIRS,n,2,,299.34,2.51,D,0
21.19611,82.53394,,331.83,0.53,0.42,2025-06-05,758,N20,VIIRS,n,2,,300.71,2.94,D,0
21.86364,82.74136,,332.76,0.56,0.43,2025-06-05,758,N20,VIIRS,n,2,,301.08,4.6,D,0
22.30196,77.55402,,340.19,0.38,0.36,2025-06-05,758,N20,VIIRS,l,2,,311.67,2.55,D,0
24.75481,79.70733,,341.88,0.43,0.38,2025-06-05,759,N20,VIIRS,n,2,,311.8,12.09,D,0
28.39246,68.99174,,344.45,0.47,0.48,2025-06-05,800,N20,VIIRS,n,2,,304.64,3.8,D,0
22.05496,88.12653,,318.8,0.4,0.6,2025-06-05,2026,N20,VIIRS,n,2,,288.17,1.64,N,2
23.80368,86.32764,,310.06,0.57,0.52,2025-06-05,2026,N20,VIIRS,n,2,,291.39,2.65,N,2
21.28363,79.14326,,325.54,0.4,0.37,2025-06-05,2027,N20,VIIRS,n,2,,299.28,2.71,N,0
10.69017,78.85039,,333.27,0.47,0.48,2025-06-06,736,N20,VIIRS,n,2,,301.62,3.63,D,0
19.04313,78.7531,,335.31,0.53,0.42,2025-06-06,738,N20,VIIRS,n,2,,302.74,4.07,D,0
21.87558,82.66407,,338.18,0.38,0.36,2025-06-06,739,N20,VIIRS,n,2,,302.94,5.43,D,0
23.60505,83.70182,,338.49,0.4,0.37,2025-06-06,740,N20,VIIRS,n,2,,304.33,3.93,D,0
30.27673,76.31813,,348.56,0.48,0.4,2025-06-06,742,N20,VIIRS,n,2,,310.86,9.85,D,0
31.72165,70.0883,,333.87,0.33,0.55,2025-06-06,742,N20,VIIRS,n,2,,303.48,1.22,D,0
23.68089,86.09263,,312.12,0.46,0.39,2025-06-06,2007,N20,VIIRS,n,2,,294.76,1.11,N,2
23.86345,81.98322,,306.24,0.39,0.36,2025-06-06,2007,N20,VIIRS,n,2,,294.69,0.85,N,0
20.97428,85.1327,,303.83,0.45,0.39,2025-06-06,2008,N20,VIIRS,n,2,,288.01,1.43,N,2
22.15504,83.49668,,301.65,0.39,0.36,2025-06-06,2008,N20,VIIRS,n,2,,282.74,0.34,N,0
9.00875,78.22983,,340.15,0.59,0.7,2025-06-07,717,N20,VIIRS,n,2,,294.31,5.94,D,0
19.94634,81.72772,,332.07,0.43,0.46,2025-06-07,720,N20,VIIRS,n,2,,300.22,2.33,D,0
21.56238,81.38084,,337.62,0.43,0.46,2025-06-07,720,N20,VIIRS,l,2,,310.01,9.39,D,0
22.2517,82.22084,,334.26,0.56,0.43,2025-06-07,720,N20,VIIRS,l,2,,307.8,6.63,D,0
25.09975,81.57246,,339.96,0.54,0.42,2025-06-07,721,N20,VIIRS,l,2,,311.62,14.35,D,0
29.86326,76.12624,,345.87,0.6,0.53,2025-06-07,723,N20,VIIRS,n,2,,305.4,18.49,D,0
30.38949,73.68614,,331.93,0.6,0.71,2025-06-07,904,N20,VIIRS,n,2,,299.56,4.17,D,0
23.71376,86.42872,,314.18,0.39,0.36,2025-06-07,1948,N20,VIIRS,n,2,,295.13,1.33,N,0
25.43164,81.88306,,310.9,0.43,0.46,2025-06-07,1948,N20,VIIRS,n,2,,298.06,0.55,N,0
34.95821,71.95589,,308.46,0.42,0.45,2025-06-07,2126,N20,VIIRS,n,2,,290.24,1.37,N,0
20.7855,81.20078,,334.38,0.45,0.63,2025-06-08,701,N20,VIIRS,n,2,,300.35,2.94,D,0
21.86631,82.62162,,344.64,0.35,0.57,2025-06-08,702,N20,VIIRS,n,2,,301.98,3.64,D,0
24.86867,85.1952,,337.54,0.42,0.45,2025-06-08,702,N20,VIIRS,n,2,,306.76,3.92,D,0
30.49454,78.36959,,340.63,0.41,0.61,2025-06-08,704,N20,VIIRS,n,2,,297.92,4.27,D,0
16.05936,80.8799,,333.45,0.62,0.72,2025-06-08,840,N20,VIIRS,n,2,,290.91,3.57,D,0
25.24681,78.10059,,352.48,0.52,0.67,2025-06-08,843,N20,VIIRS,n,2,,294.11,5.96,D,0
30.49504,73.61608,,345.55,0.62,0.54,2025-06-08,845,N20,VIIRS,n,2,,307.22,5.86,D,0
32.02959,74.24187,,349.22,0.35,0.57,2025-06-08,845,N20,VIIRS,n,2,,311.87,5.48,D,0
20.96479,85.17556,,319.67,0.46,0.47,2025-06-08,1930,N20,VIIRS,n,2,,295.15,1.81,N,2
23.68129,86.38998,,318.59,0.42,0.45,2025-06-08,1930,N20,VIIRS,n,2,,294.62,1.65,N,2
31.25857,76.9276,,306.39,0.51,0.49,2025-06-08,2108,N20,VIIRS,n,2,,295.97,1.78,N,2
34.24712,73.07228,,313.72,0.44,0.38,2025-06-08,2108,N20,VIIRS,n,2,,295.13,1.48,N,0
21.10398,72.63306,,309.84,0.45,0.47,2025-06-08,2111,N20,VIIRS,n,2,,293.18,5.92,N,2
13.55994,80.06373,,340.73,0.49,0.48,2025-06-09,821,N20,VIIRS,n,2,,292.04,9.73,D,0
21.70667,82.96249,,335.66,0.48,0.65,2025-06-09,823,N20,VIIRS,n,2,,296.53,5.01,D,0
24.6608,79.95246,,346.69,0.33,0.55,2025-06-09,824,N20,VIIRS,n,2,,306.95,10.7,D,0
29.09803,76.71361,,347.47,0.47,0.48,2025-06-09,825,N20,VIIRS,n,2,,313.45,4.61,D,0
30.51769,73.66625,,337.08,0.5,0.41,2025-06-09,826,N20,VIIRS,l,2,,311.63,6.74,D,0
30.94183,74.31978,,342.83,0.55,0.43,2025-06-09,826,N20,VIIRS,n,2,,312.16,5.07,D,0
32.98003,75.15963,,340.88,0.43,0.46,2025-06-09,826,N20,VIIRS,n,2,,308.4,4.26,D,0
22.78963,86.20432,,301.76,0.42,0.61,2025-06-09,1911,N20,VIIRS,n,2,,283.13,1.84,N,2
31.80935,77.04197,,305,0.44,0.38,2025-06-09,2049,N20,VIIRS,n,2,,291.66,0.84,N,0
33.8954,73.01373,,333.72,0.4,0.37,2025-06-09,2049,N20,VIIRS,n,2,,299.12,2.67,N,0
34.794,72.94656,,322.99,0.4,0.37,2025-06-09,2049,N20,VIIRS,n,2,,297.16,7.11,N,0
28.38198,68.06206,,328.73,0.53,0.42,2025-06-09,2051,N20,VIIRS,n,2,,298.87,4.37,N,0
18.97049,73.04858,,306.96,0.43,0.38,2025-06-09,2053,N20,VIIRS,n,2,,288.97,1.33,N,0
30.723,74.2254,321.9,,2.7,1.6,2025-06-06,518,Terra,MODIS,21,61.03,303.1,,25.2,D,0
7.0882,80.4161,308.8,,1.9,1.3,2025-06-07,426,Terra,MODIS,56,61.03,292.5,,14.8,D,0
20.9469,86.0493,323,,1,1,2025-06-08,847,Aqua,MODIS,61,61.03,304.4,,7.8,D,2
21.6962,82.9628,341.2,,1,1,2025-06-09,403,Terra,MODIS,87,61.03,304.7,,30.1,D,0
32.8398,73.8121,334.3,,1,1,2025-06-09,930,Aqua,MODIS,53,61.03,317.5,,9.9,D,0
15.17118,76.6655,,335.6,0.39,0.36,2025-06-10,803,N20,VIIRS,l,2,,300.2,7.36,D,2
22.99517,69.38371,,330.91,0.45,0.47,2025-06-10,805,N20,VIIRS,n,2,,295.67,1.53,D,0
26.0708,78.10609,,345.1,0.44,0.38,2025-06-10,806,N20,VIIRS,l,2,,317.75,1.8,D,0
30.28091,77.15552,,340.39,0.44,0.39,2025-06-10,807,N20,VIIRS,l,2,,310.93,6.04,D,0
33.50829,73.71609,,339.93,0.39,0.36,2025-06-10,808,N20,VIIRS,l,2,,313.48,3.5,D,0
32.94786,73.21887,,315.19,0.38,0.43,2025-06-10,2030,N20,VIIRS,n,2,,300.93,1.56,N,0
34.16209,73.09474,,320.42,0.4,0.44,2025-06-10,2030,N20,VIIRS,n,2,,299.28,3.8,N,0
34.73653,71.95399,,313.88,0.47,0.48,2025-06-10,2030,N20,VIIRS,n,2,,296.71,3.54,N,0
23.76683,86.40231,,308.56,0.37,0.58,2025-06-10,2032,N20,VIIRS,n,2,,292.03,2.04,N,2
26.01919,83.86489,,308.64,0.46,0.47,2025-06-10,2032,N20,VIIRS,n,2,,295.94,1.12,N,0
22.35678,82.30329,,307.96,0.43,0.46,2025-06-10,2033,N20,VIIRS,n,2,,285.95,1.52,N,2
21.80141,82.92783,,335.09,0.41,0.37,2025-06-11,745,N20,VIIRS,n,2,,295.76,1.82,D,0
23.75838,86.40029,,330.63,0.42,0.45,2025-06-11,746,N20,VIIRS,n,2,,298.55,5.34,D,2
25.78328,81.23617,,341.86,0.39,0.37,2025-06-11,747,N20,VIIRS,n,2,,311.15,7.52,D,0
30.02855,72.61119,,339.37,0.41,0.45,2025-06-11,748,N20,VIIRS,n,2,,312.05,2.08,D,0
31.13583,69.70731,,343.35,0.57,0.52,2025-06-11,749,N20,VIIRS,l,2,,317.54,7.89,D,0
34.12135,73.00169,,343.15,0.5,0.41,2025-06-11,749,N20,VIIRS,l,2,,317,7.5,D,0
33.11706,74.20782,,332.45,0.63,0.54,2025-06-11,2011,N20,VIIRS,n,2,,300.04,11.34,N,0
34.46272,72.96482,,306.38,0.38,0.59,2025-06-11,2011,N20,VIIRS,n,2,,294.29,1.91,N,0
32.74829,72.61119,,342.66,0.39,0.59,2025-06-11,2012,N20,VIIRS,n,2,,298.4,3.83,N,0
23.78254,86.39548,,308.91,0.56,0.43,2025-06-11,2013,N20,VIIRS,n,2,,292.76,1.63,N,2
22.22292,84.75826,,306.73,0.49,0.4,2025-06-11,2014,N20,VIIRS,n,2,,292.28,3.43,N,2
24.18925,82.58243,,316.31,0.39,0.36,2025-06-11,2014,N20,VIIRS,n,2,,298.35,1.56,N,0
34.5565,71.3811,,308.77,0.44,0.62,2025-06-11,2151,N20,VIIRS,n,2,,293.3,2.65,N,0
28.45863,69.38539,,315.27,0.47,0.64,2025-06-11,2153,N20,VIIRS,n,2,,298.55,1.5,N,0
22.80191,86.09059,,330.36,0.39,0.36,2025-06-12,727,N20,VIIRS,l,2,,303.72,2.22,D,2
24.6473,74.27152,,334.83,0.41,0.6,2025-06-12,728,N20,VIIRS,n,2,,304.42,3.8,D,0
29.59887,76.10741,,337.34,0.5,0.49,2025-06-12,729,N20,VIIRS,l,2,,308.81,3.78,D,0
30.46691,72.8217,,367,0.37,0.58,2025-06-12,729,N20,VIIRS,h,2,,310.09,15.07,D,0
30.79977,74.00943,,332.37,0.62,0.54,2025-06-12,729,N20,VIIRS,l,2,,306.76,1.33,D,0
31.58425,70.28056,,341.24,0.49,0.65,2025-06-12,730,N20,VIIRS,l,2,,315.02,4.35,D,0
33.72335,72.31757,,367,0.33,0.55,2025-06-12,730,N20,VIIRS,h,2,,312.27,8.79,D,0
28.19531,68.03733,,367,0.32,0.55,2025-06-12,909,N20,VIIRS,l,2,,325.26,0.75,D,0
32.40137,73.84184,,337.94,0.79,0.78,2025-06-12,910,N20,VIIRS,n,2,,307.71,8.36,D,0
30.49516,78.10402,,300.89,0.33,0.55,2025-06-12,1953,N20,VIIRS,n,2,,289.03,0.57,N,0
22.20734,84.86832,,307.38,0.39,0.36,2025-06-12,1955,N20,VIIRS,n,2,,293.32,0.97,N,2
23.67887,86.39592,,325.4,0.39,0.36,2025-06-12,1955,N20,VIIRS,n,2,,296.92,1.46,N,2
23.78114,86.39566,,313.6,0.38,0.36,2025-06-12,1955,N20,VIIRS,n,2,,293.93,1.62,N,2
21.21481,82.13741,,308.46,0.46,0.39,2025-06-12,1956,N20,VIIRS,n,2,,293.31,1.72,N,0
34.32968,73.3099,,303.59,0.62,0.54,2025-06-12,2133,N20,VIIRS,n,2,,292.44,0.7,N,0
21.43342,84.07801,,330.86,0.46,0.47,2025-06-13,708,N20,VIIRS,n,2,,295.12,4.85,D,0
24.61261,82.9281,,335.72,0.47,0.48,2025-06-13,709,N20,VIIRS,n,2,,299.04,10.18,D,0
30.53003,73.71741,,342.37,0.61,0.71,2025-06-13,711,N20,VIIRS,n,2,,301.43,2.93,D,0
31.60291,75.0296,,331.34,0.49,0.65,2025-06-13,711,N20,VIIRS,n,2,,296.54,4.06,D,0
28.10736,69.63013,,340.01,0.42,0.45,2025-06-13,850,N20,VIIRS,l,2,,314.37,3.42,D,0
30.54046,73.38046,,339.64,0.37,0.58,2025-06-13,851,N20,VIIRS,l,2,,310.18,3.44,D,0
31.26934,75.12372,,346.19,0.48,0.65,2025-06-13,851,N20,VIIRS,n,2,,299.42,6.23,D,0
34.38883,72.83568,,343.48,0.38,0.59,2025-06-13,852,N20,VIIRS,n,2,,304.28,5.04,D,0
23.16809,82.34391,,314.12,0.59,0.53,2025-06-13,1936,N20,VIIRS,n,2,,290.04,3.17,N,2
23.77789,86.34568,,307.75,0.52,0.41,2025-06-13,1936,N20,VIIRS,n,2,,289.56,1.86,N,2
33.37367,70.36935,,304.64,0.41,0.37,2025-06-13,2114,N20,VIIRS,n,2,,290.54,0.93,N,0
25.97854,84.50327,,330.92,0.34,0.56,2025-06-14,650,N20,VIIRS,n,2,,293.49,3.15,D,0
22.14831,72.24568,,356.81,0.43,0.38,2025-06-14,830,N20,VIIRS,l,2,,298.6,10.5,D,0
27.74504,78.29773,,343.96,0.36,0.57,2025-06-14,831,N20,VIIRS,n,2,,296.63,4.88,D,0
30.38401,73.12298,,335.34,0.57,0.43,2025-06-14,832,N20,VIIRS,n,2,,304.34,2.16,D,0
30.78638,76.20439,,342.19,0.57,0.52,2025-06-14,832,N20,VIIRS,n,2,,299.8,3.51,D,0
31.51948,75.08041,,334.15,0.5,0.49,2025-06-14,832,N20,VIIRS,n,2,,302.18,2.62,D,0
34.17501,72.66003,,335.82,0.4,0.44,2025-06-14,833,N20,VIIRS,l,2,,308.82,3.23,D,0
23.69527,87.10852,,299.66,0.6,0.53,2025-06-14,1917,N20,VIIRS,n,2,,274.32,2.18,N,2
21.73441,83.8483,,307.3,0.46,0.64,2025-06-14,1918,N20,VIIRS,n,2,,277.89,1.03,N,0
34.43849,72.44304,,302.49,0.39,0.36,2025-06-14,2055,N20,VIIRS,n,2,,280.82,1.01,N,0
15.04923,76.87622,,301.76,0.34,0.56,2025-06-14,2100,N20,VIIRS,n,2,,283.56,0.81,N,0
34.5344,71.7698,322.1,,1.1,1,2025-06-10,2210,Aqua,MODIS,100,61.03,300,,17.6,N,0
33.4396,73.779,312.4,,1.2,1.1,2025-06-11,1618,Terra,MODIS,82,61.03,301.6,,6.9,N,0
28.455,69.2219,352.8,,1,1,2025-06-12,947,Aqua,MODIS,94,61.03,326.5,,34.3,D,0
30.8023,76.3624,321.8,,1.8,1.3,2025-06-13,500,Terra,MODIS,66,61.03,299.8,,14.7,D,0
29.6848,77.1246,330,,1.2,1.1,2025-06-14,927,Aqua,MODIS,70,61.03,303.2,,17.2,D,0
21.7687,84.0245,303.4,,1.2,1.1,2025-06-14,2132,Aqua,MODIS,33,61.03,287.4,,5.2,N,2
27.25773,68.00483,,343.39,0.56,0.43,2025-06-15,813,N20,VIIRS,n,2,,309.7,15.86,D,0
32.9579,74.39916,,339.58,0.43,0.38,2025-06-15,814,N20,VIIRS,l,2,,313.05,6.13,D,0
34.05853,73.27428,,345.82,0.4,0.37,2025-06-15,814,N20,VIIRS,l,2,,319.62,37.3,D,0
34.52612,72.24345,,299.21,0.56,0.43,2025-06-15,2036,N20,VIIRS,n,2,,266.86,1.3,N,0
28.08449,68.34181,,341.97,0.32,0.55,2025-06-16,754,N20,VIIRS,n,2,,301.63,3.78,D,0
34.52732,71.83524,,302.18,0.57,0.69,2025-06-16,2158,N20,VIIRS,n,2,,286.95,0.74,N,0
28.02792,68.71326,,338.85,0.45,0.63,2025-06-17,916,N20,VIIRS,n,2,,301.36,3.1,D,0
28.42482,69.7006,,308.87,0.32,0.55,2025-06-17,2141,N20,VIIRS,n,2,,287.05,1.16,N,2
30.82832,73.82133,,343.87,0.48,0.65,2025-06-18,717,N20,VIIRS,n,2,,295.07,4.93,D,0
28.4983,68.33448,,346.65,0.44,0.46,2025-06-18,857,N20,VIIRS,l,2,,318.7,6.59,D,0
30.62108,73.82212,,338.46,0.5,0.65,2025-06-18,857,N20,VIIRS,n,2,,295.59,3.98,D,0
34.64655,72.21853,,315.17,0.54,0.42,2025-06-18,2120,N20,VIIRS,n,2,,296.49,2.7,N,0
29.51327,71.99353,,344.88,0.39,0.44,2025-06-19,838,N20,VIIRS,n,2,,306.81,3,D,0
30.30252,73.36474,,331.89,0.48,0.48,2025-06-19,838,N20,VIIRS,n,2,,299.58,2.6,D,0
30.64831,73.94215,,332.19,0.52,0.5,2025-06-19,839,N20,VIIRS,n,2,,295.65,2.42,D,0
31.13143,75.34026,,341.24,0.32,0.55,2025-06-19,839,N20,VIIRS,n,2,,292.65,3.95,D,0
34.41557,72.93591,,338.05,0.5,0.49,2025-06-19,840,N20,VIIRS,n,2,,302.59,4.35,D,0
28.62486,68.10431,,316.89,0.4,0.37,2025-06-19,2103,N20,VIIRS,n,2,,302.82,1.11,N,0
29.8995,71.6913,326.5,,1.1,1,2025-06-17,945,Aqua,MODIS,61,61.03,304.7,,10.4,D,0
30.7256,75.3272,327.6,,1,1,2025-06-19,925,Aqua,MODIS,72,61.03,300,,13.9,D,0
9.25739,77.93633,,342.04,0.41,0.37,2025-06-20,814,N20,VIIRS,n,2,,304.05,6.4,D,0
20.06242,79.08653,,335.17,0.41,0.45,2025-06-20,817,N20,VIIRS,n,2,,297.9,2.74,D,0
30.13971,72.86917,,339.65,0.41,0.37,2025-06-20,820,N20,VIIRS,n,2,,294.32,3.03,D,0
30.40842,73.41074,,339.64,0.43,0.38,2025-06-20,820,N20,VIIRS,n,2,,302.59,4.96,D,0
30.60736,72.91579,,335.47,0.41,0.37,2025-06-20,820,N20,VIIRS,n,2,,302.23,2.81,D,0
30.76436,73.65044,,333.6,0.44,0.38,2025-06-20,820,N20,VIIRS,n,2,,298.91,2.85,D,0
31.21062,72.62337,,341.4,0.41,0.37,2025-06-20,820,N20,VIIRS,n,2,,304.49,4.97,D,0
35.30729,71.33492,,303.48,0.53,0.42,2025-06-20,2042,N20,VIIRS,n,2,,290.54,1.45,N,0
9.07189,77.79158,,339.72,0.45,0.39,2025-06-21,755,N20,VIIRS,n,2,,305.99,3.54,D,0
20.7939,85.25436,,332.1,0.51,0.5,2025-06-21,758,N20,VIIRS,n,2,,289.12,3.92,D,2
21.10812,72.64072,,304.11,0.55,0.42,2025-06-21,2027,N20,VIIRS,n,2,,284.75,3.43,N,2
23.56292,87.08374,,315.27,0.51,0.41,2025-06-22,2007,N20,VIIRS,n,2,,288.45,5.55,N,2
30.74555,73.72229,,333.3,0.4,0.6,2025-06-23,723,N20,VIIRS,n,2,,291.5,3.84,D,0
27.66036,68.26697,,341.36,0.45,0.39,2025-06-24,844,N20,VIIRS,n,2,,306.88,8.9,D,0
30.22115,73.30534,,331.8,0.59,0.53,2025-06-24,845,N20,VIIRS,n,2,,291.13,5.78,D,0
30.7945,74.1251,324.4,,1,1,2025-06-20,441,Terra,MODIS,68,61.03,299.2,,10.7,D,0
33.7035,71.8698,330.9,,4.7,2,2025-06-23,1023,Aqua,MODIS,72,61.03,300.8,,148.2,D,0
29.77581,72.45585,,335.92,0.44,0.39,2025-06-25,826,N20,VIIRS,n,2,,293.29,2.59,D,0
32.67,70.4305,,334.36,0.4,0.37,2025-06-25,827,N20,VIIRS,n,2,,299.56,6.42,D,0
28.25798,68.93456,,339.71,0.38,0.43,2025-06-26,807,N20,VIIRS,n,2,,298.7,3.91,D,0
28.13825,80.19572,,336.62,0.39,0.36,2025-06-27,748,N20,VIIRS,n,2,,298.74,2.6,D,0
10.59891,78.42706,,332.07,0.41,0.61,2025-06-28,724,N20,VIIRS,n,2,,292.64,4.55,D,0
30.50745,72.32711,,337.6,0.39,0.59,2025-06-28,730,N20,VIIRS,n,2,,291.5,7.88,D,0
27.78662,68.903,,339.82,0.57,0.43,2025-06-29,851,N20,VIIRS,n,2,,300.26,14.26,D,0
23.77758,86.38524,,301.11,0.51,0.41,2025-06-29,1936,N20,VIIRS,n,2,,285.46,1.84,N,2
7.50577,81.08922,,334.24,0.61,0.54,2025-06-30,826,N20,VIIRS,n,2,,300.05,6.71,D,0
29.81785,71.56724,,340.4,0.48,0.4,2025-06-30,832,N20,VIIRS,n,2,,300.61,5.89,D,0
30.40664,73.52926,,337.87,0.4,0.44,2025-06-30,833,N20,VIIRS,n,2,,293.57,3.22,D,0
7.5073,81.21355,,331.34,0.47,0.4,2025-07-01,807,N20,VIIRS,l,2,,301.94,3.77,D,0
23.68135,86.39073,,299.97,0.66,0.73,2025-07-01,1859,N20,VIIRS,n,2,,266.94,1.99,N,2
29.50091,71.53159,,346.23,0.39,0.44,2025-07-02,755,N20,VIIRS,n,2,,296.43,6.19,D,0
8.77415,77.95968,,332.39,0.37,0.58,2025-07-03,730,N20,VIIRS,n,2,,296.42,1.35,D,0
30.55318,72.85931,,332.06,0.58,0.52,2025-07-03,736,N20,VIIRS,n,2,,294.79,3.74,D,0
9.09893,80.592,,332.08,0.51,0.66,2025-07-04,711,N20,VIIRS,n,2,,292.16,2.34,D,0
27.61448,68.10268,,331.4,0.42,0.45,2025-07-04,857,N20,VIIRS,n,2,,289.03,1.98,D,0
30.13382,73.04076,,339.33,0.45,0.63,2025-07-04,858,N20,VIIRS,n,2,,293.05,5.83,D,0
35.2662,73.7588,326.9,,2.7,1.6,2025-06-30,1000,Aqua,MODIS,76,61.03,304.1,,63.4,D,0
9.3254,78.8215,324.7,,1.3,1.1,2025-07-04,912,Aqua,MODIS,52,61.03,303.2,,8.4,D,0
29.37184,71.37057,,337.46,0.55,0.43,2025-07-05,839,N20,VIIRS,n,2,,297.48,5.6,D,0
30.78117,72.98009,,332.3,0.47,0.48,2025-07-05,839,N20,VIIRS,n,2,,298.12,1.9,D,0
8.07936,81.42731,,341.92,0.41,0.45,2025-07-06,814,N20,VIIRS,n,2,,298.64,3.97,D,0
9.56183,77.77855,,334.94,0.41,0.37,2025-07-06,814,N20,VIIRS,l,2,,305.08,2.76,D,0
31.24999,76.92738,,301.22,0.4,0.37,2025-07-06,2044,N20,VIIRS,n,2,,290.44,0.29,N,2
9.31337,78.03115,,338.01,0.44,0.38,2025-07-07,755,N20,VIIRS,n,2,,304.76,5.97,D,0
7.56875,80.90565,,308.11,0.51,0.5,2025-07-07,2031,N20,VIIRS,n,2,,292.62,1.73,N,0
9.54276,78.34048,,340.04,0.52,0.5,2025-07-08,737,N20,VIIRS,n,2,,303.98,4,D,0
30.47802,72.22009,,331.2,0.51,0.49,2025-07-08,743,N20,VIIRS,n,2,,291.9,3.83,D,0
11.12922,77.74681,,307.89,0.41,0.37,2025-07-08,2012,N20,VIIRS,n,2,,291.56,0.53,N,0
15.07597,76.86459,,300.35,0.32,0.55,2025-07-09,1952,N20,VIIRS,n,2,,287.98,0.77,N,0
6.8255,80.9592,314.9,,1.3,1.1,2025-07-07,930,Aqua,MODIS,61,61.03,298.2,,10.6,D,0
9.44014,78.78336,,331.13,0.38,0.59,2025-07-10,840,N20,VIIRS,n,2,,295.01,2.27,D,0
7.12255,81.0015,,332.01,0.47,0.48,2025-07-11,820,N20,VIIRS,n,2,,291.75,3.94,D,0
12.38375,79.87939,,332.65,0.47,0.48,2025-07-11,821,N20,VIIRS,n,2,,297.53,4.23,D,0
30.37524,73.12617,,333.02,0.48,0.4,2025-07-11,827,N20,VIIRS,n,2,,295.34,3.06,D,0
6.83818,81.77457,,344.18,0.42,0.38,2025-07-12,801,N20,VIIRS,n,2,,295.99,6.02,D,0
10.69224,79.74368,,332.28,0.39,0.36,2025-07-12,802,N20,VIIRS,n,2,,299.83,2.84,D,0
33.07313,73.06585,,315.77,0.38,0.44,2025-07-12,2031,N20,VIIRS,n,2,,294.97,1.24,N,0
15.17718,76.67427,,318.74,0.43,0.38,2025-07-12,2036,N20,VIIRS,n,2,,290.9,1.68,N,2
13.41939,79.0147,,334.77,0.49,0.41,2025-07-13,744,N20,VIIRS,n,2,,287.81,6.77,D,0
22.03186,83.36596,,296.37,0.43,0.38,2025-07-13,2015,N20,VIIRS,n,2,,267.64,0.74,N,2
10.88673,78.45168,,306.7,0.53,0.42,2025-07-14,1959,N20,VIIRS,n,2,,290.26,2.29,N,0
14.5401,79.474,310.9,,1,1,2025-07-14,410,Terra,MODIS,52,61.03,285,,4.6,D,0
14.91528,77.04189,,332.25,0.42,0.45,2025-07-16,829,N20,VIIRS,n,2,,288.68,2.33,D,0
7.724,81.25398,,335.32,0.48,0.4,2025-07-17,808,N20,VIIRS,n,2,,298.35,4.63,D,0
21.92206,83.35032,,337.04,0.5,0.41,2025-07-18,753,N20,VIIRS,n,2,,296.51,4.82,D,2
11.15476,77.79721,,304.57,0.4,0.37,2025-07-18,2024,N20,VIIRS,n,2,,287.38,0.6,N,0
22.37677,87.28075,,306.28,0.46,0.39,2025-07-19,2002,N20,VIIRS,n,2,,273.25,1,N,2
28.7413,80.1692,314.4,,1.1,1.1,2025-07-19,407,Terra,MODIS,28,61.03,298.3,,6.9,D,0
20.96476,85.19046,,318.92,0.45,0.39,2025-07-20,1944,N20,VIIRS,n,2,,289.05,2.26,N,2
23.75882,86.40363,,298.98,0.51,0.5,2025-07-21,1924,N20,VIIRS,n,2,,265.3,1.47,N,2
29.74502,72.32607,,335.43,0.4,0.37,2025-07-22,820,N20,VIIRS,n,2,,290.05,3.17,D,0
21.93006,85.21796,,303.22,0.55,0.68,2025-07-22,2046,N20,VIIRS,n,2,,284.04,1.85,N,2
25.38972,68.58207,,303.67,0.36,0.57,2025-07-23,2027,N20,VIIRS,n,2,,286.63,0.73,N,0
20.7906,85.2559,306.9,,1,1,2025-07-22,1522,Terra,MODIS,55,61.03,288,,4.4,N,2
23.56096,87.24126,,325.99,0.55,0.43,2025-07-26,1930,N20,VIIRS,n,2,,288.57,7.75,N,2
8.80091,80.56258,,332.97,0.46,0.47,2025-07-27,820,N20,VIIRS,n,2,,291.8,3.92,D,0
8.91938,80.70753,,301.16,0.65,0.73,2025-07-27,1916,N20,VIIRS,n,2,,278.36,1.48,N,0
7.93843,81.12845,,338.25,0.41,0.37,2025-07-28,801,N20,VIIRS,n,2,,301.92,6.25,D,0
9.60403,78.46941,,336.9,0.39,0.36,2025-07-28,802,N20,VIIRS,n,2,,305.34,2.29,D,0
7.25718,81.8151,,342.64,0.43,0.38,2025-07-29,742,N20,VIIRS,n,2,,296.42,5.82,D,0
9.05939,80.51214,,335.27,0.47,0.4,2025-07-29,743,N20,VIIRS,n,2,,302.88,5.16,D,0
11.37865,78.76949,,331.96,0.55,0.42,2025-07-29,744,N20,VIIRS,l,2,,302.7,1.97,D,0
6.2832,81.3367,322.7,,1,1,2025-07-27,920,Aqua,MODIS,61,61.03,302.8,,7.6,D,0
7.1622,80.9337,300.2,,1.3,1.1,2025-07-29,2115,Aqua,MODIS,15,61.03,289.4,,3.8,N,0
11.94436,78.9195,,340.51,0.36,0.57,2025-07-30,725,N20,VIIRS,n,2,,293.63,9.68,D,0
7.09062,81.12455,,301.97,0.42,0.45,2025-07-31,1942,N20,VIIRS,n,2,,288.92,0.56,N,0
11.39825,78.16129,,330.79,0.39,0.37,2025-08-02,809,N20,VIIRS,n,2,,296.33,2.45,D,0
26.60491,73.68436,,305.4,0.45,0.47,2025-08-03,2020,N20,VIIRS,n,2,,292.79,1.02,N,2
8.5923,80.8326,321,,1,1,2025-08-01,918,Aqua,MODIS,26,61.03,296.6,,8.8,D,0
21.92289,83.34842,,297.67,0.39,0.36,2025-08-04,2002,N20,VIIRS,n,2,,273.82,0.99,N,2
33.2346,71.51601,,306.16,0.33,0.55,2025-08-04,2140,N20,VIIRS,n,2,,293.04,0.34,N,2
22.04526,83.73164,,310.59,0.55,0.43,2025-08-05,1944,N20,VIIRS,n,2,,277.56,2.27,N,2
28.26993,68.13628,,344.48,0.4,0.37,2025-08-06,839,N20,VIIRS,n,2,,311,10.52,D,0
8.16961,80.20226,,331.2,0.52,0.41,2025-08-07,814,N20,VIIRS,n,2,,289.3,3.83,D,0
30.92763,71.97581,,335.66,0.4,0.37,2025-08-07,821,N20,VIIRS,n,2,,301.3,4.93,D,0
21.75733,84.02189,,303.69,0.46,0.47,2025-08-08,2027,N20,VIIRS,n,2,,280.42,1.96,N,2
7.2574,80.85722,,346.87,0.39,0.44,2025-08-09,736,N20,VIIRS,n,2,,286.5,13.91,D,0
21.76605,83.81949,,314.35,0.4,0.37,2025-08-09,2009,N20,VIIRS,n,2,,290.65,2.94,N,2
30.07202,71.45264,,333.53,0.55,0.68,2025-08-10,724,N20,VIIRS,n,2,,288.95,2.92,D,0
20.9745,85.13425,,312.79,0.4,0.37,2025-08-10,1950,N20,VIIRS,n,2,,281.78,1.76,N,2
22.41776,69.03887,,312.51,0.51,0.49,2025-08-10,2131,N20,VIIRS,n,2,,290.03,3.93,N,0
22.37763,87.28217,,305.25,0.53,0.42,2025-08-11,1931,N20,VIIRS,n,2,,278.63,1.44,N,2
7.39843,81.60734,,333.78,0.42,0.38,2025-08-13,801,N20,VIIRS,n,2,,291.35,2.55,D,0
22.0375,83.7349,313.8,,1.3,1.1,2025-08-09,1544,Terra,MODIS,87,61.03,292.9,,14.3,N,2
7.6816,80.07258,,336.96,0.52,0.41,2025-08-14,743,N20,VIIRS,n,2,,296.98,6.15,D,0
6.87325,80.9639,,331.52,0.5,0.41,2025-08-14,2019,N20,VIIRS,n,2,,288.81,4.75,N,0
20.97029,85.17634,,325.82,0.38,0.36,2025-08-15,1956,N20,VIIRS,n,2,,277.05,1.55,N,2
23.71855,85.0102,,303.27,0.39,0.36,2025-08-15,1956,N20,VIIRS,n,2,,280.34,0.85,N,2
20.97087,85.16876,,310.97,0.55,0.43,2025-08-16,1937,N20,VIIRS,n,2,,285.96,1.66,N,2
20.28256,86.68601,,309.22,0.45,0.39,2025-08-16,1938,N20,VIIRS,n,2,,274.8,1.42,N,0
27.83969,69.56815,,331.48,0.4,0.37,2025-08-17,832,N20,VIIRS,n,2,,301.17,2.88,D,0
20.91164,71.45752,,303.73,0.42,0.37,2025-08-17,2100,N20,VIIRS,n,2,,285.6,0.71,N,2
7.34039,81.83991,,339.23,0.51,0.41,2025-08-18,807,N20,VIIRS,n,2,,308.35,9.24,D,0
23.5148,72.16422,,311.4,0.43,0.38,2025-08-18,2040,N20,VIIRS,n,2,,286.72,2.25,N,0
24.4961,71.2759,319.9,,4.4,1.9,2025-08-18,1032,Aqua,MODIS,50,61.03,291.5,,55,D,0
9.18283,77.85552,,337.09,0.54,0.42,2025-08-19,749,N20,VIIRS,l,2,,311.56,5.36,D,0
11.81131,77.91938,,302.68,0.4,0.37,2025-08-19,2024,N20,VIIRS,n,2,,291.8,1.62,N,2
7.70035,81.55919,,342.6,0.44,0.46,2025-08-20,730,N20,VIIRS,n,2,,301.73,3.67,D,0
8.62435,77.49102,,330.12,0.4,0.6,2025-08-20,730,N20,VIIRS,n,2,,298.32,1.94,D,0
24.99848,87.37344,,303.82,0.43,0.38,2025-08-20,2001,N20,VIIRS,n,2,,290.45,2.34,N,0
8.40001,80.47072,,331.12,0.54,0.68,2025-08-21,711,N20,VIIRS,n,2,,290.03,8.27,D,0
6.78683,81.5378,,351.74,0.41,0.61,2025-08-22,832,N20,VIIRS,n,2,,299.43,12.6,D,0
8.18606,80.57815,,367,0.37,0.58,2025-08-22,833,N20,VIIRS,h,2,,297.97,9.26,D,0
29.65531,73.85056,,333.44,0.51,0.49,2025-08-22,839,N20,VIIRS,n,2,,300.07,6.58,D,0
7.36878,81.12912,,341,0.57,0.43,2025-08-23,814,N20,VIIRS,n,2,,298.76,9.68,D,0
7.89902,79.90041,,333.49,0.49,0.4,2025-08-23,814,N20,VIIRS,n,2,,297.87,3.08,D,0
8.93373,80.79161,,336.42,0.57,0.43,2025-08-23,814,N20,VIIRS,n,2,,295.1,6.35,D,0
8.6806,80.3499,320,,1,1,2025-08-19,928,Aqua,MODIS,43,61.03,306.4,,6.3,D,0
6.40253,80.73295,,340.94,0.39,0.36,2025-08-24,755,N20,VIIRS,l,2,,305.09,9.58,D,0
7.55996,80.19715,,340.9,0.39,0.36,2025-08-24,755,N20,VIIRS,n,2,,305.55,6.56,D,0
8.98315,80.86726,,332.7,0.38,0.36,2025-08-24,755,N20,VIIRS,n,2,,300.65,2.25,D,0
15.65954,73.98974,,307.98,0.41,0.37,2025-08-24,2030,N20,VIIRS,n,2,,286.98,0.88,N,2
7.53285,81.25117,,334.86,0.55,0.43,2025-08-25,736,N20,VIIRS,l,2,,306.07,2.75,D,0
8.04668,81.42462,,341.14,0.53,0.42,2025-08-25,736,N20,VIIRS,n,2,,305.09,5.57,D,0
9.13699,77.55663,,337.94,0.61,0.53,2025-08-25,737,N20,VIIRS,l,2,,310.38,8.89,D,0
23.68693,86.39076,,307.68,0.47,0.4,2025-08-25,2008,N20,VIIRS,n,2,,274.73,2.59,N,2
7.45339,81.67783,,330.67,0.36,0.57,2025-08-26,717,N20,VIIRS,n,2,,296.47,2.04,D,0
23.69046,86.38848,,304.58,0.39,0.36,2025-08-26,1949,N20,VIIRS,n,2,,271.4,1.1,N,2
22.37041,87.29813,,310.34,0.38,0.36,2025-08-26,1950,N20,VIIRS,n,2,,284.34,1.7,N,2
28.6094,68.63407,,336.57,0.47,0.4,2025-08-27,845,N20,VIIRS,n,2,,302.47,6.52,D,0
6.93213,81.02024,,299.5,0.55,0.51,2025-08-27,1935,N20,VIIRS,n,2,,286.68,0.47,N,0
8.09331,80.38199,,341.24,0.44,0.46,2025-08-28,820,N20,VIIRS,n,2,,297.98,7.69,D,0
22.21269,84.8718,,305.07,0.5,0.66,2025-08-28,1912,N20,VIIRS,n,2,,283.42,2.55,N,2
7.7203,80.5449,319.7,,1,1,2025-08-24,925,Aqua,MODIS,64,61.03,301.1,,10.7,D,0
20.7963,85.2599,308.5,,1,1,2025-08-26,1526,Terra,MODIS,59,61.03,293.5,,5.4,N,2
7.48047,81.41208,,335.64,0.41,0.37,2025-08-29,801,N20,VIIRS,n,2,,302.96,3.24,D,0
8.34702,80.16985,,340,0.39,0.36,2025-08-29,801,N20,VIIRS,n,2,,301.23,2.51,D,0
11.66144,78.60388,,335.59,0.38,0.36,2025-08-29,802,N20,VIIRS,n,2,,298.08,5.31,D,0
6.15569,80.90137,,333.51,0.49,0.4,2025-08-30,742,N20,VIIRS,l,2,,297.24,5.65,D,0
8.35595,81.05592,,330.23,0.46,0.39,2025-08-30,743,N20,VIIRS,l,2,,300.74,3.06,D,0
23.73717,86.4357,,311.99,0.57,0.43,2025-08-30,2014,N20,VIIRS,n,2,,289.97,2.72,N,2
19.09213,82.17036,,302.36,0.42,0.37,2025-08-30,2016,N20,VIIRS,n,2,,280.67,0.73,N,2
8.61624,80.98756,,339.88,0.6,0.53,2025-08-31,724,N20,VIIRS,n,2,,290.61,9.88,D,0
23.76649,86.40007,,307.8,0.39,0.36,2025-08-31,1955,N20,VIIRS,n,2,,288.57,1.42,N,2
22.05235,88.12366,,307.44,0.43,0.38,2025-08-31,1956,N20,VIIRS,n,2,,288.19,2.33,N,2
26.56155,89.4728,,331.35,0.38,0.36,2025-09-01,709,N20,VIIRS,n,2,,298.93,2.2,D,0
8.98861,77.93181,,335.4,0.4,0.44,2025-09-02,827,N20,VIIRS,n,2,,296.31,1.46,D,0
8.5959,80.4031,324.9,,1,1,2025-08-29,923,Aqua,MODIS,62,61.03,301.6,,10.2,D,0
6.16492,80.97568,,328.65,0.44,0.39,2025-09-03,807,N20,VIIRS,n,2,,286.43,2.97,D,0
8.12029,80.3353,,331.62,0.43,0.38,2025-09-03,808,N20,VIIRS,n,2,,299.76,3.4,D,0
15.18089,76.66573,,329.18,0.39,0.36,2025-09-03,810,N20,VIIRS,n,2,,291.47,1.89,D,2
7.51706,81.12549,,339.04,0.4,0.37,2025-09-04,749,N20,VIIRS,l,2,,309.02,8.84,D,0
23.76207,85.85889,,307.2,0.43,0.46,2025-09-04,2020,N20,VIIRS,n,2,,289.35,1.41,N,2
7.18955,81.09883,,325.31,0.41,0.45,2025-09-04,2025,N20,VIIRS,n,2,,291.55,2.6,N,0
7.65621,81.17259,,331.75,0.47,0.48,2025-09-05,730,N20,VIIRS,n,2,,299.14,5.6,D,0
12.02525,79.51079,,335.44,0.51,0.5,2025-09-05,731,N20,VIIRS,n,2,,299.7,2.74,D,0
22.2114,84.86388,,317.28,0.39,0.36,2025-09-05,2002,N20,VIIRS,n,2,,289.46,2.37,N,2
23.73681,86.43162,,315.41,0.41,0.37,2025-09-05,2002,N20,VIIRS,n,2,,291.92,1.53,N,2
15.17214,76.3757,,301.11,0.44,0.46,2025-09-05,2004,N20,VIIRS,n,2,,290.95,1.03,N,2
23.68073,86.39162,,330.29,0.41,0.37,2025-09-06,715,N20,VIIRS,l,2,,296.92,2.93,D,2
23.66433,84.99799,,306.94,0.5,0.41,2025-09-06,1943,N20,VIIRS,n,2,,290.46,1.88,N,2
24.11455,86.85941,,309.63,0.42,0.38,2025-09-06,1943,N20,VIIRS,n,2,,287.08,1.39,N,2
6.4122,80.75574,,352.29,0.36,0.57,2025-09-07,832,N20,VIIRS,n,2,,296.44,5.19,D,0
9.30124,77.52163,,347.34,0.47,0.48,2025-09-07,833,N20,VIIRS,n,2,,301.92,14.74,D,0
23.77906,86.38624,,323.13,0.52,0.5,2025-09-07,1924,N20,VIIRS,n,2,,289.48,3.73,N,2
8.254,80.3255,315.2,,1,1,2025-09-03,920,Aqua,MODIS,30,61.03,297.4,,7.7,D,0
23.172,82.3336,302,,2.2,1.4,2025-09-05,2110,Aqua,MODIS,46,61.03,289,,11.3,N,0
7.37388,79.96346,,333.78,0.49,0.4,2025-09-08,814,N20,VIIRS,n,2,,298.18,5.18,D,0
8.22729,80.60812,,336.7,0.54,0.42,2025-09-08,814,N20,VIIRS,n,2,,301.8,3.92,D,0
21.10427,72.64587,,333.37,0.39,0.36,2025-09-08,818,N20,VIIRS,n,2,,292.84,2.74,D,2
21.76741,84.01805,,301.3,0.71,0.75,2025-09-08,1906,N20,VIIRS,n,2,,280.44,3.18,N,2
21.92131,83.34771,,309.1,0.41,0.6,2025-09-08,2046,N20,VIIRS,n,2,,282.7,2.65,N,2
15.33242,76.24734,,306.54,0.38,0.43,2025-09-08,2048,N20,VIIRS,n,2,,288.93,0.99,N,2
15.67555,79.73069,,335.72,0.39,0.36,2025-09-09,757,N20,VIIRS,n,2,,302.95,1.76,D,0
22.03369,83.36179,,303.14,0.41,0.45,2025-09-09,2027,N20,VIIRS,n,2,,287.06,0.93,N,2
15.17451,77.10142,,304.95,0.39,0.36,2025-09-09,2030,N20,VIIRS,n,2,,292.67,0.53,N,0
35.99791,68.35406,,338.3,0.62,0.72,2025-09-10,925,N20,VIIRS,n,2,,304.84,18.37,D,0
20.96761,85.16875,,313.46,0.45,0.39,2025-09-10,2009,N20,VIIRS,n,2,,282.94,0.95,N,2
21.09918,72.63793,,352.41,0.42,0.61,2025-09-11,902,N20,VIIRS,n,2,,292.41,7.68,D,2
9.46844,78.88166,,337.49,0.38,0.58,2025-09-12,839,N20,VIIRS,n,2,,296.61,3.26,D,0
32.29407,70.7312,,317.56,0.4,0.37,2025-09-12,2109,N20,VIIRS,n,2,,297.28,2.89,N,2
21.1046,72.6372,313.5,,1.3,1.1,2025-09-09,1626,Terra,MODIS,87,61.03,295.9,,15,N,2
7.787,79.90105,,342.11,0.4,0.44,2025-09-13,820,N20,VIIRS,n,2,,298.74,3.5,D,0
8.56352,80.25782,,330.26,0.43,0.46,2025-09-13,820,N20,VIIRS,n,2,,297.59,2.26,D,0
21.88155,83.55339,,301.19,0.61,0.71,2025-09-13,1912,N20,VIIRS,n,2,,279.53,0.76,N,2
22.41843,69.03964,,309.34,0.42,0.38,2025-09-13,2053,N20,VIIRS,n,2,,287.11,0.84,N,0
30.012,70.72867,,332.81,0.45,0.39,2025-09-14,808,N20,VIIRS,n,2,,301.28,2.08,D,0
10.44384,77.19579,,332.51,0.48,0.48,2025-09-15,743,N20,VIIRS,n,2,,281.68,5.59,D,0
31.62955,75.09362,,341.76,0.51,0.5,2025-09-16,730,N20,VIIRS,n,2,,296.78,12.09,D,0
8.23848,80.35399,,336.04,0.72,0.75,2025-09-17,705,N20,VIIRS,n,2,,280.63,5.41,D,0
32.29456,70.73258,,315.43,0.44,0.38,2025-09-17,2115,N20,VIIRS,n,2,,296.53,3.02,N,2
9.3553,77.3579,312.4,,1.6,1.3,2025-09-14,2207,Aqua,MODIS,80,61.03,289.5,,23.8,N,0
20.80644,85.25407,,317.75,0.36,0.58,2025-09-18,1918,N20,VIIRS,n,2,,289.81,2.53,N,2
27.66849,76.13034,,306.27,0.54,0.42,2025-09-18,2057,N20,VIIRS,n,2,,292.84,1.59,N,2
31.59736,75.11462,,333.63,0.44,0.38,2025-09-19,814,N20,VIIRS,n,2,,299.26,2.84,D,0
20.96778,85.14901,,308.64,0.44,0.62,2025-09-19,2040,N20,VIIRS,n,2,,285.05,1.02,N,2
8.09291,81.36272,,333.12,0.4,0.37,2025-09-20,749,N20,VIIRS,n,2,,290.46,4.36,D,0
24.15826,82.56867,,295.75,0.43,0.38,2025-09-20,2020,N20,VIIRS,n,2,,252.87,0.29,N,2
7.45366,81.2484,,335.04,0.47,0.48,2025-09-21,730,N20,VIIRS,n,2,,295.56,2.64,D,0
23.77506,86.3634,,301.79,0.41,0.37,2025-09-21,2001,N20,VIIRS,n,2,,258.33,1.08,N,2
26.23556,68.91087,,323.05,0.32,0.55,2025-09-21,2142,N20,VIIRS,n,2,,295.87,1.33,N,0
24.15914,82.66698,,296.17,0.46,0.47,2025-09-22,1943,N20,VIIRS,n,2,,268.8,0.39,N,2
20.9619,85.1712,314.1,,1.2,1.1,2025-09-19,355,Terra,MODIS,53,61.03,294.8,,7.8,D,2
31.10982,75.20973,,328.35,0.74,0.76,2025-09-23,659,N20,VIIRS,n,2,,295.17,5.02,D,0
9.61549,80.36286,,356.09,0.37,0.58,2025-09-23,833,N20,VIIRS,l,2,,287.24,7.37,D,0
23.77764,86.3877,,302.74,0.53,0.5,2025-09-23,1924,N20,VIIRS,n,2,,268.02,1.34,N,2
7.34435,81.28643,,335.1,0.57,0.43,2025-09-24,813,N20,VIIRS,n,2,,296.42,2.58,D,0
31.59726,72.36617,,335.42,0.4,0.37,2025-09-24,820,N20,VIIRS,n,2,,303.06,3.78,D,0
33.40704,71.93948,,319.96,0.48,0.4,2025-09-24,2043,N20,VIIRS,n,2,,295.54,2.56,N,2
22.31073,69.71816,,303.74,0.46,0.39,2025-09-24,2046,N20,VIIRS,n,2,,292.86,0.69,N,0
21.3475,81.66718,,331.56,0.48,0.4,2025-09-25,758,N20,VIIRS,n,2,,293.09,2.85,D,2
31.54306,75.08359,,334.87,0.38,0.36,2025-09-25,801,N20,VIIRS,n,2,,308.41,2.15,D,0
21.3903,81.64612,,306.77,0.5,0.41,2025-09-25,2027,N20,VIIRS,n,2,,292.04,0.96,N,2
9.17163,78.51995,,302.83,0.5,0.41,2025-09-25,2031,N20,VIIRS,n,2,,280.09,0.49,N,0
27.48321,70.63471,,334.48,0.72,0.76,2025-09-26,922,N20,VIIRS,n,2,,303.97,2.68,D,0
9.15538,80.50826,,332.81,0.41,0.61,2025-09-27,717,N20,VIIRS,n,2,,296.14,3.34,D,0
21.91895,83.35072,,305.45,0.49,0.4,2025-09-27,1949,N20,VIIRS,n,2,,289.05,0.98,N,2
23.69244,87.12465,,307.34,0.39,0.36,2025-09-27,1949,N20,VIIRS,n,2,,292.45,0.89,N,2
26.18977,68.74902,,338.42,0.4,0.45,2025-09-27,2129,N20,VIIRS,n,2,,298.46,3.3,N,0
34.52,87.702,305.3,,1.2,1.1,2025-09-26,333,Terra,MODIS,61,61.03,289,,6.8,D,2
8.45593,80.18512,,332.61,0.44,0.62,2025-09-28,839,N20,VIIRS,n,2,,293.32,3.4,D,0
31.7829,72.39449,,348.15,0.54,0.51,2025-09-28,846,N20,VIIRS,n,2,,305.93,7.59,D,0
23.75757,86.40121,,306.17,0.42,0.46,2025-09-28,1930,N20,VIIRS,n,2,,291.34,2.82,N,2
21.80395,82.03689,,305.16,0.38,0.59,2025-09-28,1931,N20,VIIRS,n,2,,287.08,0.92,N,0
15.13758,76.7106,,300.95,0.53,0.67,2025-09-28,2113,N20,VIIRS,n,2,,284.92,1.88,N,2
9.82303,78.22861,,345.38,0.5,0.41,2025-09-29,820,N20,VIIRS,n,2,,300.7,9.49,D,0
31.7341,72.67246,,339.09,0.47,0.39,2025-09-29,827,N20,VIIRS,n,2,,301.25,6.97,D,0
23.76108,86.39894,,319.02,0.42,0.61,2025-09-29,1911,N20,VIIRS,n,2,,287.91,2.1,N,2
23.56581,87.08233,,308.69,0.79,0.78,2025-09-29,2051,N20,VIIRS,n,2,,283.71,1.98,N,2
22.22214,84.7549,,303.58,0.61,0.71,2025-09-29,2052,N20,VIIRS,n,2,,286.1,2.06,N,2
6.92889,81.55138,,337.24,0.41,0.37,2025-09-30,801,N20,VIIRS,n,2,,277.71,2.48,D,0
31.08749,74.52017,,336.12,0.39,0.36,2025-09-30,808,N20,VIIRS,n,2,,307.72,3.23,D,0
27.66874,76.13083,,302.81,0.4,0.37,2025-09-30,2032,N20,VIIRS,n,2,,284.67,0.67,N,2
22.04049,83.73088,,324.41,0.53,0.5,2025-09-30,2033,N20,VIIRS,n,2,,291.14,4.04,N,2
25.15672,76.17731,,299.43,0.39,0.36,2025-09-30,2033,N20,VIIRS,n,2,,273.28,0.76,N,0
6.74464,81.3932,,339.22,0.47,0.39,2025-10-01,742,N20,VIIRS,l,2,,303.83,7.16,D,0
20.96417,86.0089,,336.69,0.54,0.42,2025-10-01,745,N20,VIIRS,n,2,,291.58,6.25,D,2
32.21371,74.27296,,337.27,0.48,0.4,2025-10-01,749,N20,VIIRS,n,2,,299.42,4.23,D,0
15.17909,76.65248,,300.15,0.43,0.38,2025-10-01,2017,N20,VIIRS,n,2,,282.71,1.04,N,2
8.27203,80.58678,,348.28,0.33,0.55,2025-10-02,723,N20,VIIRS,n,2,,294.85,4.41,D,0
31.92569,74.30423,,340.16,0.57,0.52,2025-10-02,730,N20,VIIRS,n,2,,296.86,7.14,D,0
24.9547,68.2755,315.8,,1,1,2025-09-28,454,Terra,MODIS,61,61.03,301.4,,7.4,D,0
22.5674,85.8915,315.9,,1.1,1.1,2025-09-30,848,Aqua,MODIS,66,61.03,299.8,,8.3,D,0
30.5576,73.7114,322.9,,1.2,1.1,2025-10-01,929,Aqua,MODIS,73,61.03,301.9,,15.5,D,0
12.5203,77.73257,,339.1,0.44,0.62,2025-10-03,846,N20,VIIRS,n,2,,291.56,4.26,D,0
20.76093,85.29575,,311.71,0.55,0.43,2025-10-03,1937,N20,VIIRS,n,2,,282.46,2.27,N,2
12.64957,76.76055,,333.6,0.55,0.43,2025-10-04,827,N20,VIIRS,n,2,,286.42,8.32,D,0
30.49177,73.57418,,332.59,0.4,0.44,2025-10-04,832,N20,VIIRS,n,2,,302.73,3.43,D,0
31.3853,72.50073,,332.98,0.54,0.42,2025-10-04,833,N20,VIIRS,n,2,,298.42,2.54,D,0
24.16138,82.6674,,304.28,0.51,0.66,2025-10-04,2058,N20,VIIRS,n,2,,278.24,1.03,N,2
13.83881,77.48769,,332.9,0.39,0.36,2025-10-05,809,N20,VIIRS,n,2,,301.7,3.65,D,0
27.69185,74.92699,,333.01,0.4,0.37,2025-10-05,813,N20,VIIRS,l,2,,306.56,1.87,D,0
26.76163,83.19818,,304.02,0.5,0.49,2025-10-05,2038,N20,VIIRS,n,2,,289.97,1.71,N,2
15.17585,76.65466,,318.23,0.49,0.4,2025-10-05,2042,N20,VIIRS,n,2,,291.73,2,N,2
29.22398,88.35138,,296.44,0.47,0.48,2025-10-06,2018,N20,VIIRS,n,2,,277.83,2.23,N,2
15.1093,76.806,,303.97,0.39,0.36,2025-10-06,2023,N20,VIIRS,n,2,,291.11,0.99,N,0
29.22453,88.34927,,303.78,0.42,0.37,2025-10-07,2000,N20,VIIRS,n,2,,279.13,0.94,N,2
25.033,87.37005,,317.51,0.42,0.38,2025-10-07,2001,N20,VIIRS,n,2,,289.32,2.08,N,0
17.60788,83.1865,,310.3,0.38,0.36,2025-10-07,2003,N20,VIIRS,n,2,,280.92,1.17,N,0
17.1114,81.2718,317.3,,1,1,2025-10-04,357,Terra,MODIS,52,61.03,286.6,,11,D,0
22.0462,83.7355,306.7,,1,1,2025-10-05,1529,Terra,MODIS,65,61.03,286.2,,6.3,N,2
26.09365,68.87854,,339.95,0.43,0.46,2025-10-08,857,N20,VIIRS,n,2,,304.52,8.13,D,2
21.00215,86.02393,,304.69,0.43,0.38,2025-10-08,1943,N20,VIIRS,n,2,,290.21,0.26,N,2
32.37883,72.13697,,302.11,0.39,0.44,2025-10-08,2121,N20,VIIRS,n,2,,290.86,0.7,N,2
21.59464,70.46373,,333.7,0.41,0.37,2025-10-09,836,N20,VIIRS,n,2,,302.27,2.39,D,0
23.78008,86.20724,,307.39,0.55,0.51,2025-10-09,1923,N20,VIIRS,n,2,,291.89,3.39,N,2
32.88718,71.61692,,309.45,0.39,0.36,2025-10-09,2102,N20,VIIRS,n,2,,292.2,1.19,N,2
7.75336,79.94684,,336.37,0.48,0.4,2025-10-10,813,N20,VIIRS,n,2,,300,3.84,D,0
29.45671,70.44998,,334.47,0.39,0.36,2025-10-10,820,N20,VIIRS,l,2,,306.23,2.87,D,0
30.67145,73.57758,,333.22,0.43,0.38,2025-10-10,820,N20,VIIRS,n,2,,300.92,3.82,D,0
21.67827,84.03659,,302.29,0.73,0.76,2025-10-10,1905,N20,VIIRS,n,2,,281.44,1.94,N,2
23.76056,85.85822,,305.67,0.52,0.67,2025-10-10,2045,N20,VIIRS,n,2,,288.92,1.54,N,2
21.84005,83.98249,,304.16,0.44,0.62,2025-10-10,2046,N20,VIIRS,n,2,,288.33,1.03,N,0
11.38191,79.14927,,330.05,0.4,0.37,2025-10-11,755,N20,VIIRS,l,2,,304.9,3.11,D,0
23.10762,76.61929,,333.08,0.39,0.36,2025-10-11,759,N20,VIIRS,l,2,,307.01,1.69,D,0
24.8314,77.00884,,337.17,0.38,0.36,2025-10-11,759,N20,VIIRS,l,2,,308.68,2.2,D,0
28.25979,73.23608,,336,0.44,0.38,2025-10-11,800,N20,VIIRS,l,2,,310.03,2.37,D,0
30.23622,72.9522,,345.49,0.43,0.38,2025-10-11,801,N20,VIIRS,n,2,,304.24,10.42,D,0
30.75498,74.15162,,340.35,0.4,0.37,2025-10-11,801,N20,VIIRS,n,2,,300.87,4.25,D,0
31.79612,74.09744,,333.48,0.39,0.36,2025-10-11,801,N20,VIIRS,n,2,,300.96,2.54,D,0
22.87644,86.06071,,303.47,0.56,0.52,2025-10-11,2026,N20,VIIRS,n,2,,290.34,1.02,N,2
28.42561,69.69875,,308.84,0.34,0.56,2025-10-11,2026,N20,VIIRS,n,2,,294.69,1.14,N,2
17.29346,78.40933,,308.27,0.41,0.37,2025-10-11,2028,N20,VIIRS,n,2,,290.17,0.33,N,0
9.08792,80.14925,,300.16,0.41,0.45,2025-10-11,2031,N20,VIIRS,n,2,,286.83,0.3,N,0
22.04135,83.73345,,348.57,0.39,0.36,2025-10-12,739,N20,VIIRS,n,2,,312.31,7.67,D,2
25.7628,81.33123,,333.7,0.38,0.36,2025-10-12,740,N20,VIIRS,n,2,,305.12,2.55,D,0
27.7338,78.77764,,333.81,0.42,0.38,2025-10-12,741,N20,VIIRS,n,2,,303.09,5.23,D,0
30.39355,73.83468,,341.48,0.43,0.46,2025-10-12,742,N20,VIIRS,n,2,,304.39,5.37,D,0
30.87726,74.0885,,346.57,0.41,0.45,2025-10-12,742,N20,VIIRS,n,2,,304.99,6.29,D,0
33.24463,72.62901,,344.45,0.44,0.46,2025-10-12,743,N20,VIIRS,n,2,,305.69,6.6,D,0
23.71169,86.45042,,321.31,0.46,0.39,2025-10-12,2007,N20,VIIRS,n,2,,294.6,2.99,N,2
20.96177,85.1814,,307.15,0.44,0.38,2025-10-12,2008,N20,VIIRS,n,2,,295.03,1.18,N,2
21.92138,83.34656,,310.21,0.39,0.36,2025-10-12,2008,N20,VIIRS,n,2,,294.73,2.2,N,2
24.76321,74.6046,,302.69,0.61,0.54,2025-10-12,2008,N20,VIIRS,n,2,,291.55,1.51,N,2
27.5818,72.3143,315.9,,1.3,1.1,2025-10-08,454,Terra,MODIS,65,61.03,297.2,,11.5,D,0
31.7996,70.7779,313.7,,1.1,1,2025-10-09,943,Aqua,MODIS,42,61.03,301.5,,6.4,D,0
30.4015,73.6451,314.2,,1.5,1.2,2025-10-11,922,Aqua,MODIS,63,61.03,300.9,,11.4,D,0
9.1817,77.9892,343.7,,1.4,1.2,2025-10-12,419,Terra,MODIS,0,61.03,297.4,,61.8,D,0
22.0425,83.7359,314.5,,1.3,1.1,2025-10-12,1509,Terra,MODIS,89,61.03,296.2,,17.3,N,2
24.78608,77.14446,,343.23,0.35,0.56,2025-10-13,722,N20,VIIRS,n,2,,302.66,3.96,D,0
30.487,73.83492,,331.01,0.41,0.6,2025-10-13,723,N20,VIIRS,n,2,,301.94,2.69,D,0
31.92382,74.30009,,347.53,0.35,0.57,2025-10-13,724,N20,VIIRS,n,2,,300.89,5.47,D,0
31.34229,70.72649,,353.39,0.4,0.6,2025-10-13,904,N20,VIIRS,n,2,,303.58,5.03,D,0
20.96024,85.18315,,309.36,0.41,0.37,2025-10-13,1949,N20,VIIRS,n,2,,294.17,1.68,N,0
21.987,83.23166,,310.56,0.5,0.41,2025-10-13,1949,N20,VIIRS,n,2,,294.43,1.37,N,2
23.60456,87.15174,,306.64,0.39,0.36,2025-10-13,1949,N20,VIIRS,n,2,,294.7,1.25,N,2
23.76417,86.40591,,306.64,0.4,0.37,2025-10-13,1949,N20,VIIRS,n,2,,294.68,1.41,N,2
16.55346,82.59214,,343.26,0.47,0.4,2025-10-13,1951,N20,VIIRS,n,2,,291.64,9.62,N,3
23.16551,82.34181,,332.16,0.35,0.57,2025-10-14,702,N20,VIIRS,n,2,,296.41,3.43,D,2
23.52467,76.51298,,330.76,0.38,0.59,2025-10-14,843,N20,VIIRS,n,2,,301.62,2.02,D,0
30.36754,71.19118,,339.36,0.43,0.46,2025-10-14,845,N20,VIIRS,l,2,,312.27,5.02,D,0
30.83562,73.99369,,335.14,0.32,0.55,2025-10-14,845,N20,VIIRS,n,2,,301.45,1.47,D,0
31.90909,74.11272,,338.26,0.33,0.56,2025-10-14,845,N20,VIIRS,n,2,,300.7,4.17,D,0
21.92369,83.35044,,318.78,0.32,0.54,2025-10-14,1930,N20,VIIRS,n,2,,296.2,1.89,N,2
23.65566,85.50592,,306.67,0.49,0.48,2025-10-14,1930,N20,VIIRS,n,2,,292.63,1.29,N,2
23.79757,86.34859,,325.8,0.44,0.46,2025-10-14,1930,N20,VIIRS,n,2,,297.03,2.75,N,2
25.489,73.18931,,302.32,0.39,0.44,2025-10-14,2110,N20,VIIRS,n,2,,290.46,0.38,N,0
8.88226,80.56232,,341.81,0.44,0.46,2025-10-15,820,N20,VIIRS,n,2,,293.28,12.57,D,0
25.24559,68.27668,,334.36,0.42,0.38,2025-10-15,825,N20,VIIRS,n,2,,305.42,3.8,D,0
29.9285,72.17585,,332.11,0.43,0.38,2025-10-15,826,N20,VIIRS,n,2,,303.09,1.55,D,0
30.60965,73.46661,,334.13,0.49,0.4,2025-10-15,826,N20,VIIRS,n,2,,303.19,6.33,D,0
30.89345,74.01503,,341.73,0.52,0.41,2025-10-15,826,N20,VIIRS,n,2,,303.12,9.04,D,0
31.95923,70.89481,,344.41,0.41,0.37,2025-10-15,826,N20,VIIRS,n,2,,310.19,15.92,D,0
22.37969,87.27781,,325.13,0.37,0.58,2025-10-15,1911,N20,VIIRS,n,2,,294.12,3.24,N,2
23.80626,86.32744,,317.79,0.44,0.62,2025-10-15,1911,N20,VIIRS,n,2,,295.66,2.84,N,2
23.16991,82.3391,,325.9,0.4,0.6,2025-10-15,2051,N20,VIIRS,n,2,,292.7,2.87,N,2
20.96977,85.17939,,302.13,0.68,0.74,2025-10-15,2052,N20,VIIRS,n,2,,290.4,1.97,N,2
24.65829,73.87292,,302.12,0.4,0.37,2025-10-15,2052,N20,VIIRS,n,2,,292.03,0.57,N,0
19.09812,82.16988,,334.09,0.38,0.43,2025-10-16,804,N20,VIIRS,n,2,,302.28,6.87,D,2
23.07754,79.26065,,335.41,0.45,0.39,2025-10-16,805,N20,VIIRS,n,2,,303.25,3.46,D,0
25.45255,75.69941,,333.4,0.38,0.36,2025-10-16,806,N20,VIIRS,n,2,,303.14,2.01,D,0
26.95047,72.04914,,338.74,0.44,0.39,2025-10-16,806,N20,VIIRS,l,2,,311.36,1.92,D,0
27.40377,72.20805,,338.08,0.43,0.38,2025-10-16,806,N20,VIIRS,l,2,,312.23,4.91,D,0
27.49944,71.93678,,338.33,0.44,0.38,2025-10-16,806,N20,VIIRS,l,2,,312.12,2.4,D,0
27.6053,72.25581,,342.89,0.43,0.38,2025-10-16,806,N20,VIIRS,n,2,,313.28,4.42,D,0
28.15391,72.87737,,340.9,0.41,0.37,2025-10-16,807,N20,VIIRS,l,2,,312.02,2.37,D,0
29.80851,72.76535,,333.46,0.4,0.37,2025-10-16,807,N20,VIIRS,n,2,,302.72,3.22,D,0
30.46564,73.6738,,333.85,0.39,0.36,2025-10-16,807,N20,VIIRS,n,2,,304.24,2.22,D,0
30.68199,73.99464,,341.58,0.38,0.36,2025-10-16,807,N20,VIIRS,n,2,,304.03,4.16,D,0
30.88457,73.34902,,334.33,0.39,0.36,2025-10-16,807,N20,VIIRS,n,2,,302.63,3.33,D,0
31.64354,74.12727,,340.08,0.38,0.36,2025-10-16,807,N20,VIIRS,n,2,,305.53,6.51,D,0
32.13294,74.05857,,337.65,0.38,0.36,2025-10-16,808,N20,VIIRS,n,2,,301.28,2.76,D,0
23.51668,87.27155,,313.21,0.41,0.6,2025-10-16,2032,N20,VIIRS,n,2,,292.7,1.38,N,2
23.79965,86.34953,,306.34,0.35,0.57,2025-10-16,2032,N20,VIIRS,n,2,,294.42,1.08,N,2
20.96832,86.00277,,303.64,0.38,0.59,2025-10-16,2033,N20,VIIRS,n,2,,292.39,1.45,N,2
22.20984,84.85978,,303.24,0.61,0.54,2025-10-16,2033,N20,VIIRS,n,2,,292.96,1.58,N,2
18.68597,73.02732,,305.93,0.43,0.38,2025-10-16,2034,N20,VIIRS,n,2,,292.54,1.21,N,2
21.73188,83.84908,,331.77,0.43,0.38,2025-10-17,745,N20,VIIRS,l,2,,303.82,4.59,D,0
23.83039,78.56327,,330.81,0.41,0.37,2025-10-17,746,N20,VIIRS,n,2,,305.8,1.22,D,0
25.50396,77.65771,,346.1,0.43,0.38,2025-10-17,747,N20,VIIRS,n,2,,308.37,3.58,D,0
26.8116,76.86528,,336.66,0.44,0.38,2025-10-17,747,N20,VIIRS,n,2,,304.85,2.25,D,0
28.75217,79.01982,,333.57,0.38,0.36,2025-10-17,748,N20,VIIRS,n,2,,301.74,3.74,D,0
30.38038,73.51406,,333.58,0.56,0.43,2025-10-17,748,N20,VIIRS,n,2,,302.62,2.33,D,0
30.72871,73.63099,,336.94,0.54,0.42,2025-10-17,748,N20,VIIRS,n,2,,303.69,8,D,0
31.3553,70.64211,,330.8,0.51,0.49,2025-10-17,749,N20,VIIRS,n,2,,302.12,2.8,D,0
31.97611,72.4403,,338.99,0.4,0.44,2025-10-17,749,N20,VIIRS,n,2,,302.51,4.04,D,0
20.9633,85.18093,,306.31,0.52,0.42,2025-10-17,2014,N20,VIIRS,n,2,,294.04,2.99,N,2
22.06541,83.70389,,303.71,0.43,0.38,2025-10-17,2014,N20,VIIRS,n,2,,291.53,0.67,N,0
23.66421,86.91823,,303.59,0.39,0.44,2025-10-17,2014,N20,VIIRS,n,2,,293.5,1.29,N,2
24.13556,82.69444,,313.78,0.39,0.36,2025-10-17,2014,N20,VIIRS,n,2,,291.6,1.83,N,0
21.29473,81.59255,,306.13,0.39,0.36,2025-10-17,2015,N20,VIIRS,n,2,,293.48,0.44,N,0
27.4182,72.1643,333,,1.3,1.1,2025-10-13,454,Terra,MODIS,83,61.03,305.6,,32.9,D,0
20.9625,85.1789,311.3,,1.3,1.1,2025-10-14,357,Terra,MODIS,35,61.03,295.1,,5.8,D,2
30.8217,73.7804,312,,1,1,2025-10-14,939,Aqua,MODIS,50,61.03,302,,4.5,D,0
30.071,77.7329,312.4,,1.3,1.1,2025-10-15,433,Terra,MODIS,67,61.03,297.1,,10.5,D,0
27.7483,81.5185,329.8,,1,1,2025-10-16,917,Aqua,MODIS,83,61.03,303.5,,22.3,D,0
24.4838,81.5648,327.4,,1.4,1.2,2025-10-17,415,Terra,MODIS,77,61.03,303.8,,26.1,D,0
30.7402,71.7454,315.7,,1.1,1,2025-10-17,957,Aqua,MODIS,53,61.03,301.3,,8.7,D,0
20.96971,85.17691,,338.38,0.39,0.36,2025-10-18,726,N20,VIIRS,n,2,,303.31,8.36,D,2
23.80445,86.32955,,344.11,0.39,0.36,2025-10-18,727,N20,VIIRS,n,2,,309.23,5.5,D,2
26.95407,78.97575,,339.34,0.39,0.44,2025-10-18,728,N20,VIIRS,n,2,,305.13,5.6,D,0
30.06494,72.78069,,345.03,0.39,0.59,2025-10-18,730,N20,VIIRS,n,2,,302.23,3.32,D,0
30.79528,73.92125,,333.09,0.32,0.55,2025-10-18,730,N20,VIIRS,n,2,,302.35,1.47,D,0
32.15508,73.80744,,334.33,0.6,0.53,2025-10-18,730,N20,VIIRS,n,2,,300.51,3.79,D,0
29.12667,75.77443,,304.67,0.46,0.63,2025-10-18,1954,N20,VIIRS,n,2,,292.69,1.11,N,2
23.61479,86.7904,,317.91,0.39,0.36,2025-10-18,1955,N20,VIIRS,n,2,,295.3,1.46,N,2
23.76346,86.39378,,311.39,0.38,0.36,2025-10-18,1955,N20,VIIRS,n,2,,298.02,0.95,N,2
19.9345,73.7115,,300.2,0.49,0.65,2025-10-18,1956,N20,VIIRS,n,2,,286.92,1.52,N,0
21.37526,81.68002,,314.02,0.49,0.4,2025-10-18,1956,N20,VIIRS,n,2,,295.38,2.31,N,2
30.28773,77.49497,,306.36,0.66,0.73,2025-10-18,2134,N20,VIIRS,n,2,,290.94,1.15,N,0
24.22124,77.89888,,335.18,0.5,0.66,2025-10-19,709,N20,VIIRS,n,2,,300.25,4.6,D,0
30.80039,73.92445,,341.86,0.6,0.7,2025-10-19,711,N20,VIIRS,n,2,,299.02,5.19,D,0
25.2455,76.04176,,337.59,0.47,0.64,2025-10-19,850,N20,VIIRS,n,2,,299.54,2.62,D,0
30.28896,73.28314,,331.35,0.36,0.57,2025-10-19,851,N20,VIIRS,l,2,,302.99,2.98,D,0
30.69796,74.50051,,349.95,0.43,0.62,2025-10-19,851,N20,VIIRS,n,2,,301.04,5.6,D,0
31.40481,70.63041,,340.32,0.51,0.49,2025-10-19,852,N20,VIIRS,n,2,,302.19,2.85,D,0
32.21845,73.85963,,336.46,0.41,0.6,2025-10-19,852,N20,VIIRS,n,2,,299.53,5.52,D,0
23.69132,87.12105,,310.26,0.48,0.4,2025-10-19,1936,N20,VIIRS,n,2,,295.87,2.34,N,2
20.78445,85.26151,,298.86,0.56,0.43,2025-10-19,1937,N20,VIIRS,n,2,,279.14,0.8,N,2
33.80275,72.09791,,302.44,0.46,0.39,2025-10-19,2114,N20,VIIRS,n,2,,292.17,0.91,N,2
23.67888,86.09624,,340.32,0.63,0.54,2025-10-20,650,N20,VIIRS,n,2,,297.48,5.8,D,2
24.79369,68.28283,,334.72,0.39,0.36,2025-10-20,831,N20,VIIRS,n,2,,305.69,4.01,D,0
28.65015,79.56918,,330.47,0.43,0.62,2025-10-20,832,N20,VIIRS,n,2,,298.06,2.62,D,0
30.08726,74.97861,,334.64,0.47,0.48,2025-10-20,832,N20,VIIRS,n,2,,301.54,2.54,D,0
30.66014,73.81326,,331.86,0.41,0.45,2025-10-20,832,N20,VIIRS,n,2,,303.22,2.24,D,0
31.05656,74.20951,,339.3,0.43,0.46,2025-10-20,833,N20,VIIRS,n,2,,302.42,5.76,D,0
31.62467,74.19621,,330.09,0.44,0.46,2025-10-20,833,N20,VIIRS,l,2,,304.98,1.42,D,0
32.14436,74.13009,,339.02,0.44,0.46,2025-10-20,833,N20,VIIRS,n,2,,305.64,3.59,D,0
23.68231,86.38627,,316.95,0.34,0.56,2025-10-20,1917,N20,VIIRS,n,2,,294.54,1.17,N,3
21.76914,84.01825,,303.8,0.46,0.63,2025-10-20,1918,N20,VIIRS,n,2,,289.62,2.71,N,2
32.57752,72.56129,,308.06,0.38,0.36,2025-10-20,2056,N20,VIIRS,n,2,,293.9,1.27,N,2
23.76463,76.44785,,301.61,0.43,0.46,2025-10-20,2058,N20,VIIRS,n,2,,289.07,0.57,N,0
25.43636,86.07011,,353.12,0.57,0.69,2025-10-21,631,N20,VIIRS,n,2,,297.65,10.63,D,2
22.48781,76.73608,,332.41,0.42,0.37,2025-10-21,811,N20,VIIRS,n,2,,299.58,1.94,D,0
23.53512,72.45258,,331.57,0.41,0.37,2025-10-21,812,N20,VIIRS,n,2,,303.26,1.39,D,0
24.88625,77.56207,,340.75,0.47,0.4,2025-10-21,812,N20,VIIRS,n,2,,304.33,4.51,D,0
26.39163,83.18874,,333.52,0.34,0.56,2025-10-21,812,N20,VIIRS,n,2,,297.63,1.94,D,0
26.29895,71.11745,,352.98,0.42,0.38,2025-10-21,813,N20,VIIRS,n,2,,312.72,3.23,D,0
26.31348,71.03576,,355.9,0.43,0.38,2025-10-21,813,N20,VIIRS,l,2,,312.22,3.91,D,0
26.33916,71.06097,,356.32,0.43,0.38,2025-10-21,813,N20,VIIRS,l,2,,311.52,8.82,D,0
26.49581,71.61497,,343.34,0.41,0.37,2025-10-21,813,N20,VIIRS,n,2,,312.34,2.32,D,0
26.58013,71.44659,,341.54,0.41,0.37,2025-10-21,813,N20,VIIRS,l,2,,313.3,2.8,D,0
26.63909,71.40035,,340.37,0.41,0.37,2025-10-21,813,N20,VIIRS,l,2,,310.88,2.88,D,0
26.70814,71.39129,,355.87,0.41,0.37,2025-10-21,813,N20,VIIRS,l,2,,312.28,10.39,D,0
26.7923,71.32679,,349.71,0.41,0.37,2025-10-21,813,N20,VIIRS,n,2,,312.38,3.54,D,0
26.86635,71.49767,,336.88,0.41,0.37,2025-10-21,813,N20,VIIRS,l,2,,310.96,1.66,D,0
29.52459,74.56033,,333.87,0.4,0.37,2025-10-21,813,N20,VIIRS,n,2,,300.21,2.96,D,0
30.22141,73.09897,,335.47,0.39,0.36,2025-10-21,814,N20,VIIRS,n,2,,299.19,2.23,D,0
30.56277,73.93498,,331.32,0.4,0.37,2025-10-21,814,N20,VIIRS,l,2,,302.93,1.51,D,0
30.7453,73.91061,,332.12,0.4,0.37,2025-10-21,814,N20,VIIRS,n,2,,299.72,3.11,D,0
31.13934,73.34094,,351.93,0.39,0.36,2025-10-21,814,N20,VIIRS,n,2,,309.99,13.93,D,0
31.52835,74.8183,,340.46,0.42,0.38,2025-10-21,814,N20,VIIRS,n,2,,306.77,11.26,D,0
31.78072,70.74804,,330.34,0.39,0.37,2025-10-21,814,N20,VIIRS,n,2,,302.99,1.64,D,0
32.21419,73.26753,,337.13,0.39,0.36,2025-10-21,814,N20,VIIRS,n,2,,302.12,5.27,D,0
25.4372,86.05856,,311.81,0.74,0.76,2025-10-21,1858,N20,VIIRS,n,2,,293.49,2.32,N,0
29.90365,75.71961,,328.9,0.39,0.36,2025-10-21,2038,N20,VIIRS,n,2,,291.15,4.63,N,0
23.67855,86.08406,,307.36,0.43,0.62,2025-10-21,2039,N20,VIIRS,n,2,,292.6,1.9,N,2
20.78452,85.26589,,302.81,0.44,0.62,2025-10-21,2040,N20,VIIRS,n,2,,289.65,0.79,N,2
21.98475,83.23248,,308.69,0.62,0.54,2025-10-21,2040,N20,VIIRS,n,2,,291.45,1.75,N,2
22.03945,83.73857,,344.54,0.51,0.41,2025-10-22,752,N20,VIIRS,n,2,,310,10.49,D,2
23.48981,77.80561,,331.43,0.4,0.37,2025-10-22,753,N20,VIIRS,n,2,,297.09,3.15,D,0
25.87443,76.54312,,334.54,0.41,0.37,2025-10-22,753,N20,VIIRS,n,2,,302.68,6.75,D,0
27.72678,77.63949,,334.78,0.38,0.36,2025-10-22,754,N20,VIIRS,l,2,,304.8,3.8,D,0
28.91894,79.73907,,344.46,0.41,0.37,2025-10-22,754,N20,VIIRS,n,2,,303.5,5.77,D,0
29.83434,74.78955,,333.81,0.43,0.38,2025-10-22,755,N20,VIIRS,l,2,,307.17,4.05,D,0
30.37747,77.2548,,330.77,0.38,0.36,2025-10-22,755,N20,VIIRS,n,2,,299.4,1.44,D,0
30.7336,74.01952,,333.58,0.44,0.39,2025-10-22,755,N20,VIIRS,n,2,,302.7,2.37,D,0
31.15368,73.6319,,339.33,0.45,0.39,2025-10-22,755,N20,VIIRS,n,2,,302.59,2.84,D,0
31.54026,73.89555,,330.84,0.44,0.38,2025-10-22,755,N20,VIIRS,l,2,,301.17,2.42,D,0
31.81885,74.08891,,332.16,0.43,0.38,2025-10-22,755,N20,VIIRS,n,2,,303.89,2.84,D,0
32.11666,74.25563,,338.93,0.42,0.38,2025-10-22,755,N20,VIIRS,n,2,,304.27,4.6,D,0
33.90228,71.45988,,297.78,0.38,0.59,2025-10-22,2018,N20,VIIRS,n,2,,287.54,0.43,N,0
23.68436,86.39008,,308.53,0.46,0.47,2025-10-22,2020,N20,VIIRS,n,2,,294.44,1.54,N,2
26.27242,74.18742,,310.93,0.43,0.46,2025-10-22,2020,N20,VIIRS,n,2,,297,2.36,N,2
21.37845,81.6399,,304.56,0.42,0.38,2025-10-22,2021,N20,VIIRS,n,2,,284.65,0.85,N,2
23.16982,82.34452,,301.54,0.43,0.38,2025-10-22,2021,N20,VIIRS,n,2,,289.08,0.57,N,2
24.3175,71.5677,314.2,,1.4,1.2,2025-10-18,455,Terra,MODIS,45,61.03,303.3,,7.7,D,0
22.5911,77.3124,316.8,,1,1,2025-10-19,933,Aqua,MODIS,66,61.03,301.6,,6.1,D,0
29.6928,75.9173,320.6,,1,1,2025-10-19,935,Aqua,MODIS,72,61.03,303.6,,10.5,D,0
30.7581,74.0768,327.3,,1,1,2025-10-19,936,Aqua,MODIS,80,61.03,302.9,,19.8,D,0
31.7347,75.3363,323.8,,1,1,2025-10-19,936,Aqua,MODIS,78,61.03,303.4,,14,D,0
16.3082,74.335,308.2,,1.4,1.2,2025-10-20,437,Terra,MODIS,56,61.03,288.1,,7.4,D,0
20.8632,84.9946,313.7,,1.1,1,2025-10-21,912,Aqua,MODIS,55,61.03,298.5,,6.7,D,0
31.6155,75.1082,312.3,,1.6,1.2,2025-10-21,915,Aqua,MODIS,64,61.03,301,,10.4,D,0
9.1749,78.0018,321.5,,1.4,1.2,2025-10-22,420,Terra,MODIS,65,61.03,290.3,,19.3,D,0
30.1446,68.8865,316.7,,1.1,1.1,2025-10-22,953,Aqua,MODIS,48,61.03,306.5,,4.5,D,0
30.8481,74.4446,320.8,,1.3,1.1,2025-10-22,953,Aqua,MODIS,74,61.03,301.2,,17,D,0
31.9328,74.9365,309.2,,1.4,1.2,2025-10-22,953,Aqua,MODIS,44,61.03,298.8,,5.9,D,0
21.91272,81.64973,,350.44,0.43,0.38,2025-10-23,733,N20,VIIRS,n,2,,299.05,14.4,D,0
24.46926,81.5862,,336.36,0.41,0.37,2025-10-23,734,N20,VIIRS,n,2,,296.93,4.95,D,0
26.23401,81.09254,,331.46,0.41,0.37,2025-10-23,735,N20,VIIRS,n,2,,299.48,2.35,D,0
28.87372,79.71394,,331.85,0.43,0.38,2025-10-23,735,N20,VIIRS,n,2,,301.63,2.42,D,0
30.25211,70.64091,,331.99,0.41,0.61,2025-10-23,736,N20,VIIRS,n,2,,301.73,3.85,D,0
31.24136,73.48009,,336.56,0.53,0.5,2025-10-23,736,N20,VIIRS,n,2,,301.06,4.85,D,0
31.48134,70.64075,,336.4,0.38,0.59,2025-10-23,737,N20,VIIRS,n,2,,300.35,2.45,D,0
23.56076,87.2401,,315.49,0.43,0.38,2025-10-23,2001,N20,VIIRS,n,2,,293.6,2.38,N,2
23.7811,86.37414,,310.52,0.41,0.37,2025-10-23,2001,N20,VIIRS,n,2,,293.14,2.03,N,2
20.96774,85.15259,,330.01,0.4,0.37,2025-10-23,2002,N20,VIIRS,n,2,,295.74,3.13,N,2
21.92166,83.35158,,327.87,0.39,0.36,2025-10-23,2002,N20,VIIRS,n,2,,297.46,1.94,N,2
22.81965,86.08687,,303.38,0.41,0.37,2025-10-23,2002,N20,VIIRS,n,2,,292.08,0.69,N,2
21.17773,81.39006,,327.07,0.55,0.51,2025-10-24,714,N20,VIIRS,n,2,,295.44,3.94,D,0
25.94033,78.97646,,344.65,0.62,0.54,2025-10-24,716,N20,VIIRS,n,2,,299.85,8.81,D,0
28.95167,79.89642,,338.17,0.48,0.48,2025-10-24,717,N20,VIIRS,n,2,,305.15,4.15,D,0
32.01414,73.48035,,330.22,0.48,0.65,2025-10-24,718,N20,VIIRS,n,2,,298.37,3.7,D,0
30.31837,73.37943,,367,0.46,0.63,2025-10-24,858,N20,VIIRS,h,2,,303.11,18.22,D,0
31.29862,73.69532,,334.06,0.49,0.65,2025-10-24,858,N20,VIIRS,n,2,,298.61,3.01,D,0
32.09594,73.14941,,344.07,0.46,0.63,2025-10-24,858,N20,VIIRS,n,2,,298.98,5.05,D,0
21.9234,83.34757,,319.29,0.4,0.44,2025-10-24,1943,N20,VIIRS,n,2,,293.47,2.88,N,2
23.16698,82.33106,,301.38,0.48,0.48,2025-10-24,1943,N20,VIIRS,n,2,,290.19,3.95,N,2
23.76954,86.01091,,304.85,0.46,0.39,2025-10-24,1943,N20,VIIRS,n,2,,293.13,0.97,N,2
24.93601,74.63219,,306.14,0.39,0.59,2025-10-24,2123,N20,VIIRS,n,2,,291.28,0.88,N,2
22.9489,72.4334,,334.15,0.51,0.41,2025-10-25,837,N20,VIIRS,n,2,,300.51,2.56,D,0
27.52649,69.13638,,343.49,0.41,0.37,2025-10-25,838,N20,VIIRS,n,2,,310.59,4.39,D,0
30.06126,75.84692,,332.48,0.33,0.55,2025-10-25,839,N20,VIIRS,n,2,,299.56,2.73,D,0
30.58073,76.66066,,337.48,0.37,0.58,2025-10-25,839,N20,VIIRS,n,2,,301.37,2.99,D,0
31.17049,74.52939,,330.73,0.56,0.52,2025-10-25,839,N20,VIIRS,n,2,,301.03,4.41,D,0
31.65062,72.37108,,341.98,0.43,0.46,2025-10-25,839,N20,VIIRS,n,2,,301.68,9.74,D,0
32.33184,72.59188,,340.1,0.45,0.47,2025-10-25,839,N20,VIIRS,n,2,,301.02,4.13,D,0
33.97816,71.64385,,299.15,0.38,0.36,2025-10-25,2102,N20,VIIRS,n,2,,287.92,0.48,N,0
23.36478,70.07758,,341.76,0.43,0.38,2025-10-26,818,N20,VIIRS,n,2,,296.61,7.43,D,0
25.46858,75.8267,,339.01,0.47,0.4,2025-10-26,819,N20,VIIRS,n,2,,284.18,12.21,D,0
28.87385,79.7192,,335.47,0.56,0.52,2025-10-26,819,N20,VIIRS,n,2,,304.36,3.26,D,0
29.60575,71.58139,,345.88,0.39,0.36,2025-10-26,820,N20,VIIRS,n,2,,303.86,5.85,D,0
30.18214,72.41807,,331.54,0.4,0.37,2025-10-26,820,N20,VIIRS,n,2,,301.57,2.1,D,0
30.48225,73.5137,,338.74,0.43,0.38,2025-10-26,820,N20,VIIRS,n,2,,304.09,3.66,D,0
30.65465,73.59766,,333,0.43,0.38,2025-10-26,820,N20,VIIRS,l,2,,303.82,3.9,D,0
31.07418,72.31149,,338.34,0.4,0.37,2025-10-26,820,N20,VIIRS,n,2,,304.06,6.79,D,0
31.44184,73.8605,,335.14,0.45,0.39,2025-10-26,820,N20,VIIRS,n,2,,303.12,4.82,D,0
31.60977,72.14108,,340.91,0.4,0.37,2025-10-26,820,N20,VIIRS,n,2,,304.86,9,D,0
31.83013,73.3279,,333.45,0.43,0.38,2025-10-26,820,N20,VIIRS,n,2,,298.96,5.26,D,0
32.01867,73.30693,,333.91,0.43,0.38,2025-10-26,821,N20,VIIRS,n,2,,300.6,4.7,D,0
32.34702,74.04414,,340.6,0.46,0.39,2025-10-26,821,N20,VIIRS,n,2,,302.59,6.26,D,0
17.61511,83.19955,,300.46,0.75,0.77,2025-10-26,1907,N20,VIIRS,n,2,,277.52,3.37,N,0
21.75423,84.02458,,303.77,0.45,0.63,2025-10-26,2046,N20,VIIRS,n,2,,287.93,1.3,N,2
19.02323,73.11169,,331.8,0.4,0.44,2025-10-27,758,N20,VIIRS,n,2,,292.18,3.23,D,0
28.2226,73.25114,,342.05,0.44,0.38,2025-10-27,801,N20,VIIRS,n,2,,309.85,3.08,D,0
28.26279,73.02458,,349.61,0.45,0.39,2025-10-27,801,N20,VIIRS,n,2,,311.61,4.39,D,0
28.31389,73.06621,,350.79,0.44,0.39,2025-10-27,801,N20,VIIRS,n,2,,310.77,2.58,D,0
28.65454,73.21979,,354.18,0.44,0.38,2025-10-27,801,N20,VIIRS,n,2,,312.06,3.59,D,0
29.59698,74.46163,,335.76,0.4,0.37,2025-10-27,801,N20,VIIRS,n,2,,302.34,3.27,D,0
30.25494,70.65492,,334.05,0.53,0.42,2025-10-27,801,N20,VIIRS,n,2,,303.09,5.56,D,0
30.76901,71.77972,,332.2,0.47,0.39,2025-10-27,801,N20,VIIRS,n,2,,300.98,3.49,D,0
31.15868,72.22441,,343.67,0.44,0.39,2025-10-27,802,N20,VIIRS,n,2,,303.1,15.11,D,0
31.53608,72.2919,,333.93,0.44,0.38,2025-10-27,802,N20,VIIRS,n,2,,300.1,3.17,D,0
31.81193,73.18226,,331.67,0.41,0.37,2025-10-27,802,N20,VIIRS,n,2,,299.6,3.83,D,0
32.10596,74.02544,,332.01,0.39,0.36,2025-10-27,802,N20,VIIRS,n,2,,299.19,1.89,D,0
25.03481,87.36789,,307.32,0.62,0.54,2025-10-27,2026,N20,VIIRS,n,2,,290.93,2.47,N,0
23.73655,86.43681,,303.3,0.58,0.52,2025-10-27,2027,N20,VIIRS,n,2,,288.52,1.64,N,2
27.4876,72.3909,328.1,,1.4,1.2,2025-10-23,454,Terra,MODIS,78,61.03,303.9,,27,D,0
23.6894,87.126,311.2,,1.6,1.2,2025-10-24,356,Terra,MODIS,59,61.03,297.5,,9.9,D,2
27.5864,72.2402,331.8,,1.6,1.2,2025-10-24,931,Aqua,MODIS,79,61.03,308,,37,D,0
30.5641,74.1282,311.7,,1.1,1.1,2025-10-24,932,Aqua,MODIS,52,61.03,299.8,,6.3,D,0
31.5694,73.8576,311.6,,1.1,1,2025-10-24,932,Aqua,MODIS,51,61.03,300,,6.2,D,0
23.2392,76.2254,313.2,,1.4,1.2,2025-10-25,435,Terra,MODIS,54,61.03,294,,6.2,D,0
31.4089,72.5127,310.8,,1.8,1.3,2025-10-25,1011,Aqua,MODIS,46,61.03,299.6,,10.6,D,0
28.8898,79.4222,316.6,,1.2,1.1,2025-10-26,910,Aqua,MODIS,58,61.03,303.1,,9.3,D,0
22.0413,83.7286,307.6,,2.3,1.5,2025-10-27,416,Terra,MODIS,60,61.03,287.5,,13.8,D,2
30.2,76.0274,311.7,,1.3,1.1,2025-10-27,949,Aqua,MODIS,57,61.03,300.4,,6.7,D,0
30.7904,73.9304,314.2,,1.1,1,2025-10-27,949,Aqua,MODIS,64,61.03,299.9,,7.9,D,0
31.5714,73.8416,317.9,,1.1,1,2025-10-27,950,Aqua,MODIS,71,61.03,298.8,,12.2,D,0
32.1102,74.382,311.2,,1.2,1.1,2025-10-27,950,Aqua,MODIS,60,61.03,299.4,,6.6,D,0
30.03744,71.60754,,333.11,0.58,0.52,2025-10-28,743,N20,VIIRS,n,2,,298.12,2.25,D,0
31,74.0997,,344.69,0.4,0.45,2025-10-28,743,N20,VIIRS,n,2,,301.5,7.81,D,0
31.81614,74.39548,,332.38,0.57,0.43,2025-10-28,743,N20,VIIRS,n,2,,299.36,5.91,D,0
34.48964,73.17647,,337.29,0.39,0.44,2025-10-28,744,N20,VIIRS,n,2,,302.62,5.82,D,0
7.98989,79.86501,,305.48,0.39,0.36,2025-10-28,2012,N20,VIIRS,n,2,,293.66,0.4,N,2
30.15412,75.75855,,338.74,0.63,0.54,2025-10-29,724,N20,VIIRS,n,2,,300.66,4.1,D,0
31.97507,73.47227,,355.35,0.39,0.59,2025-10-29,724,N20,VIIRS,n,2,,298.5,6.99,D,0
30.27338,68.8692,,341.08,0.61,0.53,2025-10-29,904,N20,VIIRS,n,2,,304.13,9.21,D,0
31.25993,75.03381,,335.22,0.73,0.76,2025-10-29,905,N20,VIIRS,n,2,,295.5,5.57,D,0
32.09829,73.39764,,329.3,0.59,0.7,2025-10-29,905,N20,VIIRS,n,2,,294.59,3.49,D,0
31.31476,73.87033,,328.93,0.71,0.75,2025-10-30,705,N20,VIIRS,n,2,,295.05,5.85,D,0
29.54849,74.45256,,367,0.34,0.56,2025-10-30,845,N20,VIIRS,h,2,,297.72,6.85,D,0
30.30267,74.54739,,335.56,0.35,0.56,2025-10-30,845,N20,VIIRS,n,2,,298.22,2.15,D,0
30.78787,72.01979,,338.82,0.5,0.49,2025-10-30,846,N20,VIIRS,n,2,,299.73,3.25,D,0
31.4311,74.73011,,355.87,0.37,0.58,2025-10-30,846,N20,VIIRS,n,2,,296.99,8.44,D,0
31.6934,74.12881,,339.71,0.34,0.56,2025-10-30,846,N20,VIIRS,n,2,,299.58,4.61,D,0
32.00774,74.57879,,336.9,0.36,0.58,2025-10-30,846,N20,VIIRS,n,2,,297.97,2.16,D,0
35.60777,74.15338,,328.24,0.37,0.58,2025-10-30,847,N20,VIIRS,n,2,,289.32,2.42,D,0
11.81055,77.91867,,304.61,0.54,0.68,2025-10-30,1934,N20,VIIRS,n,2,,292.19,1.44,N,2
9.88414,77.41759,,334.51,0.46,0.39,2025-10-31,821,N20,VIIRS,n,2,,303.6,1.98,D,0
29.79517,75.88382,,332.61,0.43,0.46,2025-10-31,826,N20,VIIRS,n,2,,300.56,2.7,D,0
30.23656,75.88848,,338.87,0.43,0.46,2025-10-31,826,N20,VIIRS,n,2,,305.79,6.72,D,0
30.28792,70.67976,,333.14,0.4,0.37,2025-10-31,827,N20,VIIRS,n,2,,303.36,2.68,D,0
30.54544,71.813,,332.14,0.42,0.38,2025-10-31,827,N20,VIIRS,n,2,,302.35,1.47,D,0
30.81209,71.77802,,342.02,0.42,0.38,2025-10-31,827,N20,VIIRS,n,2,,306.29,12.56,D,0
31.1343,74.67619,,341.05,0.57,0.43,2025-10-31,827,N20,VIIRS,n,2,,302.14,6.25,D,0
31.33467,74.91949,,337.93,0.4,0.44,2025-10-31,827,N20,VIIRS,n,2,,301.75,2.49,D,0
31.55082,75.46648,,339.03,0.43,0.46,2025-10-31,827,N20,VIIRS,n,2,,301.56,3.57,D,0
31.70157,73.80804,,334.92,0.53,0.42,2025-10-31,827,N20,VIIRS,n,2,,300.17,4.7,D,0
31.8943,73.24501,,331.92,0.5,0.41,2025-10-31,827,N20,VIIRS,n,2,,305.11,14,D,0
32.03918,73.36559,,334.8,0.5,0.41,2025-10-31,827,N20,VIIRS,n,2,,302.66,5.87,D,0
32.33384,74.77908,,330.87,0.4,0.44,2025-10-31,827,N20,VIIRS,n,2,,300.01,4.01,D,0
32.29518,70.72817,,302.08,0.45,0.39,2025-10-31,2050,N20,VIIRS,n,2,,289.76,0.97,N,2
21.34893,81.66305,,301.19,0.41,0.61,2025-10-31,2053,N20,VIIRS,n,2,,287.17,1.33,N,2
13.53927,79.76837,,334.33,0.4,0.37,2025-11-01,803,N20,VIIRS,n,2,,300.87,5.22,D,0
25.18305,72.75347,,353.33,0.43,0.38,2025-11-01,806,N20,VIIRS,n,2,,300.6,25.6,D,0
27.33018,72.14361,,356.76,0.43,0.38,2025-11-01,807,N20,VIIRS,l,2,,308.89,9.66,D,0
27.37502,72.20554,,355.66,0.43,0.38,2025-11-01,807,N20,VIIRS,l,2,,309.71,10.82,D,0
27.43415,72.42529,,355.28,0.42,0.38,2025-11-01,807,N20,VIIRS,l,2,,310.42,5.84,D,0
27.47294,71.97545,,353.57,0.43,0.38,2025-11-01,807,N20,VIIRS,n,2,,307.81,3.43,D,0
27.51218,72.40934,,334.43,0.42,0.38,2025-11-01,807,N20,VIIRS,l,2,,305.81,3.59,D,0
27.62784,72.59221,,343.3,0.41,0.37,2025-11-01,807,N20,VIIRS,n,2,,307.49,1.84,D,0
28.9627,79.92679,,338.13,0.38,0.43,2025-11-01,807,N20,VIIRS,n,2,,300.08,5.12,D,0
29.67519,74.19313,,334.42,0.38,0.36,2025-11-01,808,N20,VIIRS,n,2,,305.85,2.35,D,0
30.00776,76.08312,,348.07,0.41,0.37,2025-11-01,808,N20,VIIRS,n,2,,304.43,6.45,D,0
30.25332,74.37646,,332.94,0.38,0.36,2025-11-01,808,N20,VIIRS,n,2,,302.43,1.74,D,0
30.49006,71.77006,,333.36,0.41,0.37,2025-11-01,808,N20,VIIRS,n,2,,304.5,2.76,D,0
30.78862,74.96977,,345.99,0.39,0.36,2025-11-01,808,N20,VIIRS,n,2,,302.85,5.56,D,0
31.02926,72.21372,,337.28,0.4,0.37,2025-11-01,808,N20,VIIRS,n,2,,304.82,4.42,D,0
31.21225,73.50717,,333.16,0.38,0.36,2025-11-01,808,N20,VIIRS,n,2,,303.57,1.99,D,0
31.42734,73.80134,,331.67,0.38,0.36,2025-11-01,808,N20,VIIRS,l,2,,304.13,29.62,D,0
31.56321,74.02637,,334.08,0.38,0.36,2025-11-01,808,N20,VIIRS,n,2,,303.61,3.56,D,0
31.76336,75.6092,,334.15,0.41,0.37,2025-11-01,808,N20,VIIRS,n,2,,300.61,2.96,D,0
31.88514,73.4591,,336.78,0.38,0.36,2025-11-01,808,N20,VIIRS,n,2,,305.64,12.37,D,0
31.9883,73.26729,,337.63,0.38,0.36,2025-11-01,808,N20,VIIRS,n,2,,304.67,6.92,D,0
32.10233,73.38943,,339.19,0.38,0.36,2025-11-01,808,N20,VIIRS,n,2,,301.92,3.52,D,0
32.4838,74.72915,,330.95,0.39,0.36,2025-11-01,808,N20,VIIRS,n,2,,299.2,1.57,D,0
24.15772,82.5676,,316.24,0.41,0.45,2025-11-01,2033,N20,VIIRS,n,2,,291.06,2.53,N,2
21.18686,81.38852,,349.36,0.4,0.44,2025-11-01,2034,N20,VIIRS,n,2,,289.8,5.77,N,3
16.55478,82.59225,,312.16,0.57,0.52,2025-11-01,2035,N20,VIIRS,n,2,,291.62,1.68,N,3
8.9256,77.7392,324.7,,1.7,1.3,2025-10-29,922,Aqua,MODIS,76,61.03,299.5,,27.1,D,0
29.4271,74.4411,311.7,,1.2,1.1,2025-10-29,928,Aqua,MODIS,40,61.03,300.5,,5.7,D,0
30.1591,76.0119,318.7,,1.1,1,2025-10-29,928,Aqua,MODIS,38,61.03,300,,10.8,D,0
30.4979,76.4648,312.8,,1,1,2025-10-29,928,Aqua,MODIS,64,61.03,299.3,,6.3,D,0
31.2795,74.9643,317.6,,1.1,1.1,2025-10-29,928,Aqua,MODIS,72,61.03,299.9,,11.3,D,0
32.0242,73.5498,312.4,,1.3,1.1,2025-10-29,929,Aqua,MODIS,45,61.03,297.8,,7.8,D,0
30.0905,74.91,311.6,,2.1,1.4,2025-10-30,1006,Aqua,MODIS,59,61.03,298.3,,14.3,D,0
30.9118,70.7502,312.4,,1.2,1.1,2025-10-30,1007,Aqua,MODIS,50,61.03,301,,6.9,D,0
31.8774,74.8556,314.4,,2.2,1.4,2025-10-30,1007,Aqua,MODIS,21,61.03,299.2,,19.7,D,0
31.4121,73.8224,313.7,,2.8,1.6,2025-10-31,907,Aqua,MODIS,66,61.03,300,,28.7,D,0
10.8314,77.5402,318,,1.3,1.1,2025-11-01,419,Terra,MODIS,70,61.03,304.1,,8.7,D,0
27.8491,77.3586,313.7,,1.3,1.1,2025-11-01,945,Aqua,MODIS,37,61.03,299.5,,7.9,D,0
29.9156,75.8947,336.1,,1.1,1.1,2025-11-01,945,Aqua,MODIS,88,61.03,301.1,,37.9,D,0
30.086,75.7142,322.1,,1.1,1.1,2025-11-01,945,Aqua,MODIS,76,61.03,300.9,,15.5,D,0
30.2235,74.4085,331,,1,1,2025-11-01,945,Aqua,MODIS,84,61.03,302,,25.3,D,0
30.4844,75.3859,318.2,,1.1,1,2025-11-01,945,Aqua,MODIS,72,61.03,300.7,,12.1,D,0
30.7877,72.0733,314.5,,1,1,2025-11-01,946,Aqua,MODIS,61,61.03,301.3,,7.9,D,0
31.2403,74.5492,315,,1,1,2025-11-01,946,Aqua,MODIS,67,61.03,299.8,,8.5,D,0
31.6117,75.344,313.4,,1.1,1.1,2025-11-01,946,Aqua,MODIS,67,61.03,299.9,,8.2,D,0
32.0108,73.386,316.3,,1,1,2025-11-01,946,Aqua,MODIS,68,61.03,300.3,,8.5,D,0
21.7621,84.0263,302.6,,1.3,1.1,2025-11-01,2150,Aqua,MODIS,50,61.03,292.4,,6.4,N,2
27.56817,77.8575,,336.2,0.4,0.37,2025-11-02,748,N20,VIIRS,n,2,,303.36,2.43,D,0
29.04646,79.19187,,329.16,0.38,0.36,2025-11-02,748,N20,VIIRS,n,2,,299.66,1.7,D,0
29.78115,74.48934,,334.43,0.5,0.41,2025-11-02,749,N20,VIIRS,n,2,,306.94,2.38,D,0
30.19202,76.0247,,330.42,0.43,0.38,2025-11-02,749,N20,VIIRS,n,2,,304.01,2.59,D,0
30.4585,74.11352,,340.58,0.51,0.41,2025-11-02,749,N20,VIIRS,n,2,,303.22,7.79,D,0
30.75004,73.64502,,339.8,0.53,0.42,2025-11-02,749,N20,VIIRS,n,2,,303.81,5.09,D,0
31.02173,74.70087,,333.55,0.47,0.4,2025-11-02,749,N20,VIIRS,n,2,,304.84,3.48,D,0
31.30711,74.60709,,340.88,0.47,0.4,2025-11-02,749,N20,VIIRS,n,2,,302.14,3.1,D,0
31.50369,73.83882,,341.76,0.51,0.41,2025-11-02,749,N20,VIIRS,n,2,,304.16,5.69,D,0
31.68703,73.48429,,330.73,0.52,0.42,2025-11-02,749,N20,VIIRS,n,2,,301.71,2.12,D,0
31.82372,73.44317,,335.92,0.52,0.42,2025-11-02,749,N20,VIIRS,n,2,,302.4,4.05,D,0
31.96628,73.94303,,331.73,0.49,0.41,2025-11-02,749,N20,VIIRS,n,2,,301.37,5.35,D,0
32.10366,74.37342,,333.34,0.47,0.4,2025-11-02,749,N20,VIIRS,n,2,,301.59,2.78,D,0
32.49987,74.9995,,331.21,0.44,0.38,2025-11-02,750,N20,VIIRS,l,2,,302.17,3.49,D,0
23.71153,85.28513,,305.61,0.49,0.4,2025-11-02,2014,N20,VIIRS,n,2,,292.55,1.5,N,0
20.9627,85.16997,,321.07,0.53,0.42,2025-11-02,2015,N20,VIIRS,n,2,,290.57,1.72,N,2
22.04172,83.73553,,339.94,0.44,0.38,2025-11-02,2015,N20,VIIRS,n,2,,300.69,4.56,N,2
15.18099,76.67194,,305.07,0.43,0.38,2025-11-02,2017,N20,VIIRS,n,2,,291.61,1.38,N,2
20.98355,83.07758,,345.49,0.44,0.39,2025-11-03,727,N20,VIIRS,n,2,,300.82,2.99,D,0
23.76133,86.40063,,330.09,0.39,0.36,2025-11-03,728,N20,VIIRS,l,2,,304.91,4.42,D,2
26.61514,79.63766,,330.11,0.54,0.42,2025-11-03,729,N20,VIIRS,n,2,,303.17,2.04,D,0
29.35748,73.90535,,333.92,0.34,0.56,2025-11-03,730,N20,VIIRS,n,2,,307.35,1.64,D,0
30.11348,73.67406,,367,0.34,0.56,2025-11-03,730,N20,VIIRS,h,2,,303.17,7.02,D,0
30.83316,72.05687,,330.71,0.4,0.6,2025-11-03,731,N20,VIIRS,n,2,,300.64,1.86,D,0
31.72339,73.22672,,339.56,0.33,0.55,2025-11-03,731,N20,VIIRS,n,2,,300.79,2.5,D,0
25.009,68.61099,,332.55,0.32,0.55,2025-11-03,909,N20,VIIRS,l,2,,303.74,2.53,D,0
31.4171,72.21131,,331.32,0.62,0.71,2025-11-03,911,N20,VIIRS,n,2,,298.67,2.1,D,0
20.95712,85.01026,,303.35,0.38,0.36,2025-11-03,1956,N20,VIIRS,n,2,,292.2,1.04,N,2
22.21156,84.87714,,306.18,0.39,0.36,2025-11-03,1956,N20,VIIRS,n,2,,293.86,1.04,N,2
23.67555,85.32574,,304.25,0.39,0.36,2025-11-03,1956,N20,VIIRS,n,2,,290.97,1.04,N,0
23.77629,86.2084,,305.69,0.38,0.36,2025-11-03,1956,N20,VIIRS,n,2,,293.87,1.46,N,2
32.2961,70.72893,,305.39,0.49,0.49,2025-11-03,2134,N20,VIIRS,n,2,,289.44,1.73,N,2
23.7762,79.92027,,329,0.38,0.58,2025-11-04,709,N20,VIIRS,n,2,,299.12,2.62,D,0
30.7611,74.62287,,355.14,0.54,0.68,2025-11-04,712,N20,VIIRS,n,2,,297.57,9.76,D,0
32.01157,73.53592,,331.88,0.58,0.69,2025-11-04,712,N20,VIIRS,n,2,,294.14,5.02,D,0
29.63408,71.59464,,342.16,0.57,0.52,2025-11-04,852,N20,VIIRS,n,2,,305.09,6.03,D,0
30.26373,74.38187,,355.93,0.42,0.61,2025-11-04,852,N20,VIIRS,l,2,,289.54,9.62,D,0
30.75456,71.70451,,338.85,0.59,0.53,2025-11-04,852,N20,VIIRS,n,2,,302.19,6.62,D,0
31.26526,70.75051,,339.99,0.53,0.5,2025-11-04,852,N20,VIIRS,n,2,,295.56,6.37,D,0
31.54932,74.65356,,343.82,0.45,0.63,2025-11-04,852,N20,VIIRS,n,2,,297.08,11.47,D,0
31.96333,73.27264,,328.85,0.38,0.59,2025-11-04,852,N20,VIIRS,n,2,,297.67,2.17,D,0
32.49828,70.56293,,343.87,0.53,0.5,2025-11-04,853,N20,VIIRS,n,2,,301.35,5.49,D,0
22.32313,82.58846,,300.67,0.56,0.51,2025-11-04,1937,N20,VIIRS,n,2,,290.47,1.4,N,2
23.72292,85.00571,,298.98,0.41,0.45,2025-11-04,1937,N20,VIIRS,n,2,,288.96,0.76,N,2
20.95042,86.04698,,330.61,0.5,0.41,2025-11-04,1938,N20,VIIRS,n,2,,293.04,5.09,N,2
33.80197,72.09684,,298.01,0.47,0.4,2025-11-04,2115,N20,VIIRS,n,2,,286.06,0.75,N,2
29.24657,78.93723,,335.94,0.62,0.72,2025-11-05,652,N20,VIIRS,n,2,,297.16,6.74,D,0
22.72118,77.45885,,343.58,0.55,0.51,2025-11-05,831,N20,VIIRS,n,2,,303.38,12.44,D,0
26.18195,79.40204,,330.44,0.4,0.6,2025-11-05,832,N20,VIIRS,n,2,,297.55,1.48,D,0
29.46965,74.00938,,336.57,0.41,0.45,2025-11-05,833,N20,VIIRS,n,2,,305.03,2.56,D,0
30.26478,72.30359,,332.58,0.51,0.41,2025-11-05,833,N20,VIIRS,n,2,,303.06,2.56,D,0
30.72658,75.67051,,335.7,0.53,0.5,2025-11-05,833,N20,VIIRS,n,2,,300.39,5.33,D,0
31.01816,72.24498,,332.92,0.52,0.42,2025-11-05,833,N20,VIIRS,n,2,,300.15,3.48,D,0
31.33125,73.81464,,340.65,0.42,0.45,2025-11-05,833,N20,VIIRS,n,2,,301.92,4.77,D,0
31.5939,71.41557,,331.6,0.48,0.4,2025-11-05,833,N20,VIIRS,l,2,,306.08,2.25,D,0
31.75721,73.75159,,335.63,0.42,0.45,2025-11-05,833,N20,VIIRS,n,2,,299.54,3.04,D,0
31.91855,73.78171,,337.45,0.43,0.46,2025-11-05,833,N20,VIIRS,n,2,,299.89,1.61,D,0
32.07746,73.49541,,333.32,0.41,0.45,2025-11-05,834,N20,VIIRS,n,2,,302.48,3.57,D,0
32.24208,73.34063,,334.03,0.41,0.45,2025-11-05,834,N20,VIIRS,n,2,,300.28,2.47,D,0
22.80146,86.08821,,323.29,0.34,0.56,2025-11-05,1918,N20,VIIRS,n,2,,294.53,1.91,N,2
23.75255,86.41361,,306.18,0.33,0.55,2025-11-05,1918,N20,VIIRS,n,2,,291.13,1.78,N,2
20.96888,85.17551,,303.56,0.37,0.58,2025-11-05,1919,N20,VIIRS,n,2,,291.26,1.45,N,2
29.68958,75.13159,,303.93,0.45,0.39,2025-11-05,2057,N20,VIIRS,n,2,,283.14,0.79,N,0
26.25671,74.09594,,300.37,0.45,0.39,2025-11-05,2058,N20,VIIRS,n,2,,289.64,0.58,N,2
19.37457,71.36201,,314.45,0.42,0.38,2025-11-05,2100,N20,VIIRS,n,2,,297.41,1.09,N,3
18.55215,77.79939,,332.39,0.42,0.38,2025-11-06,811,N20,VIIRS,l,2,,302.64,4.09,D,0
21.56142,72.91626,,334.17,0.41,0.37,2025-11-06,812,N20,VIIRS,n,2,,304.9,4.41,D,0
22.41687,79.89294,,341.02,0.39,0.44,2025-11-06,812,N20,VIIRS,n,2,,303.41,3.96,D,0
22.67805,77.54369,,340.55,0.45,0.39,2025-11-06,812,N20,VIIRS,n,2,,308.29,4.87,D,0
23.1267,77.44776,,333.54,0.45,0.39,2025-11-06,812,N20,VIIRS,n,2,,305.64,2.68,D,0
24.28825,77.93156,,344.37,0.49,0.4,2025-11-06,812,N20,VIIRS,n,2,,310.03,16.4,D,0
23.86603,71.63122,,352.89,0.43,0.38,2025-11-06,813,N20,VIIRS,n,2,,306.89,9.55,D,0
24.53811,71.25915,,344.27,0.43,0.38,2025-11-06,813,N20,VIIRS,n,2,,308.1,2.73,D,0
25.79729,81.04819,,340.48,0.51,0.49,2025-11-06,813,N20,VIIRS,n,2,,301.85,2.96,D,0
26.61539,83.63216,,335.15,0.38,0.58,2025-11-06,813,N20,VIIRS,n,2,,299.09,1.98,D,0
27.26549,83.35371,,340.34,0.37,0.58,2025-11-06,813,N20,VIIRS,n,2,,298.73,3.9,D,0
29.2388,70.30505,,331.57,0.42,0.38,2025-11-06,814,N20,VIIRS,n,2,,302.77,2.01,D,0
29.6347,76.7253,,331.4,0.49,0.4,2025-11-06,814,N20,VIIRS,n,2,,301.09,1.4,D,0
30.21597,73.16383,,339.4,0.39,0.36,2025-11-06,814,N20,VIIRS,n,2,,304.41,3.75,D,0
30.55375,71.82779,,331.74,0.39,0.36,2025-11-06,814,N20,VIIRS,l,2,,302.77,2.06,D,0
30.75039,72.06348,,334.5,0.38,0.36,2025-11-06,814,N20,VIIRS,n,2,,301.35,2.62,D,0
31.02344,75.45322,,333.65,0.45,0.39,2025-11-06,814,N20,VIIRS,n,2,,303.25,3.13,D,0
31.30854,70.88204,,330.67,0.39,0.36,2025-11-06,815,N20,VIIRS,n,2,,303.35,1.92,D,0
31.56021,72.3362,,339.14,0.38,0.36,2025-11-06,815,N20,VIIRS,n,2,,304.67,2.83,D,0
31.78308,73.23325,,342.93,0.39,0.36,2025-11-06,815,N20,VIIRS,n,2,,304.9,7.09,D,0
31.96834,74.59334,,337.37,0.42,0.38,2025-11-06,815,N20,VIIRS,n,2,,300.68,2.11,D,0
32.22006,73.56252,,337.38,0.4,0.37,2025-11-06,815,N20,VIIRS,n,2,,302.51,2.22,D,0
22.05869,88.11895,,303.8,0.5,0.66,2025-11-06,1859,N20,VIIRS,n,2,,292.02,1.23,N,2
20.96766,86.00069,,332.61,0.67,0.73,2025-11-06,1900,N20,VIIRS,n,2,,292.49,5.51,N,2
23.6629,87.15521,,305.17,0.51,0.66,2025-11-06,2039,N20,VIIRS,n,2,,291.83,0.84,N,0
29.14207,76.09742,,306.91,0.38,0.36,2025-11-06,2039,N20,VIIRS,n,2,,283.43,0.82,N,0
21.926,85.22084,,314.96,0.42,0.61,2025-11-06,2040,N20,VIIRS,n,2,,290.81,1.89,N,2
23.16792,82.33444,,318.51,0.52,0.5,2025-11-06,2040,N20,VIIRS,n,2,,290.08,3.88,N,2
15.17467,76.37859,,308.43,0.48,0.4,2025-11-06,2042,N20,VIIRS,n,2,,291.09,2.17,N,2
30.633,74.7299,329.3,,4.2,1.9,2025-11-02,1024,Aqua,MODIS,83,61.03,298.1,,188.9,D,0
20.9637,86.0178,313.7,,1.6,1.2,2025-11-03,357,Terra,MODIS,54,61.03,297.5,,13.4,D,2
23.9776,75.3452,351.9,,1.6,1.2,2025-11-03,923,Aqua,MODIS,84,61.03,294,,120.7,D,0
30.0251,76.0604,314.8,,1.2,1.1,2025-11-03,924,Aqua,MODIS,64,61.03,302.3,,8.8,D,0
30.4695,74.1215,317.3,,1.4,1.2,2025-11-03,924,Aqua,MODIS,69,61.03,302.9,,15.1,D,0
31.3891,74.8046,318.7,,1.3,1.1,2025-11-03,925,Aqua,MODIS,73,61.03,300.9,,15.9,D,0
30.847,75.1978,304.6,,1,1,2025-11-04,433,Terra,MODIS,40,61.03,294.4,,3.8,D,0
29.8469,75.6315,313.9,,2,1.4,2025-11-04,1002,Aqua,MODIS,65,61.03,297.4,,17.4,D,0
30.1586,75.2337,323.7,,1.9,1.3,2025-11-04,1003,Aqua,MODIS,79,61.03,297.8,,40,D,0
30.6369,72.2012,310.4,,1.2,1.1,2025-11-04,1003,Aqua,MODIS,53,61.03,300.3,,6.4,D,0
31.6681,72.1905,326.2,,1.3,1.1,2025-11-04,1003,Aqua,MODIS,81,61.03,296.4,,26.4,D,0
29.1309,89.2592,301.8,,1,1,2025-11-05,335,Terra,MODIS,30,61.03,286.5,,3.6,D,0
29.044,79.2072,332.2,,1.6,1.2,2025-11-05,903,Aqua,MODIS,87,61.03,298.6,,52.4,D,0
16.7479,74.8104,309.9,,1.2,1.1,2025-11-06,938,Aqua,MODIS,38,61.03,295.6,,6.8,D,0
22.6569,71.3745,343.3,,1.6,1.3,2025-11-06,940,Aqua,MODIS,92,61.03,302.8,,85.9,D,0
29.4031,73.6672,318,,1,1,2025-11-06,941,Aqua,MODIS,70,61.03,301.5,,10.4,D,0
30.0176,75.1782,318.7,,1,1,2025-11-06,941,Aqua,MODIS,72,61.03,300.7,,11.9,D,0
30.3046,75.7871,310.3,,1,1,2025-11-06,941,Aqua,MODIS,57,61.03,300.3,,5,D,0
30.6032,74.5662,310.5,,1,1,2025-11-06,942,Aqua,MODIS,42,61.03,298.2,,5.4,D,0
30.8512,74.6924,314.1,,1,1,2025-11-06,942,Aqua,MODIS,68,61.03,300.8,,7.5,D,0
31.5953,73.5816,314.7,,1,1,2025-11-06,942,Aqua,MODIS,68,61.03,299.7,,8.5,D,2
32.1147,74.3916,311.5,,1,1,2025-11-06,942,Aqua,MODIS,63,61.03,299.8,,6.3,D,0
15.66452,78.25822,,347.93,0.44,0.38,2025-11-07,751,N20,VIIRS,n,2,,302.06,3.64,D,0
17.94649,78.61568,,332.68,0.41,0.37,2025-11-07,752,N20,VIIRS,n,2,,301.59,4.02,D,0
18.81884,78.90504,,331.59,0.39,0.37,2025-11-07,752,N20,VIIRS,l,2,,302.27,1.59,D,0
21.5604,72.91705,,333.07,0.46,0.47,2025-11-07,753,N20,VIIRS,n,2,,302.09,2.24,D,0
22.20907,84.86237,,343.56,0.4,0.44,2025-11-07,753,N20,VIIRS,n,2,,306.84,5.85,D,2
22.41426,77.5498,,333.72,0.4,0.37,2025-11-07,753,N20,VIIRS,l,2,,306.68,2.48,D,0
22.67158,77.40867,,335.12,0.41,0.37,2025-11-07,753,N20,VIIRS,n,2,,307.36,1.79,D,0
23.1763,77.98734,,332.28,0.39,0.36,2025-11-07,753,N20,VIIRS,n,2,,303.89,0.62,D,0
23.79775,79.55592,,337.05,0.39,0.36,2025-11-07,753,N20,VIIRS,n,2,,305.86,3.76,D,0
24.32043,77.92983,,330.81,0.39,0.36,2025-11-07,754,N20,VIIRS,n,2,,304.86,1.45,D,0
24.68452,76.29131,,332.76,0.42,0.38,2025-11-07,754,N20,VIIRS,n,2,,304.94,1.76,D,0
25.37632,76.66608,,334.8,0.41,0.37,2025-11-07,754,N20,VIIRS,n,2,,303.78,3.83,D,0
25.90377,80.6263,,337.22,0.42,0.37,2025-11-07,754,N20,VIIRS,n,2,,305.25,2.67,D,0
26.4356,79.60293,,331.72,0.4,0.37,2025-11-07,754,N20,VIIRS,n,2,,302.1,2.16,D,0
26.90085,79.55892,,332.48,0.4,0.37,2025-11-07,754,N20,VIIRS,n,2,,300.86,1.57,D,0
27.70437,81.62818,,329.8,0.47,0.4,2025-11-07,754,N20,VIIRS,n,2,,303.27,1.52,D,0
28.98222,79.74607,,336.17,0.41,0.37,2025-11-07,755,N20,VIIRS,n,2,,304.74,4.93,D,0
29.47562,73.86965,,345.37,0.46,0.39,2025-11-07,755,N20,VIIRS,n,2,,309.88,7.53,D,0
29.96898,73.11739,,345.94,0.49,0.4,2025-11-07,755,N20,VIIRS,n,2,,304.45,5.32,D,0
30.29131,75.7401,,332.76,0.4,0.37,2025-11-07,755,N20,VIIRS,l,2,,303.95,13.91,D,0
30.70661,75.27675,,342.24,0.4,0.37,2025-11-07,755,N20,VIIRS,n,2,,307.25,11.99,D,0
30.88359,74.92484,,335.14,0.41,0.37,2025-11-07,756,N20,VIIRS,n,2,,309.93,3.05,D,0
31.21943,74.39194,,346.57,0.42,0.38,2025-11-07,756,N20,VIIRS,n,2,,304.43,14.56,D,0
31.48667,75.43717,,334.14,0.4,0.37,2025-11-07,756,N20,VIIRS,n,2,,305.68,1.66,D,0
31.73685,72.25186,,340.42,0.5,0.41,2025-11-07,756,N20,VIIRS,n,2,,313.59,32.05,D,0
31.95243,70.92727,,347.49,0.38,0.44,2025-11-07,756,N20,VIIRS,n,2,,303.85,4.79,D,0
32.12189,72.47449,,330.63,0.48,0.4,2025-11-07,756,N20,VIIRS,n,2,,302.08,1.78,D,0
31.61247,74.84893,,298.86,0.45,0.47,2025-11-07,2019,N20,VIIRS,n,2,,285.11,0.39,N,0
29.43977,76.66663,,302.55,0.51,0.41,2025-11-07,2020,N20,VIIRS,n,2,,283.28,0.8,N,0
22.37765,87.27362,,302.51,0.56,0.51,2025-11-07,2021,N20,VIIRS,n,2,,291.84,2.13,N,2
23.71243,86.45129,,314.73,0.47,0.48,2025-11-07,2021,N20,VIIRS,n,2,,293.02,2.01,N,2
25.31291,83.01338,,306.51,0.44,0.38,2025-11-07,2021,N20,VIIRS,n,2,,292.4,1.06,N,2
21.18098,81.3843,,330.81,0.42,0.38,2025-11-07,2022,N20,VIIRS,n,2,,295.17,2.81,N,3
15.17621,77.10134,,303.35,0.39,0.36,2025-11-07,2024,N20,VIIRS,n,2,,292.25,0.56,N,0
14.49354,79.33588,,335.96,0.48,0.48,2025-11-08,732,N20,VIIRS,n,2,,297.01,3.66,D,0
18.66798,77.95,,333.03,0.5,0.49,2025-11-08,733,N20,VIIRS,l,2,,303.07,4.55,D,0
21.51995,81.87237,,345.21,0.42,0.38,2025-11-08,734,N20,VIIRS,n,2,,305.54,2.89,D,0
22.26104,79.83083,,345.3,0.51,0.41,2025-11-08,734,N20,VIIRS,n,2,,308.59,5.91,D,0
22.56404,77.55635,,343,0.45,0.47,2025-11-08,734,N20,VIIRS,n,2,,309.41,11.99,D,0
23.00212,77.53794,,339.8,0.44,0.46,2025-11-08,734,N20,VIIRS,n,2,,305.73,7.4,D,0
23.51467,77.67256,,337.51,0.42,0.45,2025-11-08,735,N20,VIIRS,n,2,,304.69,4.69,D,0
24.36312,77.96746,,342.84,0.39,0.44,2025-11-08,735,N20,VIIRS,n,2,,309.3,6.78,D,0
24.54522,84.02776,,337.43,0.39,0.36,2025-11-08,735,N20,VIIRS,n,2,,300.86,2.93,D,0
25.30203,75.76495,,348.79,0.51,0.49,2025-11-08,735,N20,VIIRS,n,2,,304.29,7.38,D,0
25.88107,76.7881,,332.54,0.43,0.46,2025-11-08,735,N20,VIIRS,n,2,,302.58,1.94,D,0
26.25753,82.5531,,332.7,0.39,0.36,2025-11-08,735,N20,VIIRS,n,2,,301.85,1.88,D,0
26.58885,83.02942,,332.86,0.38,0.36,2025-11-08,735,N20,VIIRS,n,2,,301.24,3.38,D,0
27.1027,82.56522,,330.9,0.38,0.36,2025-11-08,735,N20,VIIRS,n,2,,300.85,1.68,D,0
27.67461,80.07778,,333.36,0.42,0.38,2025-11-08,736,N20,VIIRS,n,2,,302.72,1.88,D,0
29.13327,79.16912,,330.78,0.44,0.38,2025-11-08,736,N20,VIIRS,l,2,,302.94,3.1,D,0
29.75062,76.16996,,347.32,0.4,0.44,2025-11-08,736,N20,VIIRS,n,2,,303.5,6.25,D,0
30.55705,75.93237,,334.62,0.4,0.44,2025-11-08,737,N20,VIIRS,n,2,,303.06,2.09,D,0
30.90958,74.83609,,341.23,0.45,0.47,2025-11-08,737,N20,VIIRS,n,2,,305.83,4.46,D,0
31.5674,73.84412,,339.96,0.49,0.49,2025-11-08,737,N20,VIIRS,n,2,,302.22,6.61,D,0
32.06231,73.12326,,336.15,0.53,0.5,2025-11-08,737,N20,VIIRS,n,2,,301.06,9.95,D,0
25.0903,68.30538,,334.04,0.39,0.59,2025-11-08,916,N20,VIIRS,n,2,,303.74,2.67,D,0
22.05577,88.1236,,325.32,0.5,0.41,2025-11-08,2002,N20,VIIRS,n,2,,299.39,3.57,N,2
23.67712,86.0833,,310.57,0.4,0.37,2025-11-08,2002,N20,VIIRS,n,2,,291.15,1.18,N,2
23.77876,86.39455,,305.05,0.41,0.37,2025-11-08,2002,N20,VIIRS,n,2,,294.96,1.39,N,2
20.21357,72.81046,,300.11,0.44,0.62,2025-11-08,2003,N20,VIIRS,n,2,,289.6,0.53,N,2
21.3406,78.97347,,302.5,0.55,0.43,2025-11-08,2003,N20,VIIRS,n,2,,289.6,0.75,N,0
22.0406,83.73957,,314.84,0.38,0.36,2025-11-08,2003,N20,VIIRS,n,2,,296.77,2.67,N,2
18.8037,74.2592,,297.95,0.34,0.56,2025-11-08,2004,N20,VIIRS,n,2,,287.26,2.3,N,2
29.95364,76.11877,,295.85,0.7,0.75,2025-11-08,2141,N20,VIIRS,n,2,,283.31,11.4,N,0
18.59735,77.76154,,332.16,0.52,0.67,2025-11-09,715,N20,VIIRS,n,2,,300.9,2.53,D,0
22.24961,79.77239,,340.25,0.33,0.55,2025-11-09,715,N20,VIIRS,n,2,,305.39,3.14,D,0
22.42947,80.06278,,341.26,0.62,0.54,2025-11-09,715,N20,VIIRS,n,2,,305.92,6.29,D,0
22.65537,79.74651,,329.04,0.32,0.55,2025-11-09,716,N20,VIIRS,l,2,,302.78,2.72,D,0
23.16041,77.49921,,367,0.44,0.62,2025-11-09,716,N20,VIIRS,h,2,,309.5,18.36,D,0
24.42962,80.91946,,331.51,0.5,0.49,2025-11-09,716,N20,VIIRS,n,2,,300.77,2.64,D,0
25.28091,81.92024,,333.72,0.42,0.45,2025-11-09,716,N20,VIIRS,n,2,,302.12,2.61,D,0
26.02936,82.26461,,335.94,0.39,0.44,2025-11-09,716,N20,VIIRS,n,2,,300.55,2.8,D,0
25.96388,76.63311,,338.9,0.43,0.62,2025-11-09,717,N20,VIIRS,n,2,,300.13,2.59,D,0
27.24694,83.31959,,338.94,0.49,0.41,2025-11-09,717,N20,VIIRS,n,2,,304.43,5.48,D,0
29.04635,79.22804,,339.25,0.51,0.49,2025-11-09,717,N20,VIIRS,n,2,,301.81,6.73,D,0
30.6069,75.24657,,330.98,0.4,0.6,2025-11-09,718,N20,VIIRS,n,2,,299.89,1.41,D,0
31.75196,73.48533,,334.85,0.48,0.64,2025-11-09,718,N20,VIIRS,n,2,,303.33,5.47,D,0
32.57536,74.44164,,330.86,0.4,0.6,2025-11-09,719,N20,VIIRS,n,2,,298.81,2.8,D,0
22.67352,77.38885,,330.53,0.7,0.75,2025-11-09,856,N20,VIIRS,l,2,,304,2.71,D,0
25.22749,68.91468,,340.45,0.43,0.46,2025-11-09,857,N20,VIIRS,n,2,,304.37,4.68,D,0
29.51421,75.9798,,335.75,0.65,0.73,2025-11-09,858,N20,VIIRS,n,2,,297.18,5.05,D,0
30.1195,70.71604,,334.78,0.64,0.54,2025-11-09,858,N20,VIIRS,n,2,,298.71,5.31,D,0
30.68649,72.25708,,331.63,0.4,0.6,2025-11-09,859,N20,VIIRS,n,2,,300.5,4.06,D,0
31.07135,75.06232,,334.68,0.59,0.7,2025-11-09,859,N20,VIIRS,n,2,,298.67,2.73,D,0
31.64697,70.6312,,332.44,0.33,0.55,2025-11-09,859,N20,VIIRS,n,2,,299.78,1.56,D,0
32.05525,70.9181,,341.65,0.34,0.56,2025-11-09,859,N20,VIIRS,n,2,,301.68,3.63,D,0
29.31386,76.99593,,301,0.59,0.7,2025-11-09,1942,N20,VIIRS,n,2,,285.01,3.22,N,0
23.75929,86.4056,,311.24,0.44,0.38,2025-11-09,1943,N20,VIIRS,n,2,,291.67,1.53,N,2
20.79309,85.25939,,315.99,0.46,0.39,2025-11-09,1944,N20,VIIRS,n,2,,293.7,2.31,N,2
21.7563,84.02587,,305.8,0.54,0.42,2025-11-09,1944,N20,VIIRS,n,2,,290.91,2.23,N,2
22.59062,85.90452,,315.93,0.45,0.39,2025-11-09,1944,N20,VIIRS,n,2,,291.8,1.42,N,2
35.30476,71.63274,,299.32,0.5,0.41,2025-11-09,2121,N20,VIIRS,n,2,,276.45,2.12,N,0
21.10653,72.64464,,367,0.35,0.57,2025-11-09,2125,N20,VIIRS,h,2,,295.84,6.92,N,2
22.79774,86.20989,,339.69,0.5,0.49,2025-11-10,657,N20,VIIRS,n,2,,301.79,4.1,D,2
26.52297,84.4772,,338.68,0.54,0.51,2025-11-10,658,N20,VIIRS,n,2,,300.01,4.14,D,0
32.126,77.38383,,355.96,0.53,0.67,2025-11-10,700,N20,VIIRS,l,2,,287.08,33.92,D,0
18.61143,77.82034,,334.39,0.33,0.55,2025-11-10,836,N20,VIIRS,n,2,,303.74,2.14,D,0
22.28686,79.83277,,342.4,0.49,0.65,2025-11-10,837,N20,VIIRS,n,2,,302.5,7.04,D,0
22.65066,77.79709,,337.53,0.37,0.58,2025-11-10,837,N20,VIIRS,n,2,,302.73,3.93,D,0
22.92699,79.85653,,336.38,0.5,0.66,2025-11-10,837,N20,VIIRS,n,2,,303.83,3.67,D,0
24.3787,69.64256,,330.96,0.41,0.37,2025-11-10,838,N20,VIIRS,l,2,,305.95,2.22,D,0
25.38211,76.96908,,339.46,0.35,0.57,2025-11-10,838,N20,VIIRS,n,2,,302.68,4.8,D,0
26.03807,76.71568,,336.33,0.34,0.56,2025-11-10,838,N20,VIIRS,n,2,,302.31,1.85,D,0
29.07246,76.02786,,344.65,0.34,0.56,2025-11-10,839,N20,VIIRS,n,2,,298.95,4.56,D,0
29.53032,74.58113,,344.69,0.55,0.51,2025-11-10,839,N20,VIIRS,n,2,,306.08,11.29,D,0
30.07088,75.49988,,339.81,0.32,0.54,2025-11-10,839,N20,VIIRS,n,2,,304.78,1.62,D,0
30.72107,75.41859,,347.05,0.32,0.55,2025-11-10,840,N20,VIIRS,n,2,,302.26,2.85,D,0
31.19086,74.76585,,331.11,0.59,0.53,2025-11-10,840,N20,VIIRS,n,2,,298.06,6.07,D,0
31.76611,74.55417,,341.37,0.58,0.52,2025-11-10,840,N20,VIIRS,n,2,,301.06,12.31,D,0
32.48512,73.61193,,338.05,0.52,0.5,2025-11-10,840,N20,VIIRS,n,2,,297.88,3.6,D,0
23.76031,86.40485,,302.01,0.53,0.5,2025-11-10,1924,N20,VIIRS,n,2,,290.2,2.22,N,2
21.00117,86.02502,,302.51,0.51,0.5,2025-11-10,1925,N20,VIIRS,n,2,,291.7,1.06,N,2
22.04865,83.73209,,299.65,0.37,0.58,2025-11-10,1925,N20,VIIRS,n,2,,289.56,3.07,N,2
33.75276,70.08412,,310.38,0.39,0.36,2025-11-10,2103,N20,VIIRS,n,2,,276.62,1.2,N,0
21.10394,72.64518,,308.07,0.54,0.42,2025-11-10,2106,N20,VIIRS,n,2,,292.9,2.41,N,2
25.032,87.37411,,327.41,0.38,0.58,2025-11-11,638,N20,VIIRS,n,2,,300.84,3.05,D,0
15.94887,78.35076,,333.62,0.5,0.41,2025-11-11,817,N20,VIIRS,n,2,,302.9,5.12,D,0
18.64026,77.79538,,340.91,0.5,0.41,2025-11-11,817,N20,VIIRS,n,2,,306.56,7.35,D,0
20.96481,85.15536,,335.07,0.52,0.67,2025-11-11,818,N20,VIIRS,n,2,,303.83,3.59,D,2
22.21243,79.79338,,337.42,0.48,0.48,2025-11-11,818,N20,VIIRS,n,2,,303.43,4.21,D,0
22.37525,87.28326,,329.86,0.73,0.76,2025-11-11,818,N20,VIIRS,n,2,,303.3,5.09,D,2
22.61889,77.80296,,332.72,0.56,0.43,2025-11-11,818,N20,VIIRS,l,2,,305.84,4.92,D,0
22.75839,78.50736,,331.96,0.41,0.45,2025-11-11,818,N20,VIIRS,n,2,,303.52,1.85,D,0
23.16475,82.33948,,336.45,0.36,0.57,2025-11-11,818,N20,VIIRS,n,2,,303.7,4.37,D,2
23.26691,79.89182,,331.92,0.5,0.49,2025-11-11,819,N20,VIIRS,n,2,,302.87,3.17,D,0
23.76123,86.40372,,328.34,0.66,0.73,2025-11-11,819,N20,VIIRS,l,2,,301.4,7.15,D,2
24.6791,77.79199,,340.94,0.39,0.44,2025-11-11,819,N20,VIIRS,n,2,,306.22,4.05,D,0
25.33788,75.58919,,332.46,0.46,0.39,2025-11-11,819,N20,VIIRS,l,2,,305.16,3.37,D,0
25.59876,76.7395,,334.4,0.53,0.42,2025-11-11,819,N20,VIIRS,l,2,,305.71,6.64,D,0
25.87176,78.65786,,337.13,0.46,0.47,2025-11-11,819,N20,VIIRS,n,2,,301.94,3.75,D,0
26.02669,76.6844,,339.43,0.53,0.42,2025-11-11,819,N20,VIIRS,n,2,,305.68,3.01,D,0
26.80006,81.60468,,336.47,0.36,0.57,2025-11-11,819,N20,VIIRS,n,2,,298.02,4.29,D,0
28.29338,84.93972,,337.48,0.6,0.7,2025-11-11,820,N20,VIIRS,n,2,,295.34,8.66,D,0
29.37517,74.01637,,339.14,0.44,0.38,2025-11-11,820,N20,VIIRS,n,2,,304.24,3.46,D,0
29.79649,75.48579,,339.05,0.51,0.41,2025-11-11,820,N20,VIIRS,n,2,,300.85,5.04,D,0
30.15754,75.22504,,330.25,0.5,0.41,2025-11-11,821,N20,VIIRS,n,2,,304.17,2.98,D,0
30.59976,74.13428,,333.88,0.45,0.39,2025-11-11,821,N20,VIIRS,n,2,,301.52,4.53,D,0
30.90046,75.13377,,338.65,0.5,0.41,2025-11-11,821,N20,VIIRS,n,2,,303.16,5.13,D,0
31.35019,74.90052,,337.94,0.5,0.41,2025-11-11,821,N20,VIIRS,n,2,,301.96,3.99,D,0
31.88081,73.67312,,351.4,0.45,0.39,2025-11-11,821,N20,VIIRS,n,2,,304.05,10.16,D,0
32.15256,72.42095,,330.62,0.41,0.37,2025-11-11,821,N20,VIIRS,n,2,,297.72,1.49,D,0
20.96311,85.17249,,304.87,0.59,0.7,2025-11-11,1906,N20,VIIRS,n,2,,292.29,2.61,N,2
23.69637,87.10838,,301.19,0.48,0.64,2025-11-11,1906,N20,VIIRS,n,2,,289.62,1.22,N,2
28.61476,68.62649,,297.32,0.41,0.45,2025-11-11,2045,N20,VIIRS,n,2,,286.66,0.6,N,2
23.69084,87.12173,,307.25,0.64,0.72,2025-11-11,2046,N20,VIIRS,n,2,,290.7,1.68,N,2
19.93133,79.12068,,301.21,0.48,0.48,2025-11-11,2047,N20,VIIRS,n,2,,290.8,1.04,N,0
21.67803,84.0346,,303.25,0.46,0.63,2025-11-11,2047,N20,VIIRS,n,2,,287,1.2,N,2
18.68475,73.02993,,317.24,0.39,0.36,2025-11-11,2048,N20,VIIRS,n,2,,294.26,2.42,N,2
26.8807,72.0553,315.6,,1.4,1.2,2025-11-07,454,Terra,MODIS,47,61.03,301.2,,9.5,D,0
30.9066,74.981,313.7,,3.7,1.8,2025-11-07,1020,Aqua,MODIS,67,61.03,299.3,,48.3,D,0
17.2129,78.1847,314.2,,1.6,1.3,2025-11-08,917,Aqua,MODIS,62,61.03,301.8,,15,D,0
22.6118,77.8924,319,,1.4,1.2,2025-11-08,918,Aqua,MODIS,72,61.03,303.6,,16.5,D,0
25.4753,81.2311,314.6,,1,1,2025-11-08,919,Aqua,MODIS,68,61.03,299.5,,9,D,0
27.4569,83.5526,309.4,,1.2,1.1,2025-11-08,919,Aqua,MODIS,60,61.03,299,,5.8,D,0
29.9257,75.6441,324.6,,1.4,1.2,2025-11-08,920,Aqua,MODIS,79,61.03,300,,29,D,0
30.6982,75.0644,311.9,,1.5,1.2,2025-11-08,920,Aqua,MODIS,64,61.03,300.2,,9.8,D,0
33.8266,70.2122,318.9,,2.6,1.5,2025-11-08,922,Aqua,MODIS,79,61.03,296.4,,60.4,D,0
17.9355,74.4072,309.6,,1.4,1.2,2025-11-09,437,Terra,MODIS,48,61.03,299.5,,6,D,0
25.2676,75.8536,310.2,,1.5,1.2,2025-11-09,957,Aqua,MODIS,55,61.03,299.2,,7.5,D,0
29.6237,76.5651,309.6,,1.9,1.3,2025-11-09,958,Aqua,MODIS,62,61.03,299.5,,11.8,D,0
29.9511,75.0102,321.9,,1.5,1.2,2025-11-09,958,Aqua,MODIS,75,61.03,299.9,,25.4,D,0
30.1752,75.0893,317.7,,1.5,1.2,2025-11-09,959,Aqua,MODIS,73,61.03,300.1,,18.4,D,0
30.3848,74.7031,319.7,,1.5,1.2,2025-11-09,959,Aqua,MODIS,75,61.03,300.8,,21.1,D,0
30.593,74.2869,319.6,,1.4,1.2,2025-11-09,959,Aqua,MODIS,27,61.03,298.8,,17.2,D,0
30.8248,74.4418,324.9,,1.4,1.2,2025-11-09,959,Aqua,MODIS,81,61.03,299.8,,29,D,0
31.3366,73.8399,310.1,,1.3,1.1,2025-11-09,959,Aqua,MODIS,61,61.03,298.7,,8,D,0
32.263,73.658,314.5,,1.3,1.1,2025-11-09,959,Aqua,MODIS,70,61.03,298.4,,13,D,0
24.4532,81.5637,327.5,,1.7,1.3,2025-11-10,857,Aqua,MODIS,83,61.03,299.3,,43.9,D,0
16.4059,78.7093,312.6,,1.3,1.1,2025-11-11,417,Terra,MODIS,64,61.03,296.4,,11.1,D,0
18.657,77.7348,317.9,,1,1,2025-11-11,934,Aqua,MODIS,63,61.03,304.8,,6.5,D,0
22.66,77.9768,315.2,,1,1,2025-11-11,935,Aqua,MODIS,64,61.03,300.4,,7.5,D,0
23.4766,77.7537,313.5,,1,1,2025-11-11,936,Aqua,MODIS,57,61.03,300.1,,7,D,0
25.5711,76.7176,326.7,,1,1,2025-11-11,936,Aqua,MODIS,71,61.03,299.4,,18.5,D,0
26.1185,79.416,317.9,,1.2,1.1,2025-11-11,936,Aqua,MODIS,73,61.03,301.4,,13.7,D,0
29.2771,76.5684,309.4,,1,1,2025-11-11,937,Aqua,MODIS,58,61.03,298.7,,5.1,D,0
29.6875,75.2089,311.8,,1,1,2025-11-11,937,Aqua,MODIS,62,61.03,297.7,,7.2,D,0
30.0695,74.5036,311.3,,1,1,2025-11-11,937,Aqua,MODIS,48,61.03,298.6,,6,D,0
30.3982,75.8827,314.2,,1,1,2025-11-11,937,Aqua,MODIS,69,61.03,299.6,,8.7,D,0
30.6956,74.6471,326.1,,1,1,2025-11-11,938,Aqua,MODIS,82,61.03,297.5,,21.3,D,0
31.2233,74.5208,319.6,,1,1,2025-11-11,938,Aqua,MODIS,76,61.03,299.2,,14.3,D,0
21.1884,81.4106,310.6,,1.8,1.3,2025-11-11,1509,Terra,MODIS,81,61.03,289.2,,25.8,N,2
15.12722,76.9538,,332.83,0.43,0.38,2025-11-12,758,N20,VIIRS,n,2,,300.96,3.2,D,0
15.96852,78.28654,,334.46,0.39,0.36,2025-11-12,758,N20,VIIRS,n,2,,304.92,4.36,D,0
17.60725,83.20456,,329.53,0.53,0.42,2025-11-12,758,N20,VIIRS,l,2,,302.34,5.35,D,2
18.18996,76.16166,,341.06,0.43,0.38,2025-11-12,758,N20,VIIRS,n,2,,308.49,3.91,D,0
18.70516,78.74461,,342.67,0.38,0.36,2025-11-12,758,N20,VIIRS,n,2,,307.45,6.16,D,0
19.66989,75.66385,,343.13,0.43,0.38,2025-11-12,759,N20,VIIRS,n,2,,303.58,2.64,D,0
21.20572,75.33929,,336.07,0.43,0.38,2025-11-12,759,N20,VIIRS,n,2,,307.52,3.45,D,0
21.97414,79.0091,,343.5,0.4,0.37,2025-11-12,759,N20,VIIRS,n,2,,310.3,4.32,D,0
22.27586,79.80223,,345.18,0.42,0.37,2025-11-12,759,N20,VIIRS,n,2,,308.4,5.07,D,0
22.39993,77.49284,,331.41,0.38,0.36,2025-11-12,800,N20,VIIRS,n,2,,304.14,1.61,D,0
22.60256,77.68475,,330.15,0.38,0.36,2025-11-12,800,N20,VIIRS,l,2,,304.64,2.92,D,0
22.67381,77.79797,,342.57,0.38,0.36,2025-11-12,800,N20,VIIRS,n,2,,303.45,3.87,D,0
22.74158,78.04565,,339.32,0.39,0.36,2025-11-12,800,N20,VIIRS,n,2,,303.4,5.03,D,0
22.84313,78.18153,,333,0.39,0.36,2025-11-12,800,N20,VIIRS,n,2,,303.82,1.18,D,0
23.06328,77.63325,,334.19,0.38,0.36,2025-11-12,800,N20,VIIRS,n,2,,304.92,3.26,D,0
23.42747,79.56831,,330.68,0.42,0.37,2025-11-12,800,N20,VIIRS,n,2,,305.63,1.74,D,0
23.74753,79.93658,,335.61,0.43,0.38,2025-11-12,800,N20,VIIRS,n,2,,303.88,6.47,D,0
24.32219,80.74436,,335.36,0.47,0.4,2025-11-12,800,N20,VIIRS,n,2,,303.53,4.19,D,0
24.61018,80.72722,,333.22,0.47,0.4,2025-11-12,800,N20,VIIRS,n,2,,303.05,3.66,D,0
25.0705,75.97743,,332.5,0.39,0.36,2025-11-12,800,N20,VIIRS,n,2,,305.86,2.16,D,0
25.36792,76.63866,,334.27,0.38,0.36,2025-11-12,800,N20,VIIRS,n,2,,306.98,4.95,D,0
25.54708,78.30714,,342.02,0.4,0.37,2025-11-12,800,N20,VIIRS,n,2,,306.65,2.99,D,0
25.75655,78.45029,,330.94,0.4,0.37,2025-11-12,800,N20,VIIRS,n,2,,302.99,1.28,D,0
25.47935,76.08858,,331.85,0.39,0.36,2025-11-12,801,N20,VIIRS,n,2,,306.22,1.2,D,0
25.89471,76.57156,,334.44,0.38,0.36,2025-11-12,801,N20,VIIRS,n,2,,304.62,4.33,D,0
26.02967,78.45782,,333.83,0.4,0.37,2025-11-12,801,N20,VIIRS,n,2,,304.16,1.41,D,0
26.28287,79.83985,,333.47,0.45,0.39,2025-11-12,801,N20,VIIRS,n,2,,303.06,4.07,D,0
26.61268,83.53947,,340.1,0.47,0.48,2025-11-12,801,N20,VIIRS,n,2,,301.33,5.24,D,0
27.03024,83.48412,,339.62,0.48,0.48,2025-11-12,801,N20,VIIRS,n,2,,302.14,4.13,D,0
27.56288,78.45026,,330.87,0.41,0.37,2025-11-12,801,N20,VIIRS,n,2,,301.4,1.31,D,0
28.24088,73.24701,,350.91,0.43,0.38,2025-11-12,801,N20,VIIRS,n,2,,307.78,2.97,D,0
28.31721,73.42942,,356.39,0.43,0.38,2025-11-12,801,N20,VIIRS,l,2,,308.27,4.71,D,0
28.34821,73.42259,,340.94,0.43,0.38,2025-11-12,801,N20,VIIRS,n,2,,308.77,8.06,D,0
29.29013,73.63343,,339.52,0.41,0.37,2025-11-12,802,N20,VIIRS,n,2,,302.66,4.16,D,0
29.96205,79.02725,,340.36,0.45,0.39,2025-11-12,802,N20,VIIRS,n,2,,300.41,7.12,D,0
30.59541,72.33154,,332.81,0.44,0.38,2025-11-12,802,N20,VIIRS,n,2,,297.85,4.3,D,0
31.05422,75.84277,,336.08,0.39,0.36,2025-11-12,802,N20,VIIRS,n,2,,301.39,1.48,D,0
31.45758,72.13301,,343.5,0.44,0.38,2025-11-12,802,N20,VIIRS,n,2,,300.82,4.67,D,0
31.91825,74.27251,,333.86,0.39,0.36,2025-11-12,802,N20,VIIRS,n,2,,303.25,2.52,D,0
32.24335,73.62481,,343.73,0.39,0.37,2025-11-12,802,N20,VIIRS,n,2,,304.45,8.09,D,0
33.84299,72.43594,,341.65,0.41,0.37,2025-11-12,803,N20,VIIRS,n,2,,301.76,8.7,D,0
22.79973,86.0892,,305.74,0.58,0.52,2025-11-12,2027,N20,VIIRS,n,2,,289.36,1.16,N,2
23.92823,85.34495,,296.64,0.5,0.49,2025-11-12,2027,N20,VIIRS,n,2,,284.92,1.3,N,2
20.96469,86.00611,,320.14,0.63,0.54,2025-11-12,2028,N20,VIIRS,n,2,,292.09,4.85,N,2
22.03205,83.36499,,307.51,0.41,0.45,2025-11-12,2028,N20,VIIRS,n,2,,290.73,0.99,N,2
23.2649,78.02584,,300.54,0.38,0.36,2025-11-12,2028,N20,VIIRS,n,2,,284.08,0.58,N,0
15.18079,76.65302,,330.91,0.39,0.36,2025-11-12,2030,N20,VIIRS,n,2,,293.6,2.38,N,2
15.79546,75.41914,,332.53,0.32,0.55,2025-11-13,739,N20,VIIRS,n,2,,302.52,2.02,D,0
18.34719,79.15977,,335.67,0.51,0.41,2025-11-13,740,N20,VIIRS,n,2,,304.2,5.17,D,0
18.89841,77.60831,,336.9,0.41,0.45,2025-11-13,740,N20,VIIRS,n,2,,306.44,2.53,D,0
21.66073,81.99972,,333.4,0.39,0.36,2025-11-13,740,N20,VIIRS,n,2,,304.4,2.14,D,0
22.03791,79.48026,,331.58,0.45,0.39,2025-11-13,741,N20,VIIRS,l,2,,305.96,3.87,D,0
22.28691,79.66354,,332.3,0.44,0.38,2025-11-13,741,N20,VIIRS,l,2,,303.63,4.38,D,0
22.43214,80.17651,,334.22,0.42,0.37,2025-11-13,741,N20,VIIRS,n,2,,305.07,3.45,D,0
22.6464,77.83104,,332.91,0.52,0.42,2025-11-13,741,N20,VIIRS,n,2,,303.81,2.19,D,0
22.7506,77.65406,,330.2,0.53,0.42,2025-11-13,741,N20,VIIRS,n,2,,304.61,2.43,D,0
22.96111,77.60999,,330.69,0.53,0.42,2025-11-13,741,N20,VIIRS,n,2,,302.61,2.74,D,0
23.36871,80.07713,,339.57,0.41,0.37,2025-11-13,741,N20,VIIRS,n,2,,303.42,4.07,D,0
23.61422,80.86697,,334.05,0.39,0.36,2025-11-13,741,N20,VIIRS,n,2,,303.97,2.27,D,0
23.95421,80.71538,,334.18,0.39,0.37,2025-11-13,741,N20,VIIRS,n,2,,304.71,2.47,D,0
24.50771,77.74014,,332.99,0.5,0.41,2025-11-13,741,N20,VIIRS,l,2,,304.67,3.76,D,0
24.83074,85.52655,,329.73,0.48,0.4,2025-11-13,741,N20,VIIRS,n,2,,300.7,3.19,D,0
24.94457,76.12134,,343.54,0.4,0.44,2025-11-13,742,N20,VIIRS,n,2,,304.13,3.86,D,0
25.43315,76.65933,,332.66,0.55,0.42,2025-11-13,742,N20,VIIRS,n,2,,301.63,2.96,D,0
25.59574,78.17489,,333.49,0.46,0.39,2025-11-13,742,N20,VIIRS,n,2,,304.39,4.01,D,0
25.76246,78.46197,,332.27,0.44,0.39,2025-11-13,742,N20,VIIRS,n,2,,301.93,2.85,D,0
25.89583,81.58457,,332.27,0.38,0.36,2025-11-13,742,N20,VIIRS,n,2,,301.47,1.48,D,0
26.03815,79.31433,,330.19,0.41,0.37,2025-11-13,742,N20,VIIRS,n,2,,302.3,1.04,D,0
26.20452,80.65742,,332.96,0.39,0.36,2025-11-13,742,N20,VIIRS,n,2,,303.12,2.11,D,0
26.41487,83.976,,331.77,0.43,0.38,2025-11-13,742,N20,VIIRS,l,2,,304.97,2.27,D,0
26.60748,83.06686,,335.81,0.4,0.37,2025-11-13,742,N20,VIIRS,n,2,,304.01,4.31,D,0
26.81602,82.78897,,333.08,0.4,0.37,2025-11-13,742,N20,VIIRS,n,2,,302.44,2.09,D,0
27.01528,83.48716,,331.12,0.42,0.37,2025-11-13,742,N20,VIIRS,n,2,,301.07,4.53,D,0
27.21442,82.83189,,330.85,0.4,0.37,2025-11-13,742,N20,VIIRS,l,2,,303.81,1.05,D,0
27.45472,83.69008,,332.08,0.43,0.38,2025-11-13,742,N20,VIIRS,n,2,,299.69,2.58,D,0
28.85422,76.40156,,336.77,0.5,0.41,2025-11-13,743,N20,VIIRS,n,2,,300.8,4.2,D,0
29.56178,76.71173,,343.9,0.47,0.4,2025-11-13,743,N20,VIIRS,n,2,,307.14,6.59,D,0
30.55576,75.09798,,331.6,0.54,0.42,2025-11-13,743,N20,VIIRS,n,2,,304.06,3.35,D,0
31.07001,70.74342,,339.81,0.61,0.54,2025-11-13,744,N20,VIIRS,n,2,,301.27,7.59,D,0
32.53008,73.86614,,333.16,0.38,0.43,2025-11-13,744,N20,VIIRS,n,2,,299.29,2.07,D,0
23.67437,86.93304,,312.55,0.5,0.41,2025-11-13,2008,N20,VIIRS,n,2,,288.34,1.86,N,0
28.05533,69.36504,,316.88,0.69,0.74,2025-11-13,2008,N20,VIIRS,n,2,,284.54,2.08,N,0
21.31176,81.59014,,305.35,0.39,0.36,2025-11-13,2009,N20,VIIRS,n,2,,289.69,0.77,N,2
22.03929,83.35419,,306.9,0.39,0.36,2025-11-13,2009,N20,VIIRS,n,2,,290.5,0.88,N,2
22.79223,86.2076,,308,0.47,0.4,2025-11-13,2009,N20,VIIRS,n,2,,291.42,1.07,N,2
23.81316,85.5308,,298.45,0.43,0.38,2025-11-13,2009,N20,VIIRS,n,2,,284.28,0.39,N,0
15.17846,77.10109,,307.77,0.48,0.4,2025-11-13,2011,N20,VIIRS,n,2,,292.33,1.17,N,2
15.85069,78.22294,,338.4,0.43,0.62,2025-11-14,720,N20,VIIRS,n,2,,302.4,4.44,D,0
18.62988,78.42847,,334.81,0.37,0.58,2025-11-14,721,N20,VIIRS,n,2,,301.92,1.46,D,0
21.63847,81.39724,,331.47,0.42,0.45,2025-11-14,722,N20,VIIRS,n,2,,304.55,1.65,D,0
22.34707,79.78804,,332.79,0.51,0.5,2025-11-14,722,N20,VIIRS,n,2,,305.99,3.39,D,0
22.62739,77.87025,,337.91,0.33,0.56,2025-11-14,722,N20,VIIRS,n,2,,301.51,2.15,D,0
22.83065,78.43771,,355.16,0.61,0.53,2025-11-14,722,N20,VIIRS,n,2,,303.44,13.94,D,0
23.30065,88.30334,,334.65,0.4,0.37,2025-11-14,722,N20,VIIRS,n,2,,301.57,2.28,D,0
23.75705,86.40401,,333.77,0.39,0.36,2025-11-14,722,N20,VIIRS,l,2,,308.25,3.88,D,2
24.53084,80.79199,,334.86,0.41,0.45,2025-11-14,722,N20,VIIRS,n,2,,302.02,1.52,D,0
25.38655,85.47463,,332.7,0.39,0.36,2025-11-14,722,N20,VIIRS,n,2,,301.79,2.19,D,0
25.35201,75.77151,,334.73,0.4,0.6,2025-11-14,723,N20,VIIRS,n,2,,302.06,2.12,D,0
25.64361,80.51474,,335.08,0.4,0.44,2025-11-14,723,N20,VIIRS,n,2,,303.92,1.66,D,0
25.88035,76.65869,,334.45,0.34,0.56,2025-11-14,723,N20,VIIRS,n,2,,302.99,2.35,D,0
26.08239,78.79115,,341.68,0.5,0.49,2025-11-14,723,N20,VIIRS,n,2,,304.43,5.5,D,0
26.49441,79.47507,,335.58,0.45,0.47,2025-11-14,723,N20,VIIRS,n,2,,302.48,2.87,D,0
26.84738,82.89288,,330.54,0.44,0.39,2025-11-14,723,N20,VIIRS,n,2,,301.51,2.09,D,0
27.19094,83.53365,,337.02,0.42,0.38,2025-11-14,723,N20,VIIRS,n,2,,304.53,4.08,D,0
28.13673,80.61756,,334.21,0.54,0.42,2025-11-14,723,N20,VIIRS,n,2,,298.35,4.65,D,0
29.59635,71.58856,,332.23,0.56,0.69,2025-11-14,724,N20,VIIRS,n,2,,299.42,2.95,D,0
32.1588,74.56755,,330.4,0.33,0.55,2025-11-14,725,N20,VIIRS,n,2,,299.05,1.63,D,0
29.44068,74.0951,,342.72,0.63,0.72,2025-11-14,905,N20,VIIRS,n,2,,299.17,4.59,D,0
31.20822,74.80672,,331.25,0.71,0.75,2025-11-14,905,N20,VIIRS,n,2,,296.39,3.73,D,0
21.07896,85.03898,,318.34,0.41,0.37,2025-11-14,1950,N20,VIIRS,n,2,,294.75,2.28,N,2
22.2084,84.55074,,308.41,0.43,0.38,2025-11-14,1950,N20,VIIRS,n,2,,290.03,1.56,N,0
23.58077,86.72412,,304.25,0.39,0.36,2025-11-14,1950,N20,VIIRS,n,2,,288.63,0.9,N,0
23.75791,85.85121,,319.86,0.4,0.37,2025-11-14,1950,N20,VIIRS,n,2,,290.91,2.12,N,2
17.62946,83.2187,,302.43,0.44,0.39,2025-11-14,1951,N20,VIIRS,n,2,,291.81,0.55,N,0
21.3448,81.66221,,299.29,0.39,0.44,2025-11-14,1951,N20,VIIRS,n,2,,286.76,0.46,N,0
31.61188,74.35952,,296.42,0.33,0.56,2025-11-14,2128,N20,VIIRS,n,2,,284.39,0.52,N,0
15.66228,73.98335,,306.91,0.71,0.75,2025-11-14,2133,N20,VIIRS,n,2,,290.59,2.18,N,0
22.34338,79.76308,,341.53,0.51,0.66,2025-11-15,703,N20,VIIRS,n,2,,304.5,6.09,D,0
23.08052,82.73811,,332.03,0.32,0.55,2025-11-15,703,N20,VIIRS,n,2,,298.38,1.65,D,0
24.38588,81.20621,,327.81,0.38,0.59,2025-11-15,704,N20,VIIRS,l,2,,298.68,3.04,D,0
25.37403,75.97076,,367,0.75,0.77,2025-11-15,704,N20,VIIRS,h,2,,304.13,15.03,D,0
25.87604,78.75168,,349.72,0.49,0.65,2025-11-15,704,N20,VIIRS,n,2,,301.48,5.48,D,0
26.51971,81.43504,,339.32,0.33,0.55,2025-11-15,704,N20,VIIRS,n,2,,298.28,2.56,D,0
27.83162,80.44328,,330.88,0.35,0.57,2025-11-15,705,N20,VIIRS,n,2,,298.59,5.33,D,0
15.76572,78.53036,,344.4,0.43,0.62,2025-11-15,842,N20,VIIRS,n,2,,301.13,7.62,D,0
18.65251,77.9683,,333.56,0.43,0.62,2025-11-15,843,N20,VIIRS,n,2,,301.95,4.21,D,0
22.41405,79.80473,,334.48,0.62,0.72,2025-11-15,844,N20,VIIRS,n,2,,302.36,4.33,D,0
23.00179,77.55862,,367,0.45,0.63,2025-11-15,844,N20,VIIRS,h,2,,304,12.43,D,0
24.74163,77.98579,,341.5,0.5,0.66,2025-11-15,844,N20,VIIRS,n,2,,299.39,4.3,D,0
25.4344,76.01001,,348.74,0.38,0.59,2025-11-15,845,N20,VIIRS,n,2,,305.37,3.93,D,0
25.55611,76.75085,,337.5,0.43,0.62,2025-11-15,845,N20,VIIRS,n,2,,300.98,2.73,D,0
25.76962,78.87651,,331.91,0.59,0.7,2025-11-15,845,N20,VIIRS,n,2,,298.09,3.77,D,0
25.90548,78.10171,,333.21,0.53,0.67,2025-11-15,845,N20,VIIRS,n,2,,299.62,4.35,D,0
27.66135,75.75121,,367,0.39,0.59,2025-11-15,845,N20,VIIRS,h,2,,300.3,8.05,D,0
29.55297,74.23539,,367,0.33,0.55,2025-11-15,846,N20,VIIRS,h,2,,302.46,7.85,D,0
30.49995,72.0949,,339.84,0.5,0.49,2025-11-15,846,N20,VIIRS,n,2,,300.94,3.99,D,0
31.40184,75.73379,,335.59,0.43,0.62,2025-11-15,846,N20,VIIRS,n,2,,300.47,2.97,D,0
21.84329,83.98029,,301.2,0.56,0.52,2025-11-15,1931,N20,VIIRS,n,2,,288.5,1.07,N,0
22.79646,86.19746,,319.67,0.42,0.45,2025-11-15,1931,N20,VIIRS,n,2,,291.75,2.43,N,2
23.73588,86.43054,,311.53,0.42,0.45,2025-11-15,1931,N20,VIIRS,n,2,,291.1,1.84,N,2
19.72376,79.1698,,300.81,0.55,0.68,2025-11-15,1932,N20,VIIRS,n,2,,289.37,1.28,N,0
21.80128,82.0358,,300.57,0.37,0.58,2025-11-15,1932,N20,VIIRS,n,2,,287.91,0.86,N,0
30.2284,70.72002,,295.5,0.41,0.37,2025-11-15,2110,N20,VIIRS,n,2,,284.06,0.33,N,0
21.10374,72.63347,,338.03,0.45,0.47,2025-11-15,2113,N20,VIIRS,n,2,,295.05,6.33,N,2
24.56155,81.09672,,328.71,0.74,0.76,2025-11-16,645,N20,VIIRS,n,2,,296.18,4.57,D,0
14.71867,77.09087,,331.15,0.5,0.41,2025-11-16,823,N20,VIIRS,n,2,,304.65,2.96,D,0
16.20039,74.74096,,335.12,0.41,0.37,2025-11-16,823,N20,VIIRS,n,2,,303.5,2.58,D,0
18.318,74.31868,,338.81,0.41,0.37,2025-11-16,824,N20,VIIRS,n,2,,309.89,2.33,D,0
18.87684,78.13879,,331.28,0.43,0.46,2025-11-16,824,N20,VIIRS,n,2,,301.21,2.79,D,0
21.76087,81.57697,,337.18,0.39,0.6,2025-11-16,825,N20,VIIRS,n,2,,302.65,3.6,D,0
22.44466,80.1134,,330.4,0.32,0.55,2025-11-16,825,N20,VIIRS,n,2,,304.47,1.71,D,0
22.71444,80.37048,,336.05,0.34,0.56,2025-11-16,825,N20,VIIRS,n,2,,301.37,2.88,D,0
22.95695,77.57745,,334.11,0.45,0.47,2025-11-16,825,N20,VIIRS,n,2,,301.55,2.2,D,0
23.31038,80.05083,,348.82,0.33,0.55,2025-11-16,825,N20,VIIRS,n,2,,299.16,7.86,D,0
23.52564,79.93293,,338.54,0.32,0.55,2025-11-16,825,N20,VIIRS,n,2,,299.43,2.51,D,0
24.5417,78.14262,,345.1,0.51,0.5,2025-11-16,825,N20,VIIRS,n,2,,306.44,7.49,D,0
25.20385,69.19621,,330.22,0.4,0.37,2025-11-16,826,N20,VIIRS,n,2,,304.16,1.05,D,0
25.44211,76.62637,,348.29,0.43,0.46,2025-11-16,826,N20,VIIRS,n,2,,305.02,13.02,D,0
25.52414,75.62063,,331.98,0.56,0.43,2025-11-16,826,N20,VIIRS,n,2,,300.64,3.99,D,0
25.59281,76.75069,,330.95,0.43,0.46,2025-11-16,826,N20,VIIRS,l,2,,303.95,2.49,D,0
25.72079,79.63146,,337.55,0.33,0.55,2025-11-16,826,N20,VIIRS,n,2,,302.49,2.18,D,0
25.76863,76.67288,,350.01,0.43,0.46,2025-11-16,826,N20,VIIRS,n,2,,303.87,7.67,D,0
25.86177,78.64289,,333.3,0.57,0.52,2025-11-16,826,N20,VIIRS,n,2,,301.47,2.86,D,0
25.94519,78.75068,,343.9,0.58,0.52,2025-11-16,826,N20,VIIRS,n,2,,302.25,8.91,D,0
26.07714,78.7204,,331.38,0.58,0.52,2025-11-16,826,N20,VIIRS,n,2,,300.94,5.88,D,0
26.64489,79.68006,,339.95,0.34,0.56,2025-11-16,826,N20,VIIRS,n,2,,300.78,2.48,D,0
27.52572,68.79228,,332.41,0.39,0.36,2025-11-16,827,N20,VIIRS,n,2,,303.17,1.5,D,0
29.3256,75.95589,,342.61,0.43,0.46,2025-11-16,827,N20,VIIRS,n,2,,300.77,4.96,D,0
29.82494,76.59029,,340.21,0.48,0.48,2025-11-16,827,N20,VIIRS,n,2,,301.84,2.22,D,0
30.3973,74.09885,,342.87,0.53,0.42,2025-11-16,827,N20,VIIRS,n,2,,305.91,5.1,D,0
31.22972,74.61755,,339.01,0.39,0.44,2025-11-16,827,N20,VIIRS,n,2,,301.43,2.76,D,0
32.21374,75.27032,,336.88,0.43,0.46,2025-11-16,828,N20,VIIRS,n,2,,297.75,2.59,D,0
23.17111,82.33212,,314.26,0.75,0.77,2025-11-16,1912,N20,VIIRS,n,2,,286.22,2.73,N,2
23.77417,86.36236,,321.88,0.42,0.61,2025-11-16,1912,N20,VIIRS,n,2,,291.13,2.81,N,2
21.92129,83.34531,,311.51,0.63,0.72,2025-11-16,1913,N20,VIIRS,n,2,,289.6,2.4,N,2
35.58522,71.74083,,302.66,0.44,0.38,2025-11-16,2050,N20,VIIRS,n,2,,277.13,0.94,N,0
23.79874,86.34525,,305.29,0.72,0.75,2025-11-16,2052,N20,VIIRS,n,2,,289.71,2.76,N,2
21.37978,81.64071,,300.78,0.41,0.61,2025-11-16,2053,N20,VIIRS,n,2,,288.7,1.44,N,2
24.65886,73.87894,,302.88,0.41,0.37,2025-11-16,2053,N20,VIIRS,n,2,,286.09,0.64,N,2
17.35431,75.76315,,296.57,0.41,0.45,2025-11-16,2055,N20,VIIRS,n,2,,283.81,0.53,N,0
28.4718,69.7439,313.1,,1.2,1.1,2025-11-12,1015,Aqua,MODIS,47,61.03,300.2,,10.1,D,0
30.5289,75.1451,307.4,,3.1,1.7,2025-11-12,1016,Aqua,MODIS,52,61.03,296.6,,19.7,D,0
26.6442,79.4714,316.4,,1.3,1.1,2025-11-12,1550,Terra,MODIS,93,61.03,286.9,,24.5,N,2
22.7196,77.7907,319.9,,1.7,1.3,2025-11-13,914,Aqua,MODIS,68,61.03,300.5,,22.2,D,0
24.6409,80.9479,315.5,,1.1,1,2025-11-13,915,Aqua,MODIS,70,61.03,300.5,,9.8,D,0
25.8581,78.0754,323.7,,1.4,1.2,2025-11-13,915,Aqua,MODIS,79,61.03,298.9,,27.4,D,0
26.734,79.4236,309.4,,1.1,1.1,2025-11-13,915,Aqua,MODIS,56,61.03,298.6,,5.5,D,0
29.4288,76.1823,313.8,,1.6,1.2,2025-11-13,916,Aqua,MODIS,66,61.03,298.9,,16.3,D,0
19.3306,75.6147,319.1,,1.6,1.2,2025-11-14,436,Terra,MODIS,75,61.03,298.2,,26.5,D,0
18.5881,77.7593,313.6,,1.3,1.1,2025-11-14,951,Aqua,MODIS,62,61.03,302.3,,8.2,D,0
25.25,75.9233,322.7,,1.3,1.1,2025-11-14,953,Aqua,MODIS,74,61.03,301.7,,20.3,D,0
29.2598,73.6142,316,,1.1,1,2025-11-14,954,Aqua,MODIS,67,61.03,301,,9.8,D,0
30.2504,73.2946,318.8,,1.1,1,2025-11-14,955,Aqua,MODIS,74,61.03,299.8,,13.9,D,0
31.3041,70.931,308.5,,1,1,2025-11-14,955,Aqua,MODIS,48,61.03,298,,4.8,D,0
21.9199,83.3456,307.9,,1.2,1.1,2025-11-15,337,Terra,MODIS,39,61.03,297.9,,6.5,D,2
33.5924,70.7776,307.6,,1.1,1,2025-11-15,1612,Terra,MODIS,72,61.03,281.2,,11.7,N,0
15.2296,78.2123,311.5,,1.3,1.1,2025-11-16,418,Terra,MODIS,62,61.03,298.5,,9.8,D,0
18.9853,74.8797,319.4,,1.6,1.2,2025-11-16,930,Aqua,MODIS,72,61.03,303.1,,21,D,0
22.6832,77.9441,309.9,,1,1,2025-11-16,931,Aqua,MODIS,38,61.03,299.7,,4.4,D,0
23.3677,79.9336,309.7,,1,1,2025-11-16,931,Aqua,MODIS,61,61.03,296.7,,6.1,D,0
25.1502,75.9488,311.5,,1.1,1.1,2025-11-16,932,Aqua,MODIS,63,61.03,299.5,,7.2,D,0
25.5853,76.7026,342.1,,1,1,2025-11-16,932,Aqua,MODIS,85,61.03,300.2,,41.7,D,0
25.8292,78.5848,312.6,,1,1,2025-11-16,932,Aqua,MODIS,65,61.03,299,,7.1,D,0
26.0946,78.8376,318.9,,1,1,2025-11-16,932,Aqua,MODIS,75,61.03,299.4,,11.4,D,0
27.1343,83.3739,308.9,,1.8,1.3,2025-11-16,932,Aqua,MODIS,56,61.03,297.6,,10.1,D,0
29.6133,76.1472,311.3,,1,1,2025-11-16,933,Aqua,MODIS,62,61.03,299.6,,6.2,D,0
31.7262,72.583,321.2,,1.3,1.1,2025-11-16,934,Aqua,MODIS,77,61.03,299.8,,22.6,D,0
15.03063,75.95068,,334,0.41,0.37,2025-11-17,804,N20,VIIRS,n,2,,305.89,2.05,D,0
16.36348,77.53918,,343.34,0.38,0.36,2025-11-17,804,N20,VIIRS,n,2,,316.33,24.38,D,0
17.32459,76.8511,,333.09,0.39,0.36,2025-11-17,805,N20,VIIRS,n,2,,306.99,2.45,D,0
18.32302,74.16803,,344.81,0.44,0.39,2025-11-17,805,N20,VIIRS,n,2,,306.84,5.91,D,0
18.63755,78.4368,,334.06,0.4,0.37,2025-11-17,805,N20,VIIRS,n,2,,306.27,2.08,D,0
19.02823,74.79295,,343.63,0.41,0.37,2025-11-17,805,N20,VIIRS,n,2,,306.6,2.66,D,0
20.37732,75.46482,,330.94,0.39,0.36,2025-11-17,806,N20,VIIRS,n,2,,304.57,0.49,D,0
21.79993,81.58679,,336.66,0.39,0.44,2025-11-17,806,N20,VIIRS,n,2,,303,2.49,D,0
22.32467,79.77016,,331.65,0.48,0.4,2025-11-17,806,N20,VIIRS,l,2,,306.61,1.54,D,0
22.68562,77.93517,,330.32,0.41,0.37,2025-11-17,806,N20,VIIRS,n,2,,300.5,5.14,D,0
22.87928,87.52769,,350.37,0.48,0.65,2025-11-17,806,N20,VIIRS,n,2,,299.04,6.29,D,0
23.16635,82.34216,,344.22,0.46,0.47,2025-11-17,806,N20,VIIRS,n,2,,304.63,4.98,D,2
23.45391,80.20502,,331.56,0.52,0.42,2025-11-17,806,N20,VIIRS,n,2,,300.15,3.78,D,0
23.94975,77.93014,,332.65,0.42,0.38,2025-11-17,806,N20,VIIRS,n,2,,307.32,2.84,D,0
24.49697,78.07864,,333.16,0.43,0.38,2025-11-17,807,N20,VIIRS,n,2,,307.04,2.13,D,0
25.22555,76.06419,,343.76,0.39,0.36,2025-11-17,807,N20,VIIRS,n,2,,305.59,5.67,D,0
25.46612,76.01717,,336.76,0.39,0.36,2025-11-17,807,N20,VIIRS,n,2,,303.22,3.23,D,0
25.55602,76.71464,,348.14,0.4,0.37,2025-11-17,807,N20,VIIRS,n,2,,312.2,13.78,D,0
25.64538,78.58855,,330.79,0.46,0.39,2025-11-17,807,N20,VIIRS,n,2,,301.5,2.92,D,0
25.76112,76.60728,,337.61,0.4,0.37,2025-11-17,807,N20,VIIRS,n,2,,305.59,3.55,D,0
25.84752,78.68202,,333,0.47,0.39,2025-11-17,807,N20,VIIRS,n,2,,302.52,6.65,D,0
25.91449,77.79132,,330.91,0.43,0.38,2025-11-17,807,N20,VIIRS,n,2,,301.09,2.22,D,0
25.99521,78.79015,,346.33,0.47,0.4,2025-11-17,807,N20,VIIRS,n,2,,302.51,7.51,D,0
26.18003,79.04215,,338.65,0.49,0.4,2025-11-17,807,N20,VIIRS,n,2,,301.47,6.04,D,0
26.72176,80.74841,,336.11,0.41,0.45,2025-11-17,807,N20,VIIRS,n,2,,302.31,2.15,D,0
28.19917,81.1804,,328.66,0.45,0.47,2025-11-17,807,N20,VIIRS,l,2,,298.96,5.21,D,0
27.38153,72.03671,,355.59,0.43,0.38,2025-11-17,808,N20,VIIRS,l,2,,311.19,4.26,D,0
27.42917,72.18991,,355.84,0.42,0.38,2025-11-17,808,N20,VIIRS,l,2,,309.8,14.44,D,0
27.48129,71.899,,339.52,0.43,0.38,2025-11-17,808,N20,VIIRS,n,2,,308.93,1.18,D,0
29.23191,73.54158,,367,0.39,0.36,2025-11-17,808,N20,VIIRS,h,2,,325.54,22.46,D,0
29.76203,81.16605,,352.78,0.47,0.48,2025-11-17,808,N20,VIIRS,n,2,,303.19,15.75,D,0
30.77663,71.73428,,335.64,0.41,0.37,2025-11-17,809,N20,VIIRS,n,2,,305.33,4.36,D,0
32.1063,72.44897,,331.61,0.39,0.36,2025-11-17,809,N20,VIIRS,n,2,,298.98,2.59,D,0
35.19751,72.95623,,338.37,0.38,0.36,2025-11-17,810,N20,VIIRS,n,2,,289.5,12.55,D,0
25.54412,80.71886,,304.83,0.48,0.4,2025-11-17,2033,N20,VIIRS,n,2,,286.15,0.91,N,0
20.95827,85.01366,,299.95,0.34,0.56,2025-11-17,2034,N20,VIIRS,n,2,,288.49,1.26,N,2
21.98536,83.23203,,305.24,0.5,0.49,2025-11-17,2034,N20,VIIRS,n,2,,289.16,1.75,N,2
22.81256,86.08868,,300.01,0.37,0.58,2025-11-17,2034,N20,VIIRS,n,2,,289.3,1.28,N,2
23.764,86.39291,,305.34,0.37,0.58,2025-11-17,2034,N20,VIIRS,n,2,,293.52,3.39,N,2
20.19355,76.07906,,306.2,0.39,0.36,2025-11-17,2035,N20,VIIRS,n,2,,281.97,1.28,N,0
18.69193,73.04022,,328.55,0.42,0.38,2025-11-17,2036,N20,VIIRS,n,2,,294.11,3.46,N,2
15.95711,78.31408,,345.23,0.5,0.41,2025-11-18,745,N20,VIIRS,n,2,,303.89,11.07,D,0
17.60545,83.20348,,343.18,0.4,0.37,2025-11-18,746,N20,VIIRS,n,2,,309.12,4.01,D,2
18.5768,77.97213,,340.73,0.48,0.4,2025-11-18,746,N20,VIIRS,n,2,,306.33,4.52,D,0
20.96415,86.00525,,335.77,0.55,0.43,2025-11-18,746,N20,VIIRS,n,2,,303.86,5.34,D,2
21.40309,81.28935,,331.72,0.38,0.36,2025-11-18,747,N20,VIIRS,n,2,,301.84,3.52,D,0
21.92159,81.99844,,329.71,0.39,0.36,2025-11-18,747,N20,VIIRS,n,2,,304.55,1.85,D,0
22.34813,79.79583,,335.1,0.39,0.36,2025-11-18,747,N20,VIIRS,n,2,,307.49,4.8,D,0
22.63358,77.71199,,335.74,0.45,0.39,2025-11-18,747,N20,VIIRS,n,2,,303.8,4.04,D,0
22.84645,78.62737,,345.64,0.41,0.37,2025-11-18,747,N20,VIIRS,n,2,,303.88,5.78,D,0
23.02904,77.66403,,338.71,0.44,0.39,2025-11-18,747,N20,VIIRS,n,2,,303.09,7.2,D,0
23.3038,79.81669,,330.82,0.39,0.36,2025-11-18,747,N20,VIIRS,l,2,,304.3,4.17,D,0
23.4356,80.00838,,336.01,0.39,0.36,2025-11-18,747,N20,VIIRS,n,2,,299.99,2.06,D,0
23.71224,86.45293,,341.31,0.42,0.45,2025-11-18,747,N20,VIIRS,n,2,,307.96,4.42,D,2
23.95579,80.20583,,335.93,0.38,0.36,2025-11-18,748,N20,VIIRS,n,2,,299,2.8,D,0
24.50045,80.68626,,339.09,0.39,0.36,2025-11-18,748,N20,VIIRS,n,2,,298.45,4.42,D,0
24.74442,80.7518,,346.69,0.39,0.36,2025-11-18,748,N20,VIIRS,n,2,,301.92,5.82,D,0
25.40998,76.66679,,347.62,0.46,0.39,2025-11-18,748,N20,VIIRS,n,2,,302.89,16.71,D,0
25.52147,76.57495,,338.12,0.46,0.39,2025-11-18,748,N20,VIIRS,n,2,,301.38,5.56,D,0
25.60494,78.01991,,331.97,0.41,0.37,2025-11-18,748,N20,VIIRS,n,2,,299.82,3.9,D,0
25.70276,76.5655,,331.01,0.46,0.39,2025-11-18,748,N20,VIIRS,l,2,,301.6,4.07,D,0
25.77393,78.44969,,331.77,0.4,0.37,2025-11-18,748,N20,VIIRS,n,2,,300.34,3.79,D,0
25.84158,78.04794,,332.28,0.41,0.37,2025-11-18,748,N20,VIIRS,n,2,,299.77,12.22,D,0
25.89012,78.62099,,346.82,0.39,0.36,2025-11-18,748,N20,VIIRS,n,2,,301.79,8.75,D,0
25.94028,78.99831,,330.41,0.39,0.36,2025-11-18,748,N20,VIIRS,n,2,,304.15,2.21,D,0
26.04682,77.33845,,352.83,0.42,0.38,2025-11-18,748,N20,VIIRS,n,2,,302.05,12.87,D,0
26.24478,79.82216,,342.35,0.38,0.36,2025-11-18,748,N20,VIIRS,n,2,,301.18,2.74,D,0
26.54004,83.52805,,340.7,0.48,0.4,2025-11-18,748,N20,VIIRS,n,2,,301.65,4.04,D,0
26.83608,79.88914,,330.32,0.38,0.36,2025-11-18,748,N20,VIIRS,n,2,,301.41,2.3,D,0
27.21319,83.53298,,354.94,0.49,0.4,2025-11-18,748,N20,VIIRS,n,2,,302.89,25.95,D,0
28.21916,85.20339,,326.27,0.41,0.45,2025-11-18,749,N20,VIIRS,n,2,,296.9,4.16,D,0
29.57439,74.43941,,339.55,0.5,0.41,2025-11-18,749,N20,VIIRS,n,2,,298.96,10.18,D,0
31.90861,75.63884,,336.87,0.42,0.38,2025-11-18,750,N20,VIIRS,n,2,,301.27,3.42,D,0
35.01523,70.99345,,302.2,0.5,0.66,2025-11-18,2012,N20,VIIRS,n,2,,276.49,0.88,N,0
22.04561,83.74179,,301.85,0.44,0.39,2025-11-18,2015,N20,VIIRS,n,2,,289.94,1.69,N,0
23.6318,86.29636,,299.28,0.56,0.43,2025-11-18,2015,N20,VIIRS,n,2,,289.24,1.24,N,2
23.79541,86.35282,,308.59,0.56,0.43,2025-11-18,2015,N20,VIIRS,n,2,,295.16,1.86,N,2
20.7013,78.6195,,300.66,0.41,0.37,2025-11-18,2016,N20,VIIRS,n,2,,290.23,0.77,N,0
21.28414,79.14153,,302.63,0.4,0.37,2025-11-18,2016,N20,VIIRS,n,2,,290.25,0.82,N,0
22.92914,69.81963,,304.21,0.45,0.63,2025-11-18,2016,N20,VIIRS,n,2,,288.33,1.19,N,0
33.5825,70.71177,,296.46,0.43,0.62,2025-11-18,2153,N20,VIIRS,n,2,,280.56,1.28,N,0
15.95819,78.3131,,367,0.33,0.56,2025-11-19,727,N20,VIIRS,h,2,,306.12,5.79,D,0
18.09713,78.63415,,341.16,0.58,0.52,2025-11-19,727,N20,VIIRS,n,2,,303.58,12.62,D,0
20.30038,76.0883,,334.78,0.38,0.59,2025-11-19,728,N20,VIIRS,n,2,,303.51,2.62,D,0
21.65184,81.36857,,333.01,0.52,0.41,2025-11-19,728,N20,VIIRS,n,2,,303.67,3.89,D,0
22.37756,87.28065,,343.41,0.4,0.37,2025-11-19,728,N20,VIIRS,n,2,,309.6,6.91,D,2
22.79691,78.66134,,341.51,0.47,0.48,2025-11-19,728,N20,VIIRS,n,2,,302.37,14.86,D,0
23.16208,82.33755,,328.33,0.44,0.39,2025-11-19,728,N20,VIIRS,l,2,,301.57,2.97,D,2
23.15749,79.69577,,331.06,0.4,0.44,2025-11-19,729,N20,VIIRS,n,2,,300.86,1.66,D,0
23.41626,80.25378,,344.36,0.56,0.43,2025-11-19,729,N20,VIIRS,n,2,,301.77,7.07,D,0
24.33826,81.08543,,335.2,0.49,0.4,2025-11-19,729,N20,VIIRS,n,2,,300.19,3.63,D,0
25.24434,85.4249,,336.21,0.39,0.36,2025-11-19,729,N20,VIIRS,n,2,,300.62,3.13,D,0
25.54649,76.71259,,343.88,0.55,0.51,2025-11-19,729,N20,VIIRS,n,2,,300.62,5.82,D,0
25.71606,82.19402,,345.39,0.42,0.38,2025-11-19,729,N20,VIIRS,n,2,,301.92,9.57,D,0
25.83924,78.54436,,337.36,0.42,0.45,2025-11-19,729,N20,VIIRS,n,2,,299.48,2.9,D,0
25.90817,84.11454,,330.9,0.39,0.36,2025-11-19,729,N20,VIIRS,n,2,,298.89,2.93,D,0
26.01786,78.72121,,330.65,0.41,0.45,2025-11-19,729,N20,VIIRS,n,2,,299.17,2.28,D,0
26.30525,82.83426,,331.04,0.4,0.37,2025-11-19,729,N20,VIIRS,n,2,,297.03,1.62,D,0
26.91589,83.7067,,330.93,0.39,0.36,2025-11-19,729,N20,VIIRS,n,2,,298.56,2.83,D,0
27.18657,83.67467,,336.36,0.39,0.36,2025-11-19,730,N20,VIIRS,n,2,,298.76,3.49,D,0
27.68009,81.8174,,335.27,0.42,0.38,2025-11-19,730,N20,VIIRS,n,2,,296.87,4.15,D,0
30.0715,74.69231,,337.52,0.58,0.52,2025-11-19,731,N20,VIIRS,n,2,,300.46,3.99,D,0
25.10926,69.40462,,355.15,0.37,0.58,2025-11-19,910,N20,VIIRS,n,2,,307.85,11.91,D,0
22.87345,86.06111,,321.82,0.38,0.36,2025-11-19,1956,N20,VIIRS,n,2,,291.08,2.15,N,2
23.74656,85.50616,,313.71,0.39,0.36,2025-11-19,1956,N20,VIIRS,n,2,,289.49,1.13,N,2
24.20641,82.71133,,304.8,0.46,0.39,2025-11-19,1956,N20,VIIRS,n,2,,290.71,1.41,N,2
21.08244,85.03466,,317.75,0.38,0.36,2025-11-19,1957,N20,VIIRS,n,2,,291.62,1.77,N,2
22.00436,82.67164,,308.49,0.44,0.38,2025-11-19,1957,N20,VIIRS,n,2,,291.05,1.51,N,2
17.1478,78.22096,,297.35,0.45,0.47,2025-11-19,1958,N20,VIIRS,n,2,,285.66,0.41,N,2
31.87893,69.94664,,328.54,0.46,0.47,2025-11-19,2135,N20,VIIRS,n,2,,285.02,2.61,N,0
18.57541,77.97066,,332.18,0.64,0.72,2025-11-20,709,N20,VIIRS,n,2,,303.14,4.8,D,0
21.786,81.87478,,331.39,0.61,0.54,2025-11-20,709,N20,VIIRS,l,2,,302.95,3.55,D,0
23.22322,88.0685,,330.64,0.41,0.37,2025-11-20,709,N20,VIIRS,n,2,,301.84,1.46,D,0
23.31985,79.8072,,339.95,0.39,0.59,2025-11-20,710,N20,VIIRS,n,2,,300.98,3.85,D,0
23.73887,80.84409,,337.63,0.33,0.55,2025-11-20,710,N20,VIIRS,n,2,,299.05,1.79,D,0
25.83877,80.24567,,339.03,0.32,0.55,2025-11-20,710,N20,VIIRS,n,2,,299.11,1.91,D,0
25.74892,78.47211,,331.16,0.41,0.61,2025-11-20,711,N20,VIIRS,n,2,,297.62,2.31,D,0
25.93441,78.72811,,337.25,0.39,0.6,2025-11-20,711,N20,VIIRS,n,2,,297.61,2.66,D,0
26.87305,83.70831,,331.51,0.57,0.43,2025-11-20,711,N20,VIIRS,n,2,,296.01,4.67,D,0
29.23899,77.4061,,333.26,0.4,0.6,2025-11-20,712,N20,VIIRS,n,2,,296.26,4.19,D,0
16.4452,73.64065,,331.39,0.53,0.5,2025-11-20,849,N20,VIIRS,n,2,,305.2,4.63,D,0
19.3997,77.1035,,331.09,0.49,0.65,2025-11-20,849,N20,VIIRS,l,2,,301.83,3.06,D,0
25.44242,76.68684,,335.53,0.54,0.68,2025-11-20,851,N20,VIIRS,n,2,,298.89,4.78,D,0
25.66821,78.97171,,335.08,0.75,0.77,2025-11-20,851,N20,VIIRS,n,2,,295.63,6.39,D,0
25.88363,76.72512,,332.67,0.54,0.68,2025-11-20,851,N20,VIIRS,n,2,,298.51,4.9,D,0
30.27709,74.37268,,335.89,0.43,0.62,2025-11-20,852,N20,VIIRS,n,2,,299.33,6.07,D,0
23.66802,84.99704,,300.79,0.41,0.45,2025-11-20,1937,N20,VIIRS,n,2,,288.43,0.75,N,2
23.82614,85.49342,,299.48,0.57,0.43,2025-11-20,1937,N20,VIIRS,n,2,,288.46,1.74,N,2
21.75459,83.84184,,309.94,0.45,0.47,2025-11-20,1938,N20,VIIRS,n,2,,291.36,2.09,N,2
22.59304,85.90311,,300.49,0.53,0.42,2025-11-20,1938,N20,VIIRS,n,2,,290.19,0.88,N,2
32.57475,72.56689,,295.68,0.52,0.41,2025-11-20,2116,N20,VIIRS,n,2,,285.34,0.87,N,2
15.72864,75.98478,,299.31,0.6,0.71,2025-11-20,2120,N20,VIIRS,n,2,,286.87,1.07,N,0
23.01604,88.19281,,328.35,0.46,0.47,2025-11-21,651,N20,VIIRS,n,2,,298.18,2.36,D,0
27.48637,83.4516,,326.68,0.37,0.58,2025-11-21,652,N20,VIIRS,n,2,,295.28,1.7,D,0
17.78083,76.3004,,333.91,0.41,0.45,2025-11-21,830,N20,VIIRS,n,2,,304.23,0.91,D,0
19.79691,74.70132,,331.44,0.52,0.42,2025-11-21,831,N20,VIIRS,n,2,,303.94,2.42,D,0
22.49693,80.0645,,332.96,0.41,0.6,2025-11-21,831,N20,VIIRS,n,2,,301.27,2.89,D,0
23.16832,79.65421,,335.2,0.39,0.59,2025-11-21,831,N20,VIIRS,n,2,,300.81,2.2,D,0
23.42344,79.94849,,330.2,0.41,0.61,2025-11-21,832,N20,VIIRS,n,2,,302.39,2.55,D,0
25.07763,75.98594,,334.2,0.48,0.48,2025-11-21,832,N20,VIIRS,n,2,,303.07,3.3,D,0
25.57583,76.55636,,333.13,0.53,0.5,2025-11-21,832,N20,VIIRS,n,2,,299.3,4.02,D,0
25.71189,76.62728,,340.15,0.54,0.51,2025-11-21,832,N20,VIIRS,n,2,,301.07,8.58,D,0
25.82284,78.46346,,331.86,0.35,0.57,2025-11-21,832,N20,VIIRS,n,2,,299.4,1.67,D,0
25.88552,78.15518,,338.9,0.34,0.56,2025-11-21,832,N20,VIIRS,n,2,,299.24,3.97,D,0
25.98069,78.68651,,330.77,0.36,0.58,2025-11-21,832,N20,VIIRS,n,2,,298.19,1.09,D,0
26.91088,79.06577,,330.88,0.39,0.6,2025-11-21,833,N20,VIIRS,n,2,,296.49,3.18,D,0
30.00273,73.65487,,336.49,0.4,0.45,2025-11-21,834,N20,VIIRS,n,2,,300.92,3.01,D,0
23.77291,86.2017,,301.43,0.34,0.56,2025-11-21,1918,N20,VIIRS,n,2,,290.21,0.94,N,2
21.00353,86.02559,,303.28,0.32,0.55,2025-11-21,1919,N20,VIIRS,n,2,,291.85,0.87,N,2
22.79057,86.19549,,305.05,0.33,0.55,2025-11-21,1919,N20,VIIRS,n,2,,292.17,2.03,N,2
31.61035,74.4055,,296.99,0.41,0.37,2025-11-21,2057,N20,VIIRS,n,2,,285.72,0.63,N,2
21.75667,84.0182,,301.07,0.72,0.76,2025-11-21,2059,N20,VIIRS,n,2,,290.61,2.26,N,2
21.10897,72.63806,,305.92,0.46,0.39,2025-11-21,2100,N20,VIIRS,n,2,,295.55,3.1,N,2
25.7125,68.8696,309.8,,1,1,2025-11-17,454,Terra,MODIS,54,61.03,297.2,,6.4,D,0
30.2199,75.4401,325.9,,2.6,1.6,2025-11-17,1012,Aqua,MODIS,83,61.03,300.4,,77.9,D,0
17.0697,80.4369,306.6,,1,1,2025-11-18,357,Terra,MODIS,44,61.03,296.6,,3.4,D,0
23.3053,79.8563,316.3,,1.4,1.2,2025-11-18,910,Aqua,MODIS,51,61.03,297.6,,16.2,D,0
25.613,78.8953,308.5,,1.5,1.2,2025-11-18,911,Aqua,MODIS,25,61.03,298.2,,6.6,D,0
26.2357,81.4402,310.4,,1.1,1,2025-11-18,911,Aqua,MODIS,60,61.03,298.7,,6.6,D,0
27.2082,83.5239,315.8,,1,1,2025-11-18,911,Aqua,MODIS,72,61.03,298.2,,9,D,0
23.9439,76.0386,310.4,,1.4,1.2,2025-11-19,435,Terra,MODIS,65,61.03,296.9,,10.6,D,0
19.2798,76.925,317.3,,1.1,1,2025-11-19,947,Aqua,MODIS,64,61.03,306.1,,7.8,D,0
25.4216,76.4949,310.7,,1.2,1.1,2025-11-19,949,Aqua,MODIS,56,61.03,297.5,,5.9,D,0
25.8756,78.1228,311.4,,1.5,1.2,2025-11-19,949,Aqua,MODIS,65,61.03,296.3,,12.7,D,0
31.5156,73.4705,307.3,,1,1,2025-11-19,951,Aqua,MODIS,57,61.03,296.4,,5,D,0
22.6604,87.2109,310.9,,1.1,1.1,2025-11-20,848,Aqua,MODIS,61,61.03,300.5,,6.7,D,0
19.3971,75.0993,307.4,,1,1,2025-11-21,416,Terra,MODIS,55,61.03,296,,5,D,0
17.6969,80.3901,311.3,,1,1,2025-11-21,926,Aqua,MODIS,43,61.03,298.7,,5.9,D,0
22.9873,77.4917,312.5,,1.1,1.1,2025-11-21,927,Aqua,MODIS,61,61.03,301.2,,8.5,D,0
23.688,75.527,316.1,,1.4,1.2,2025-11-21,927,Aqua,MODIS,68,61.03,302.9,,14.8,D,0
25.6715,78.1104,314.7,,1,1,2025-11-21,928,Aqua,MODIS,69,61.03,298.9,,8.8,D,0
25.9199,78.7637,314.5,,1,1,2025-11-21,928,Aqua,MODIS,15,61.03,298.3,,6.6,D,0
26.4223,79.952,309.4,,1,1,2025-11-21,928,Aqua,MODIS,57,61.03,297.2,,4.6,D,0
29.6101,74.3599,312.6,,1.3,1.1,2025-11-21,929,Aqua,MODIS,59,61.03,298.7,,9.6,D,0
25.99449,88.03376,,330.8,0.4,0.6,2025-11-22,633,N20,VIIRS,n,2,,294.84,2.4,D,0
18.03471,78.2002,,340.93,0.44,0.38,2025-11-22,811,N20,VIIRS,n,2,,306.02,5.75,D,0
18.76726,77.99294,,332.55,0.44,0.38,2025-11-22,811,N20,VIIRS,n,2,,305.28,3.48,D,0
20.95121,79.55298,,333.41,0.55,0.43,2025-11-22,812,N20,VIIRS,n,2,,303.57,3.63,D,0
21.74381,81.8879,,334.27,0.52,0.5,2025-11-22,812,N20,VIIRS,n,2,,303.24,3.71,D,0
21.65983,71.79559,,346.9,0.44,0.38,2025-11-22,813,N20,VIIRS,n,2,,304.42,2.36,D,0
22.75447,71.83716,,351.29,0.43,0.38,2025-11-22,813,N20,VIIRS,n,2,,305.65,9.12,D,0
22.90804,78.06728,,337.04,0.48,0.4,2025-11-22,813,N20,VIIRS,n,2,,303.33,9.9,D,0
23.21021,77.64211,,338.79,0.46,0.39,2025-11-22,813,N20,VIIRS,n,2,,304.2,4.27,D,0
23.37539,71.65965,,342.47,0.43,0.38,2025-11-22,813,N20,VIIRS,n,2,,309.64,22.31,D,0
23.55626,80.04167,,335.71,0.42,0.45,2025-11-22,813,N20,VIIRS,n,2,,301.59,4.12,D,0
24.14209,71.27878,,339.74,0.43,0.38,2025-11-22,813,N20,VIIRS,n,2,,307.02,2.96,D,0
25.02475,86.69514,,330.19,0.57,0.69,2025-11-22,813,N20,VIIRS,n,2,,293.82,3.18,D,0
25.52269,76.705,,330.41,0.45,0.39,2025-11-22,813,N20,VIIRS,n,2,,302.91,2.75,D,0
25.62172,78.14555,,336.3,0.52,0.42,2025-11-22,813,N20,VIIRS,n,2,,299.44,3.17,D,0
25.7295,76.44591,,336.31,0.44,0.38,2025-11-22,813,N20,VIIRS,n,2,,303.08,3.21,D,0
25.81799,78.85962,,340.7,0.57,0.43,2025-11-22,813,N20,VIIRS,n,2,,301.49,3.6,D,0
25.86277,78.31172,,333.47,0.54,0.42,2025-11-22,813,N20,VIIRS,n,2,,299.31,2.58,D,0
25.92525,78.26265,,331.28,0.53,0.42,2025-11-22,813,N20,VIIRS,n,2,,299.72,3.58,D,0
26.09809,79.46886,,342.88,0.42,0.45,2025-11-22,813,N20,VIIRS,n,2,,301.92,5.28,D,0
26.28478,71.14865,,356.33,0.42,0.37,2025-11-22,814,N20,VIIRS,l,2,,309.22,9,D,0
27.22391,83.52854,,336.38,0.38,0.59,2025-11-22,814,N20,VIIRS,n,2,,299.41,3.35,D,0
29.12417,78.65847,,337.03,0.41,0.45,2025-11-22,814,N20,VIIRS,n,2,,296.55,2.95,D,0
30.63195,73.19386,,331.71,0.39,0.36,2025-11-22,815,N20,VIIRS,n,2,,298.44,2.55,D,0
33.98875,73.30197,,335.51,0.41,0.37,2025-11-22,816,N20,VIIRS,n,2,,302.66,2.73,D,0
23.69301,87.10763,,302.1,0.6,0.7,2025-11-22,1900,N20,VIIRS,n,2,,289.85,2.87,N,2
22.37735,87.27875,,307.64,0.56,0.69,2025-11-22,2040,N20,VIIRS,n,2,,290.91,2.83,N,2
23.80754,86.32763,,316.69,0.46,0.63,2025-11-22,2040,N20,VIIRS,n,2,,291.12,1.83,N,2
21.85862,83.96523,,302.96,0.36,0.57,2025-11-22,2041,N20,VIIRS,n,2,,290.12,1.23,N,2
18.68634,73.02822,,309.03,0.39,0.36,2025-11-22,2042,N20,VIIRS,n,2,,292.4,1.18,N,2
16.45138,77.24867,,338.89,0.47,0.4,2025-11-23,752,N20,VIIRS,n,2,,300.79,4.21,D,0
17.97308,78.09273,,333.13,0.42,0.37,2025-11-23,752,N20,VIIRS,n,2,,304.52,1.83,D,0
18.53691,77.99646,,334.44,0.42,0.37,2025-11-23,753,N20,VIIRS,n,2,,296.9,3.95,D,0
19.30232,77.16202,,334.21,0.44,0.38,2025-11-23,753,N20,VIIRS,n,2,,306.15,2.24,D,0
21.38535,80.99479,,332.44,0.4,0.37,2025-11-23,753,N20,VIIRS,n,2,,302.46,0.91,D,0
21.73761,81.48486,,334.39,0.42,0.37,2025-11-23,753,N20,VIIRS,n,2,,305.02,2.93,D,0
23.00411,87.5056,,331.98,0.61,0.53,2025-11-23,753,N20,VIIRS,n,2,,298.31,4.32,D,0
22.9476,78.10489,,333.08,0.39,0.36,2025-11-23,754,N20,VIIRS,n,2,,298.84,2.35,D,0
23.28517,79.73775,,330.08,0.39,0.36,2025-11-23,754,N20,VIIRS,n,2,,296.91,2.15,D,0
23.43089,80.01602,,341.3,0.39,0.36,2025-11-23,754,N20,VIIRS,n,2,,296.8,2.8,D,0
23.563,72.81364,,335.36,0.42,0.45,2025-11-23,754,N20,VIIRS,n,2,,302.79,3.21,D,0
24.4853,81.40996,,331.72,0.44,0.38,2025-11-23,754,N20,VIIRS,n,2,,299.85,2.25,D,0
25.12122,82.66335,,332.86,0.5,0.41,2025-11-23,754,N20,VIIRS,n,2,,300.69,4.16,D,0
25.62348,78.66249,,333.65,0.38,0.36,2025-11-23,754,N20,VIIRS,n,2,,302.83,1.84,D,0
26.06478,84.03196,,333.76,0.41,0.45,2025-11-23,754,N20,VIIRS,n,2,,297.33,2.5,D,0
25.57668,76.65845,,334.94,0.4,0.37,2025-11-23,755,N20,VIIRS,n,2,,300.29,2.96,D,0
25.67231,76.57805,,336,0.4,0.37,2025-11-23,755,N20,VIIRS,n,2,,302.43,3.97,D,0
25.74524,77.96765,,336.61,0.38,0.36,2025-11-23,755,N20,VIIRS,n,2,,301.88,5.39,D,0
25.81395,76.64875,,339.47,0.4,0.37,2025-11-23,755,N20,VIIRS,n,2,,300.24,6.81,D,0
25.85031,78.61288,,345.84,0.38,0.36,2025-11-23,755,N20,VIIRS,n,2,,302.85,5.54,D,0
25.8887,78.2149,,342,0.38,0.36,2025-11-23,755,N20,VIIRS,n,2,,302.11,12.79,D,0
25.92344,78.13009,,341.66,0.38,0.36,2025-11-23,755,N20,VIIRS,n,2,,301.35,3.4,D,0
25.96695,78.55264,,344.33,0.38,0.36,2025-11-23,755,N20,VIIRS,n,2,,303.02,6.44,D,0
26.03238,78.7172,,331.15,0.39,0.36,2025-11-23,755,N20,VIIRS,n,2,,300.16,3.19,D,0
26.32286,80.26208,,334.71,0.41,0.37,2025-11-23,755,N20,VIIRS,n,2,,299.23,3.18,D,0
26.57892,83.7547,,329.06,0.4,0.44,2025-11-23,755,N20,VIIRS,n,2,,296.2,2.32,D,0
26.89153,83.6345,,340.75,0.39,0.44,2025-11-23,755,N20,VIIRS,n,2,,298.62,5.88,D,0
27.23684,83.5841,,328.17,0.4,0.44,2025-11-23,755,N20,VIIRS,n,2,,297.25,2.19,D,0
28.04586,79.88551,,331.48,0.41,0.37,2025-11-23,755,N20,VIIRS,n,2,,299,2.25,D,0
29.27215,77.44624,,331.8,0.38,0.36,2025-11-23,756,N20,VIIRS,n,2,,297.42,3.13,D,0
31.06169,72.25591,,334.9,0.51,0.41,2025-11-23,756,N20,VIIRS,n,2,,300.31,5.44,D,0
35.06903,73.05626,,310.72,0.62,0.54,2025-11-23,2019,N20,VIIRS,n,2,,275.78,1.8,N,0
23.73724,86.43129,,308.19,0.47,0.48,2025-11-23,2021,N20,VIIRS,n,2,,291.91,1.64,N,2
26.09515,68.87444,,304.83,0.45,0.63,2025-11-23,2021,N20,VIIRS,n,2,,287.44,0.65,N,2
21.1964,81.41817,,303.01,0.43,0.38,2025-11-23,2022,N20,VIIRS,n,2,,291.49,1.31,N,2
22.21309,84.86314,,302.92,0.4,0.45,2025-11-23,2022,N20,VIIRS,n,2,,291.57,1.36,N,2
24.7653,74.60567,,302.8,0.57,0.43,2025-11-23,2022,N20,VIIRS,n,2,,290.49,1.39,N,2
15.86106,78.10632,,335.05,0.54,0.51,2025-11-24,733,N20,VIIRS,n,2,,296.85,5.43,D,0
18.09985,80.7019,,337.15,0.52,0.41,2025-11-24,734,N20,VIIRS,n,2,,304.75,5.33,D,0
20.87657,80.69248,,328.21,0.47,0.4,2025-11-24,734,N20,VIIRS,n,2,,297.48,1.63,D,0
21.64982,81.77338,,333.75,0.42,0.38,2025-11-24,734,N20,VIIRS,n,2,,301.61,4.1,D,0
21.85987,81.41524,,332.16,0.43,0.38,2025-11-24,735,N20,VIIRS,n,2,,301.11,2.68,D,0
22.88797,87.99227,,331.9,0.51,0.41,2025-11-24,735,N20,VIIRS,n,2,,300.95,3.08,D,0
23.24792,79.88087,,332.09,0.48,0.4,2025-11-24,735,N20,VIIRS,n,2,,298.7,2.6,D,0
23.44191,80.21148,,330.6,0.46,0.39,2025-11-24,735,N20,VIIRS,n,2,,299.8,7.11,D,0
23.74662,80.43471,,329.14,0.45,0.39,2025-11-24,735,N20,VIIRS,n,2,,299.39,3.04,D,0
24.52518,80.92284,,337.98,0.42,0.38,2025-11-24,735,N20,VIIRS,n,2,,302.72,7.58,D,0
24.7261,81.17499,,334.87,0.41,0.37,2025-11-24,735,N20,VIIRS,n,2,,302.77,3.08,D,0
25.44575,85.10239,,346.69,0.41,0.37,2025-11-24,735,N20,VIIRS,n,2,,301.1,5.76,D,0
25.56321,76.64353,,329.25,0.44,0.46,2025-11-24,736,N20,VIIRS,n,2,,298.78,8.58,D,0
25.70824,78.6596,,336.48,0.51,0.41,2025-11-24,736,N20,VIIRS,n,2,,301.4,3.75,D,0
25.80807,77.97101,,332.1,0.55,0.43,2025-11-24,736,N20,VIIRS,n,2,,299.24,4.35,D,0
25.87476,78.12691,,336.79,0.54,0.42,2025-11-24,736,N20,VIIRS,n,2,,298.79,6.24,D,0
25.93551,78.55428,,348.7,0.51,0.41,2025-11-24,736,N20,VIIRS,n,2,,301.74,6.63,D,0
26.00048,78.69557,,331.72,0.5,0.41,2025-11-24,736,N20,VIIRS,l,2,,303.57,3.51,D,0
26.25346,79.44931,,337.25,0.46,0.39,2025-11-24,736,N20,VIIRS,n,2,,303.57,5.38,D,0
26.59985,83.19127,,337.27,0.38,0.36,2025-11-24,736,N20,VIIRS,n,2,,302.33,3.76,D,0
26.93177,79.53499,,335.83,0.45,0.39,2025-11-24,736,N20,VIIRS,n,2,,301.83,2.79,D,0
27.3858,80.45361,,338.63,0.41,0.37,2025-11-24,736,N20,VIIRS,n,2,,302.44,7.16,D,0
28.78973,79.43053,,334.04,0.43,0.38,2025-11-24,737,N20,VIIRS,n,2,,300.74,3.17,D,0
24.80949,69.29354,,335.44,0.46,0.63,2025-11-24,916,N20,VIIRS,n,2,,303.45,2.24,D,0
20.78973,85.26024,,303.69,0.4,0.37,2025-11-24,2003,N20,VIIRS,n,2,,293.47,1.22,N,2
21.3762,81.64169,,305.12,0.42,0.37,2025-11-24,2003,N20,VIIRS,n,2,,292.49,1.09,N,2
22.05238,88.12514,,306.28,0.51,0.41,2025-11-24,2003,N20,VIIRS,n,2,,295.52,1.48,N,2
23.01251,78.11399,,299.75,0.43,0.46,2025-11-24,2003,N20,VIIRS,n,2,,287.8,1.21,N,0
23.72134,85.006,,297.24,0.39,0.36,2025-11-24,2003,N20,VIIRS,n,2,,286.54,0.64,N,2
24.01185,80.53009,,301.37,0.49,0.4,2025-11-24,2003,N20,VIIRS,n,2,,289.25,0.89,N,2
16.49033,77.27288,,302.45,0.4,0.44,2025-11-24,2005,N20,VIIRS,n,2,,290.58,0.72,N,0
16.19348,80.65123,,355.7,0.37,0.58,2025-11-25,714,N20,VIIRS,n,2,,297.65,9.52,D,0
20.96379,86.05163,,339.69,0.45,0.39,2025-11-25,715,N20,VIIRS,n,2,,303.11,3.93,D,2
22.1653,86.92965,,329.69,0.41,0.37,2025-11-25,716,N20,VIIRS,n,2,,299.79,2.33,D,0
22.88366,87.42104,,339.65,0.39,0.36,2025-11-25,716,N20,VIIRS,n,2,,300.56,3.09,D,0
23.04567,87.54312,,330.12,0.39,0.36,2025-11-25,716,N20,VIIRS,l,2,,301.06,3.02,D,0
23.56149,79.93451,,339.9,0.59,0.53,2025-11-25,716,N20,VIIRS,n,2,,295.64,8.69,D,0
24.72788,84.99,,328.06,0.45,0.39,2025-11-25,716,N20,VIIRS,l,2,,301.56,2.81,D,0
24.67546,80.95886,,328.23,0.49,0.48,2025-11-25,717,N20,VIIRS,l,2,,298.88,2.93,D,0
25.59996,76.63345,,328.24,0.43,0.62,2025-11-25,717,N20,VIIRS,n,2,,296.73,1.79,D,0
25.79948,78.01891,,346.81,0.35,0.57,2025-11-25,717,N20,VIIRS,n,2,,296.82,3.08,D,0
25.88664,78.30055,,339.33,0.33,0.56,2025-11-25,717,N20,VIIRS,n,2,,299.18,2.99,D,0
25.97541,78.65045,,329.14,0.63,0.54,2025-11-25,717,N20,VIIRS,n,2,,298.88,7.41,D,0
26.45606,84.6068,,332.48,0.44,0.39,2025-11-25,717,N20,VIIRS,n,2,,298.1,4.05,D,0
27.15309,84.83078,,328.75,0.43,0.38,2025-11-25,717,N20,VIIRS,n,2,,298.67,1.69,D,0
28.74273,79.5951,,331.67,0.49,0.48,2025-11-25,718,N20,VIIRS,n,2,,295.49,1.8,D,0
15.94868,74.63357,,343.28,0.39,0.59,2025-11-25,855,N20,VIIRS,n,2,,294.76,3.47,D,0
25.45275,76.59911,,349.43,0.67,0.73,2025-11-25,858,N20,VIIRS,n,2,,294.27,13.18,D,0
28.44081,69.91153,,332.48,0.55,0.51,2025-11-25,858,N20,VIIRS,n,2,,298.38,8,D,0
35.06531,73.06751,,332.37,0.5,0.66,2025-11-25,900,N20,VIIRS,n,2,,289.57,17.14,D,0
22.0327,83.3579,,299.11,0.39,0.44,2025-11-25,1944,N20,VIIRS,n,2,,288.69,0.96,N,2
22.81186,86.08283,,300.69,0.44,0.38,2025-11-25,1944,N20,VIIRS,n,2,,289.52,0.8,N,2
23.69454,87.10851,,298.23,0.41,0.37,2025-11-25,1944,N20,VIIRS,n,2,,287.56,0.68,N,2
23.8028,86.32642,,303.7,0.44,0.38,2025-11-25,1944,N20,VIIRS,n,2,,292.14,1.86,N,2
20.96829,85.16679,,317.83,0.46,0.39,2025-11-25,1945,N20,VIIRS,n,2,,293.11,2.68,N,2
17.95905,80.78164,,304.88,0.5,0.49,2025-11-25,1946,N20,VIIRS,n,2,,292.71,1.27,N,2
22.9818,72.56346,,301.74,0.32,0.55,2025-11-25,2125,N20,VIIRS,n,2,,290.34,0.27,N,2
22.69336,87.02866,,330.14,0.44,0.46,2025-11-26,657,N20,VIIRS,n,2,,298.74,2.59,D,0
23.33704,79.89666,,347.11,0.6,0.7,2025-11-26,658,N20,VIIRS,n,2,,292,11.46,D,0
25.535,78.74993,,334.61,0.62,0.72,2025-11-26,658,N20,VIIRS,n,2,,295.69,6.47,D,0
26.55548,82.60838,,337.93,0.34,0.56,2025-11-26,658,N20,VIIRS,n,2,,298.1,2.6,D,0
29.32083,89.30329,,325.81,0.42,0.37,2025-11-26,659,N20,VIIRS,n,2,,292.73,2.59,D,0
16.72697,77.0463,,335.95,0.56,0.51,2025-11-26,836,N20,VIIRS,n,2,,301.41,3.9,D,0
19.87911,73.72153,,335.23,0.57,0.43,2025-11-26,837,N20,VIIRS,n,2,,298.88,4.27,D,0
23.43429,77.92024,,329.52,0.39,0.59,2025-11-26,838,N20,VIIRS,n,2,,295.12,2.17,D,0
25.67499,76.57474,,355.71,0.34,0.56,2025-11-26,839,N20,VIIRS,n,2,,294.32,8.22,D,0
25.82156,78.85681,,344.85,0.47,0.64,2025-11-26,839,N20,VIIRS,n,2,,296.41,6.81,D,0
25.96818,78.26656,,354.36,0.43,0.62,2025-11-26,839,N20,VIIRS,n,2,,295.8,7.76,D,0
29.84355,77.25104,,330.26,0.41,0.61,2025-11-26,840,N20,VIIRS,n,2,,295.85,1.88,D,0
22.06316,83.33425,,302.6,0.39,0.59,2025-11-26,1925,N20,VIIRS,n,2,,287.74,0.84,N,0
23.6759,87.12555,,312.33,0.47,0.48,2025-11-26,1925,N20,VIIRS,n,2,,288.04,1.82,N,0
24.15993,82.6668,,297.5,0.46,0.63,2025-11-26,1925,N20,VIIRS,n,2,,285.63,0.77,N,2
21.75827,84.02177,,320.68,0.35,0.57,2025-11-26,1926,N20,VIIRS,n,2,,291.79,2.73,N,2
35.55984,71.57604,,306.92,0.38,0.36,2025-11-26,2103,N20,VIIRS,n,2,,274.63,1.54,N,0
25.38774,68.58016,,306.7,0.38,0.36,2025-11-26,2106,N20,VIIRS,n,2,,286.35,0.67,N,2
22.0454,83.7333,307.8,,2.5,1.5,2025-11-22,317,Terra,MODIS,66,61.03,294.6,,23.6,D,2
31.2324,72.5133,306.9,,1.4,1.2,2025-11-22,1008,Aqua,MODIS,57,61.03,296.2,,8,D,0
15.2852,76.4642,311.1,,1.3,1.1,2025-11-23,358,Terra,MODIS,58,61.03,294.4,,7.3,D,0
25.6014,83.0378,310.3,,1.1,1,2025-11-23,906,Aqua,MODIS,62,61.03,298.5,,5.7,D,0
26.5914,82.5019,308.5,,1.1,1,2025-11-23,907,Aqua,MODIS,59,61.03,296.7,,6,D,0
27.4871,83.485,310.4,,1,1,2025-11-23,907,Aqua,MODIS,67,61.03,297.6,,6.4,D,0
16.1589,80.6402,316.8,,1.3,1.1,2025-11-24,942,Aqua,MODIS,59,61.03,298.7,,13.5,D,0
22.9715,78.2376,308.5,,1.2,1.1,2025-11-24,944,Aqua,MODIS,55,61.03,295.8,,5.4,D,0
25.6229,78.86,311.1,,1.4,1.2,2025-11-24,945,Aqua,MODIS,64,61.03,297.8,,9,D,2
25.9508,78.1331,314.9,,1.2,1.1,2025-11-24,945,Aqua,MODIS,51,61.03,296.1,,12.3,D,0
18.5883,74.389,302.6,,2.8,1.6,2025-11-24,1528,Terra,MODIS,50,61.03,290,,24.5,N,0
26.0333,87.7941,307.4,,1.1,1.1,2025-11-25,845,Aqua,MODIS,54,61.03,297,,5.2,D,0
18.5298,74.6936,312.3,,1.1,1.1,2025-11-25,1607,Terra,MODIS,84,61.03,291,,13.6,N,0
16.7813,74.2681,309.4,,1,1,2025-11-26,417,Terra,MODIS,60,61.03,298.3,,4.8,D,0
21.1464,82.6843,310,,1,1,2025-11-26,922,Aqua,MODIS,60,61.03,297,,6.3,D,0
23.2182,79.8604,307.4,,1,1,2025-11-26,923,Aqua,MODIS,32,61.03,294.6,,4.2,D,0
24.3966,80.9268,308.6,,1,1,2025-11-26,923,Aqua,MODIS,59,61.03,297.1,,4.9,D,0
25.6405,78.243,310.7,,1.1,1.1,2025-11-26,923,Aqua,MODIS,56,61.03,296.1,,6.9,D,0
26.4706,82.5962,308.7,,1.1,1.1,2025-11-26,923,Aqua,MODIS,58,61.03,297.1,,5.9,D,0
26.443,80.1411,304.4,,1,1,2025-11-26,924,Aqua,MODIS,28,61.03,292.9,,3.2,D,0
30.6497,79.8276,304,,1,1,2025-11-26,925,Aqua,MODIS,56,61.03,284,,7.8,D,0
24.06137,87.73893,,342.07,0.37,0.58,2025-11-27,639,N20,VIIRS,n,2,,299.44,3.84,D,0
15.83645,78.19524,,335.35,0.49,0.4,2025-11-27,817,N20,VIIRS,n,2,,304.84,4.47,D,0
16.60032,76.55397,,339.01,0.42,0.38,2025-11-27,817,N20,VIIRS,n,2,,298.83,3.63,D,0
18.03648,74.25603,,334.53,0.39,0.36,2025-11-27,818,N20,VIIRS,n,2,,302.94,1.47,D,0
19.41481,74.79056,,335.02,0.4,0.37,2025-11-27,818,N20,VIIRS,n,2,,303.99,3.12,D,0
21.57403,81.10883,,338.17,0.58,0.52,2025-11-27,819,N20,VIIRS,n,2,,297.27,2.68,D,0
22.76932,70.50147,,343.51,0.42,0.37,2025-11-27,819,N20,VIIRS,n,2,,304.1,4.02,D,0
23.34174,79.98441,,335.23,0.52,0.5,2025-11-27,819,N20,VIIRS,n,2,,297.93,4.39,D,0
25.51102,76.58332,,334.07,0.52,0.42,2025-11-27,820,N20,VIIRS,n,2,,297.74,5.45,D,0
25.71087,77.97014,,337.12,0.42,0.45,2025-11-27,820,N20,VIIRS,n,2,,298.13,2.09,D,0
25.83885,78.3547,,335.76,0.44,0.46,2025-11-27,820,N20,VIIRS,n,2,,297.61,2.98,D,0
25.91744,78.40919,,336.31,0.45,0.47,2025-11-27,820,N20,VIIRS,n,2,,300.77,4.23,D,0
26.00171,79.02837,,339.99,0.49,0.48,2025-11-27,820,N20,VIIRS,n,2,,299.98,5.13,D,0
27.62354,80.90087,,346.21,0.33,0.55,2025-11-27,820,N20,VIIRS,n,2,,300.61,2.79,D,0
29.86814,73.2002,,333.31,0.42,0.37,2025-11-27,821,N20,VIIRS,n,2,,300.89,5.33,D,0
32.88713,71.61678,,329.7,0.4,0.37,2025-11-27,822,N20,VIIRS,n,2,,299.05,2.19,D,2
23.66599,84.99221,,296.67,0.64,0.72,2025-11-27,1906,N20,VIIRS,n,2,,283.14,1.19,N,0
20.97046,85.17284,,302.09,0.59,0.7,2025-11-27,1907,N20,VIIRS,n,2,,288.86,2.02,N,2
34.32984,73.88114,,323.79,0.41,0.37,2025-11-27,2044,N20,VIIRS,n,2,,274.19,2.6,N,0
23.7161,86.44553,,303.85,0.59,0.7,2025-11-27,2046,N20,VIIRS,n,2,,289.63,3.16,N,2
20.96858,86.00124,,303.75,0.64,0.72,2025-11-27,2047,N20,VIIRS,n,2,,289.69,1.87,N,2
21.97235,85.31303,,302.27,0.55,0.68,2025-11-27,2047,N20,VIIRS,n,2,,283.62,0.64,N,2
23.31409,70.1974,,303.72,0.44,0.39,2025-11-27,2047,N20,VIIRS,n,2,,290.67,0.7,N,2
15.18097,76.6542,,304.08,0.41,0.45,2025-11-27,2049,N20,VIIRS,n,2,,291.59,1.36,N,2
15.55349,79.55609,,333.99,0.38,0.36,2025-11-28,758,N20,VIIRS,n,2,,301.89,2.81,D,0
16.25896,77.13489,,331.44,0.41,0.37,2025-11-28,758,N20,VIIRS,n,2,,297.51,2.84,D,0
16.49014,76.93763,,331.83,0.42,0.37,2025-11-28,758,N20,VIIRS,n,2,,293.94,2.4,D,0
16.95306,79.81754,,338.51,0.39,0.36,2025-11-28,758,N20,VIIRS,n,2,,301.71,3.75,D,0
17.30789,78.30038,,330.81,0.39,0.36,2025-11-28,759,N20,VIIRS,n,2,,300.07,1.9,D,0
18.07335,78.10923,,340.63,0.39,0.36,2025-11-28,759,N20,VIIRS,n,2,,302.36,3.93,D,0
18.52173,78.02109,,333.45,0.39,0.36,2025-11-28,759,N20,VIIRS,n,2,,304.46,3.05,D,0
18.91415,78.38761,,333.15,0.38,0.36,2025-11-28,759,N20,VIIRS,l,2,,303.15,1.27,D,0
20.97051,85.17383,,331.02,0.52,0.5,2025-11-28,759,N20,VIIRS,l,2,,302.35,8.37,D,2
21.39392,81.09483,,337.32,0.46,0.39,2025-11-28,800,N20,VIIRS,n,2,,302.82,2.94,D,0
21.73421,82.13026,,342.47,0.52,0.42,2025-11-28,800,N20,VIIRS,n,2,,301.67,6.69,D,0
22.29782,77.948,,332.21,0.38,0.36,2025-11-28,800,N20,VIIRS,n,2,,304.25,2.57,D,0
23.167,79.85877,,330.39,0.43,0.38,2025-11-28,800,N20,VIIRS,n,2,,302.23,2.42,D,0
23.4466,80.0781,,332.43,0.44,0.38,2025-11-28,800,N20,VIIRS,n,2,,301.55,2.58,D,0
24.05939,75.34811,,339.73,0.41,0.37,2025-11-28,801,N20,VIIRS,n,2,,299.23,3.67,D,0
25.39209,83.81078,,334,0.48,0.48,2025-11-28,801,N20,VIIRS,n,2,,298.26,4.92,D,0
25.66945,78.25397,,334.32,0.4,0.37,2025-11-28,801,N20,VIIRS,n,2,,301.42,2.22,D,0
25.80761,76.65246,,334.53,0.38,0.36,2025-11-28,801,N20,VIIRS,n,2,,297.39,2.68,D,0
25.87734,78.11761,,332.89,0.4,0.37,2025-11-28,801,N20,VIIRS,n,2,,302.06,4.76,D,0
25.95352,78.61311,,332.43,0.41,0.37,2025-11-28,801,N20,VIIRS,n,2,,301.16,3.71,D,0
26.1496,82.41776,,334.45,0.41,0.45,2025-11-28,801,N20,VIIRS,n,2,,299.57,2.17,D,0
26.78844,84.0254,,336.4,0.52,0.5,2025-11-28,801,N20,VIIRS,n,2,,301.11,5.1,D,0
27.85066,80.04098,,334.86,0.48,0.4,2025-11-28,801,N20,VIIRS,n,2,,300.5,4.04,D,0
29.42534,77.25643,,335.61,0.4,0.37,2025-11-28,802,N20,VIIRS,n,2,,300.33,3.31,D,0
31.4849,78.14467,,347.39,0.44,0.38,2025-11-28,803,N20,VIIRS,n,2,,294.19,27.05,D,0
34.17534,73.76181,,326.95,0.39,0.36,2025-11-28,803,N20,VIIRS,n,2,,294.97,1.55,D,0
33.68575,70.15607,,309.82,0.36,0.57,2025-11-28,2026,N20,VIIRS,n,2,,279.19,2.14,N,0
20.96837,86.01558,,304.63,0.63,0.54,2025-11-28,2028,N20,VIIRS,n,2,,291.48,5.3,N,2
22.3606,87.2882,,300.39,0.36,0.57,2025-11-28,2028,N20,VIIRS,n,2,,289.96,0.9,N,2
23.77448,86.35993,,308.26,0.59,0.53,2025-11-28,2028,N20,VIIRS,n,2,,288.73,2.3,N,2
20.76097,85.29882,,302.98,0.58,0.52,2025-11-28,2029,N20,VIIRS,n,2,,289.96,1.99,N,2
17.06493,76.97729,,315.75,0.39,0.36,2025-11-28,2030,N20,VIIRS,n,2,,290.9,0.89,N,2
33.70633,71.21484,,308.39,0.68,0.74,2025-11-28,2206,N20,VIIRS,n,2,,280.13,1.92,N,0
16.76169,79.833,,333.08,0.49,0.41,2025-11-29,740,N20,VIIRS,n,2,,300.23,2.1,D,0
17.22663,82.33712,,338.77,0.4,0.37,2025-11-29,740,N20,VIIRS,n,2,,298.41,2.91,D,0
20.33636,81.98319,,333.95,0.39,0.36,2025-11-29,740,N20,VIIRS,n,2,,296.44,2.01,D,0
21.13769,82.63731,,330.56,0.38,0.36,2025-11-29,741,N20,VIIRS,n,2,,301.04,1.71,D,0
21.49953,83.58856,,327.58,0.39,0.36,2025-11-29,741,N20,VIIRS,n,2,,296.42,1.64,D,0
21.6902,82.03318,,330.16,0.39,0.36,2025-11-29,741,N20,VIIRS,n,2,,302.05,2.14,D,0
21.8602,81.59753,,331.68,0.39,0.36,2025-11-29,741,N20,VIIRS,n,2,,303.02,1.88,D,0
22.5717,85.89874,,330.45,0.47,0.4,2025-11-29,741,N20,VIIRS,n,2,,304.94,1.93,D,0
23.34694,79.82874,,333.83,0.42,0.37,2025-11-29,741,N20,VIIRS,n,2,,288.64,4.81,D,0
23.68777,80.70327,,330.32,0.39,0.37,2025-11-29,742,N20,VIIRS,n,2,,293.54,2.27,D,0
24.68278,80.64488,,344.97,0.39,0.36,2025-11-29,742,N20,VIIRS,n,2,,300.07,2.43,D,0
25.21987,83.99113,,335.24,0.42,0.38,2025-11-29,742,N20,VIIRS,n,2,,298.61,5.68,D,0
25.65549,80.00529,,333.11,0.4,0.37,2025-11-29,742,N20,VIIRS,n,2,,303.71,2.9,D,0
25.8161,76.69293,,330.43,0.53,0.42,2025-11-29,742,N20,VIIRS,n,2,,299.28,2.83,D,0
25.89703,83.89312,,333.11,0.42,0.38,2025-11-29,742,N20,VIIRS,n,2,,300.58,3.47,D,0
25.96862,78.10058,,343.92,0.45,0.39,2025-11-29,742,N20,VIIRS,n,2,,299,8,D,0
26.22694,82.53857,,335.83,0.39,0.36,2025-11-29,742,N20,VIIRS,n,2,,300.06,5.36,D,0
26.49649,78.28544,,329.4,0.44,0.38,2025-11-29,742,N20,VIIRS,n,2,,297.11,2.12,D,0
26.84693,83.58308,,338.04,0.42,0.38,2025-11-29,742,N20,VIIRS,n,2,,298.93,5.27,D,0
27.22812,83.71423,,331.28,0.43,0.38,2025-11-29,742,N20,VIIRS,n,2,,300.47,2.48,D,0
28.41262,69.98692,,333.73,0.39,0.59,2025-11-29,743,N20,VIIRS,n,2,,293.37,3.45,D,0
29.69541,79.60496,,330.17,0.39,0.36,2025-11-29,743,N20,VIIRS,n,2,,294.93,2,D,0
32.54243,74.67505,,326.5,0.52,0.42,2025-11-29,744,N20,VIIRS,l,2,,298.85,3.25,D,0
34.1224,73.30527,,300.91,0.45,0.63,2025-11-29,2007,N20,VIIRS,n,2,,277.59,0.78,N,0
23.48513,87.3589,,307.41,0.53,0.42,2025-11-29,2009,N20,VIIRS,n,2,,289.58,1.34,N,2
23.77031,86.01167,,297.99,0.45,0.39,2025-11-29,2009,N20,VIIRS,n,2,,287.25,0.55,N,2
20.78844,85.26705,,311.51,0.46,0.39,2025-11-29,2010,N20,VIIRS,n,2,,285.82,2.04,N,2
21.73246,83.84782,,314.05,0.4,0.37,2025-11-29,2010,N20,VIIRS,n,2,,289.23,1.47,N,0
22.33316,82.60459,,327.01,0.38,0.36,2025-11-29,2010,N20,VIIRS,n,2,,289.16,2.19,N,2
33.8089,71.86653,,308.9,0.4,0.6,2025-11-29,2147,N20,VIIRS,n,2,,279.3,1.01,N,0
18.94472,78.43768,,330.38,0.36,0.57,2025-11-30,722,N20,VIIRS,n,2,,293.69,2.79,D,0
21.4299,81.94645,,329.26,0.39,0.44,2025-11-30,722,N20,VIIRS,l,2,,299.69,1.2,D,0
21.86151,81.51485,,340.09,0.41,0.45,2025-11-30,722,N20,VIIRS,n,2,,299.97,4.8,D,0
22.16663,73.79942,,328.74,0.61,0.71,2025-11-30,723,N20,VIIRS,n,2,,299.87,3.11,D,0
24.91327,84.29308,,331.87,0.41,0.37,2025-11-30,723,N20,VIIRS,n,2,,301.53,2.27,D,0
25.24155,84.02634,,327.93,0.42,0.38,2025-11-30,723,N20,VIIRS,n,2,,297.98,2.66,D,0
25.76561,78.08633,,329.1,0.55,0.51,2025-11-30,723,N20,VIIRS,n,2,,298.69,2.46,D,0
26.20653,81.64516,,341.82,0.51,0.41,2025-11-30,723,N20,VIIRS,n,2,,294.89,4.83,D,0
26.92494,83.63325,,338.76,0.42,0.37,2025-11-30,723,N20,VIIRS,n,2,,299.4,3.06,D,0
26.98688,83.58271,,329.08,0.42,0.37,2025-11-30,724,N20,VIIRS,n,2,,298.76,2.84,D,0
27.43662,83.30919,,332.72,0.42,0.38,2025-11-30,724,N20,VIIRS,n,2,,300.46,5.75,D,0
30.57567,74.66198,,349.47,0.35,0.57,2025-11-30,725,N20,VIIRS,n,2,,298.82,3.04,D,0
17.64866,76.21482,,330.35,0.67,0.74,2025-11-30,902,N20,VIIRS,n,2,,298.62,6.34,D,0
29.70424,79.60233,,331.17,0.33,0.55,2025-11-30,1949,N20,VIIRS,n,2,,285.09,2.6,N,0
23.67877,86.39493,,316.95,0.39,0.36,2025-11-30,1950,N20,VIIRS,n,2,,295.23,2.06,N,2
23.79447,86.23425,,302.92,0.39,0.37,2025-11-30,1950,N20,VIIRS,n,2,,289.99,0.97,N,2
21.43255,72.97029,,302.69,0.7,0.75,2025-11-30,1951,N20,VIIRS,n,2,,287.5,0.9,N,0
34.12783,73.41875,,320.79,0.53,0.5,2025-11-30,2128,N20,VIIRS,n,2,,280.61,5.23,N,0
19.23505,73.02369,,316.1,0.53,0.67,2025-11-30,2132,N20,VIIRS,n,2,,290.19,1.75,N,0
23.94143,89.48863,,330,0.41,0.37,2025-12-01,703,N20,VIIRS,n,2,,302.82,2.22,D,0
25.11242,83.96889,,339.14,0.49,0.48,2025-12-01,704,N20,VIIRS,n,2,,297.14,4.23,D,0
25.90973,80.75417,,334.94,0.37,0.58,2025-12-01,704,N20,VIIRS,n,2,,298.48,2.03,D,0
26.87329,82.90058,,330.65,0.52,0.5,2025-12-01,705,N20,VIIRS,n,2,,301.06,2.55,D,0
29.40837,77.74004,,328.21,0.47,0.64,2025-12-01,706,N20,VIIRS,n,2,,294.29,1.64,D,0
16.43673,76.46844,,348.5,0.32,0.55,2025-12-01,843,N20,VIIRS,n,2,,300.72,4.54,D,0
17.34442,75.961,,334.88,0.62,0.54,2025-12-01,843,N20,VIIRS,n,2,,302.06,6.91,D,0
21.12819,72.69543,,347.16,0.43,0.46,2025-12-01,844,N20,VIIRS,n,2,,301.76,5.9,D,0
25.82533,78.00694,,347.44,0.52,0.67,2025-12-01,845,N20,VIIRS,n,2,,296.6,11.76,D,0
28.94267,77.35338,,341.02,0.51,0.66,2025-12-01,846,N20,VIIRS,n,2,,297.5,7.33,D,0
23.58339,86.72371,,298.04,0.4,0.44,2025-12-01,1931,N20,VIIRS,n,2,,280.85,0.69,N,0
23.83123,84.57259,,332.89,0.54,0.51,2025-12-01,1931,N20,VIIRS,n,2,,288.2,5.35,N,0
22.04297,83.73331,,332.56,0.58,0.52,2025-12-01,1932,N20,VIIRS,n,2,,295.56,4.26,N,2
35.21062,71.35188,,308.09,0.39,0.36,2025-12-01,2109,N20,VIIRS,n,2,,277.1,1,N,0
19.48593,76.98257,,301.06,0.46,0.64,2025-12-01,2113,N20,VIIRS,n,2,,285.72,0.55,N,0
20.7953,85.2537,304.6,,1.8,1.3,2025-11-27,317,Terra,MODIS,52,61.03,294.3,,10.6,D,2
18.2768,74.7304,311.1,,1.1,1.1,2025-11-27,1000,Aqua,MODIS,51,61.03,298.9,,5.1,D,0
34.496,74.6824,307,,1.8,1.3,2025-11-27,1004,Aqua,MODIS,65,61.03,282.5,,24.1,D,0
21.0739,85.0434,306.9,,1.4,1.2,2025-11-28,356,Terra,MODIS,52,61.03,296.2,,7.9,D,2
23.1798,79.6307,309,,2.2,1.4,2025-11-28,902,Aqua,MODIS,60,61.03,298.4,,16.3,D,0
25.9618,79.3481,309.5,,2,1.4,2025-11-28,902,Aqua,MODIS,54,61.03,299.3,,13.8,D,0
33.7733,71.8386,319.7,,1.1,1.1,2025-11-29,432,Terra,MODIS,80,61.03,292.6,,20.5,D,0
16.6034,73.4093,322.8,,1.7,1.3,2025-11-29,938,Aqua,MODIS,69,61.03,303.5,,29.6,D,0
23.2589,79.8037,304.6,,1.2,1.1,2025-11-29,940,Aqua,MODIS,54,61.03,287,,6.7,D,0
25.7398,76.6168,312.2,,1,1,2025-11-29,940,Aqua,MODIS,68,61.03,296.9,,7.7,D,0
27.3887,82.3485,307.9,,2,1.4,2025-11-29,941,Aqua,MODIS,61,61.03,296.2,,14.8,D,0
20.9493,86.0534,306.5,,1,1,2025-11-30,336,Terra,MODIS,59,61.03,293.4,,4.4,D,2
19.4251,75.4524,321.4,,1.3,1.1,2025-11-30,1607,Terra,MODIS,100,61.03,285.6,,29.9,N,0
18.8088,74.4288,307.1,,1,1,2025-12-01,416,Terra,MODIS,52,61.03,297,,4.4,D,0
21.6312,81.7692,312.8,,1,1,2025-12-01,918,Aqua,MODIS,67,61.03,298.1,,7,D,0
24.4091,80.8598,308.5,,1,1,2025-12-01,919,Aqua,MODIS,57,61.03,298.4,,4.6,D,0
25.3426,83.4858,305.1,,1.1,1,2025-12-01,919,Aqua,MODIS,36,61.03,292.2,,5.2,D,0
26.0706,79.9395,313.5,,1.1,1,2025-12-01,919,Aqua,MODIS,69,61.03,298.4,,10.3,D,0
28.5708,78.8708,306.7,,1.1,1,2025-12-01,920,Aqua,MODIS,60,61.03,295.9,,5.5,D,0
23.80023,86.3152,,334.18,0.37,0.58,2025-12-02,645,N20,VIIRS,n,2,,297.75,4.22,D,0
28.11026,79.94694,,337.65,0.71,0.75,2025-12-02,647,N20,VIIRS,n,2,,294.23,6.89,D,0
16.50982,76.48714,,332.18,0.5,0.41,2025-12-02,824,N20,VIIRS,n,2,,300.25,4.97,D,0
18.71124,77.81002,,343.69,0.42,0.45,2025-12-02,824,N20,VIIRS,n,2,,285.27,4.88,D,0
21.63632,81.53866,,348.03,0.4,0.6,2025-12-02,825,N20,VIIRS,n,2,,296.88,6.56,D,0
23.10043,70.85691,,334.42,0.38,0.36,2025-12-02,826,N20,VIIRS,n,2,,306.57,2.55,D,0
24.6314,80.9967,,331.36,0.39,0.6,2025-12-02,826,N20,VIIRS,n,2,,299.12,2.79,D,0
25.71136,78.1292,,337.16,0.53,0.5,2025-12-02,826,N20,VIIRS,n,2,,297.12,2.99,D,0
25.97415,78.33161,,331.36,0.55,0.51,2025-12-02,826,N20,VIIRS,n,2,,296.01,4.08,D,0
28.31727,70.0378,,333.06,0.38,0.36,2025-12-02,827,N20,VIIRS,n,2,,299.91,2.57,D,0
30.3463,70.85744,,332.05,0.4,0.37,2025-12-02,828,N20,VIIRS,n,2,,295.39,2.37,D,0
33.89607,74.3459,,339.26,0.4,0.45,2025-12-02,829,N20,VIIRS,n,2,,284.12,6.99,D,0
22.01913,82.17506,,300.17,0.74,0.76,2025-12-02,1913,N20,VIIRS,n,2,,287.4,1.47,N,0
32.89046,71.61427,,310.18,0.42,0.38,2025-12-02,2051,N20,VIIRS,n,2,,284.96,1.95,N,2
22.0451,83.73656,,308.52,0.55,0.68,2025-12-02,2053,N20,VIIRS,n,2,,292.77,7.76,N,2
20.97523,85.17129,,305.36,0.71,0.75,2025-12-02,2054,N20,VIIRS,n,2,,278.95,2.81,N,2
23.4307,68.71059,,309.42,0.44,0.38,2025-12-02,2054,N20,VIIRS,n,2,,290.59,1.48,N,2
16.50109,74.96188,,332.51,0.43,0.38,2025-12-03,805,N20,VIIRS,n,2,,301.34,3.56,D,0
18.57376,79.71758,,347.29,0.44,0.39,2025-12-03,805,N20,VIIRS,n,2,,300.69,9.78,D,0
19.35289,75.79727,,341.58,0.39,0.36,2025-12-03,806,N20,VIIRS,n,2,,304.94,3.85,D,0
20.94784,82.46601,,335.42,0.44,0.46,2025-12-03,806,N20,VIIRS,n,2,,298.9,9.04,D,0
21.46014,81.51175,,336.45,0.39,0.44,2025-12-03,806,N20,VIIRS,n,2,,302.19,2.02,D,0
21.72402,81.43224,,340.8,0.39,0.44,2025-12-03,806,N20,VIIRS,n,2,,301.25,4.3,D,0
22.46992,79.80217,,338.39,0.49,0.4,2025-12-03,806,N20,VIIRS,n,2,,304.21,4.73,D,0
23.32623,79.9416,,331.95,0.51,0.41,2025-12-03,807,N20,VIIRS,n,2,,300.02,7.73,D,0
25.07171,83.74833,,340.27,0.6,0.53,2025-12-03,807,N20,VIIRS,n,2,,298.89,5.26,D,0
25.69519,78.88727,,330.26,0.48,0.4,2025-12-03,807,N20,VIIRS,n,2,,298.46,2.21,D,0
25.8953,78.67294,,332.92,0.47,0.4,2025-12-03,807,N20,VIIRS,n,2,,298.32,1.94,D,0
26.02733,78.23318,,328.4,0.45,0.39,2025-12-03,807,N20,VIIRS,l,2,,298.43,2.18,D,0
27.1293,84.80843,,336.58,0.37,0.58,2025-12-03,808,N20,VIIRS,n,2,,295.63,4.42,D,0
27.47821,72.30968,,338.18,0.42,0.38,2025-12-03,808,N20,VIIRS,n,2,,303.27,1.92,D,0
28.79121,77.61313,,330.67,0.45,0.39,2025-12-03,808,N20,VIIRS,n,2,,298.19,3.37,D,0
29.31278,71.84711,,347.5,0.42,0.37,2025-12-03,809,N20,VIIRS,n,2,,300.85,7.22,D,0
31.27734,70.6403,,337.71,0.43,0.38,2025-12-03,809,N20,VIIRS,n,2,,296.82,7,D,0
34.41922,73.86565,,347.63,0.39,0.36,2025-12-03,810,N20,VIIRS,n,2,,295.5,6.19,D,0
28.33011,77.17281,,297.93,0.39,0.36,2025-12-03,2033,N20,VIIRS,n,2,,280.42,0.35,N,0
23.64744,85.43635,,316,0.32,0.55,2025-12-03,2034,N20,VIIRS,n,2,,287.29,1.22,N,2
23.79106,86.3381,,295.78,0.37,0.58,2025-12-03,2034,N20,VIIRS,n,2,,285.6,0.91,N,2
20.95555,85.01054,,303.84,0.35,0.56,2025-12-03,2035,N20,VIIRS,n,2,,289.64,0.72,N,2
21.77438,85.55238,,300.02,0.36,0.57,2025-12-03,2035,N20,VIIRS,n,2,,286.22,0.48,N,0
18.39856,73.85012,,326.19,0.39,0.37,2025-12-03,2036,N20,VIIRS,n,2,,289.73,1.62,N,0
16.27604,80.6021,,327.63,0.4,0.37,2025-12-04,746,N20,VIIRS,n,2,,297.21,2.43,D,0
17.66531,82.71897,,331.72,0.39,0.36,2025-12-04,746,N20,VIIRS,n,2,,295.36,3.28,D,0
18.69169,79.34373,,332.51,0.42,0.38,2025-12-04,747,N20,VIIRS,n,2,,301.08,2.63,D,0
20.02191,79.26977,,337.04,0.41,0.37,2025-12-04,747,N20,VIIRS,n,2,,301.16,3.44,D,0
21.02695,82.09545,,350.14,0.39,0.36,2025-12-04,747,N20,VIIRS,n,2,,304.34,4.57,D,0
21.20459,80.78887,,330.42,0.38,0.36,2025-12-04,747,N20,VIIRS,n,2,,303.34,2.02,D,0
21.43852,80.98548,,334.05,0.38,0.36,2025-12-04,747,N20,VIIRS,n,2,,303.53,3.91,D,0
21.62147,81.34335,,333.52,0.39,0.36,2025-12-04,747,N20,VIIRS,n,2,,303.17,2.12,D,0
21.75062,81.1202,,331.3,0.38,0.36,2025-12-04,747,N20,VIIRS,l,2,,301.87,3.88,D,0
21.86297,87.28343,,331.65,0.46,0.47,2025-12-04,747,N20,VIIRS,n,2,,300.12,1.83,D,0
22.20741,79.54966,,333.88,0.39,0.36,2025-12-04,748,N20,VIIRS,n,2,,305.87,2.29,D,0
23.29299,79.96349,,336.49,0.39,0.36,2025-12-04,748,N20,VIIRS,n,2,,299.63,3.76,D,0
24.45075,81.67572,,329.76,0.4,0.37,2025-12-04,748,N20,VIIRS,n,2,,297.95,1.51,D,0
25.01242,81.79248,,333.57,0.4,0.37,2025-12-04,748,N20,VIIRS,n,2,,298.52,2.1,D,0
25.12403,83.97182,,337.95,0.49,0.4,2025-12-04,748,N20,VIIRS,n,2,,298.41,5.09,D,0
25.26051,83.95875,,335.23,0.49,0.4,2025-12-04,748,N20,VIIRS,n,2,,300.63,6.82,D,0
25.83023,82.91306,,330.79,0.45,0.39,2025-12-04,748,N20,VIIRS,n,2,,301.74,2.95,D,0
25.73021,78.08606,,346.1,0.4,0.37,2025-12-04,749,N20,VIIRS,n,2,,301.77,6.17,D,0
25.90403,78.40688,,333.32,0.4,0.37,2025-12-04,749,N20,VIIRS,n,2,,299.1,2.67,D,0
26.27468,81.59953,,332.52,0.41,0.37,2025-12-04,749,N20,VIIRS,n,2,,300.34,1.11,D,0
26.73939,79.80771,,331.64,0.38,0.36,2025-12-04,749,N20,VIIRS,n,2,,299.11,1.62,D,0
27.49824,81.12387,,332.49,0.4,0.37,2025-12-04,749,N20,VIIRS,n,2,,299.31,3.1,D,0
29.0544,82.24969,,325.81,0.45,0.39,2025-12-04,749,N20,VIIRS,n,2,,292.72,3.89,D,0
31.1338,73.96874,,331.57,0.5,0.41,2025-12-04,750,N20,VIIRS,n,2,,296.81,3.07,D,0
29.76565,80.81967,,312.1,0.41,0.37,2025-12-04,2014,N20,VIIRS,n,2,,277.16,1.8,N,0
23.71729,86.43009,,305.09,0.38,0.43,2025-12-04,2015,N20,VIIRS,n,2,,288.86,1.18,N,0
24.17825,82.65037,,295.62,0.4,0.37,2025-12-04,2015,N20,VIIRS,n,2,,285.38,0.56,N,0
20.97481,86.00356,,308.22,0.4,0.44,2025-12-04,2016,N20,VIIRS,n,2,,291.24,1.24,N,2
21.90076,83.9805,,297.25,0.46,0.39,2025-12-04,2016,N20,VIIRS,n,2,,287.03,0.43,N,0
22.57413,85.89613,,317.82,0.56,0.43,2025-12-04,2016,N20,VIIRS,n,2,,291.18,2.21,N,0
20.83475,70.68597,,303.42,0.37,0.58,2025-12-04,2017,N20,VIIRS,n,2,,292.99,0.94,N,0
16.46959,80.76244,,335.66,0.45,0.47,2025-12-05,727,N20,VIIRS,n,2,,297.61,4.66,D,0
18.38863,79.58331,,335.02,0.49,0.49,2025-12-05,728,N20,VIIRS,n,2,,300.44,5.63,D,0
20.29931,81.88432,,328.09,0.5,0.41,2025-12-05,728,N20,VIIRS,l,2,,300.18,2.33,D,0
21.01119,82.40589,,332.93,0.46,0.39,2025-12-05,728,N20,VIIRS,n,2,,300.59,3,D,0
21.29572,82.11773,,334.21,0.47,0.4,2025-12-05,728,N20,VIIRS,n,2,,302.64,3.91,D,0
21.58953,81.46311,,331.32,0.51,0.41,2025-12-05,728,N20,VIIRS,n,2,,298.85,2.99,D,0
21.88805,84.93246,,335.97,0.39,0.36,2025-12-05,728,N20,VIIRS,n,2,,301.99,2.63,D,0
22.51275,86.83328,,331.24,0.4,0.37,2025-12-05,728,N20,VIIRS,n,2,,301.33,1.9,D,0
21.88995,82.06873,,346.13,0.47,0.4,2025-12-05,729,N20,VIIRS,n,2,,301.93,4.83,D,0
23.04794,79.63231,,331.95,0.4,0.44,2025-12-05,729,N20,VIIRS,n,2,,300.64,2.51,D,0
23.63076,87.72136,,329.05,0.43,0.38,2025-12-05,729,N20,VIIRS,l,2,,302.9,2.96,D,0
24.77458,81.15356,,333.15,0.47,0.4,2025-12-05,729,N20,VIIRS,n,2,,302.18,5.42,D,0
25.03942,83.81945,,328.41,0.39,0.36,2025-12-05,729,N20,VIIRS,n,2,,300.95,1.7,D,0
25.11851,83.78058,,332.4,0.39,0.36,2025-12-05,729,N20,VIIRS,n,2,,299.82,3.18,D,0
25.18308,84.10284,,341.29,0.39,0.36,2025-12-05,729,N20,VIIRS,n,2,,299.74,3.62,D,0
25.30234,83.86739,,331.77,0.39,0.36,2025-12-05,729,N20,VIIRS,n,2,,300.24,1.99,D,0
25.5248,84.48731,,330.34,0.38,0.36,2025-12-05,729,N20,VIIRS,n,2,,300.18,1.57,D,0
25.91493,78.13423,,354.78,0.44,0.46,2025-12-05,730,N20,VIIRS,n,2,,305.2,8.83,D,0
26.49616,87.55067,,328.12,0.45,0.39,2025-12-05,730,N20,VIIRS,n,2,,299.43,1.41,D,0
27.10025,84.58994,,331.42,0.38,0.36,2025-12-05,730,N20,VIIRS,n,2,,299.07,1.75,D,0
28.51353,80.1105,,326.09,0.47,0.4,2025-12-05,730,N20,VIIRS,n,2,,297.24,2.07,D,0
30.33702,71.71576,,367,0.42,0.61,2025-12-05,731,N20,VIIRS,h,2,,295.34,5.48,D,0
22.66948,72.24092,,331.41,0.53,0.67,2025-12-05,910,N20,VIIRS,n,2,,298.7,2.44,D,0
25.31133,83.01297,,306.42,0.46,0.39,2025-12-05,1956,N20,VIIRS,n,2,,289.13,0.99,N,2
21.07336,85.05154,,297.11,0.38,0.36,2025-12-05,1957,N20,VIIRS,n,2,,273.19,0.47,N,0
21.96775,85.31371,,306.74,0.38,0.36,2025-12-05,1957,N20,VIIRS,n,2,,284.34,1.14,N,2
22.36661,87.3035,,299.8,0.4,0.37,2025-12-05,1957,N20,VIIRS,n,2,,289.28,1.46,N,2
23.66895,84.99512,,302.49,0.39,0.36,2025-12-05,1957,N20,VIIRS,n,2,,282.07,0.79,N,2
23.77291,86.20643,,295.63,0.38,0.36,2025-12-05,1957,N20,VIIRS,n,2,,284.56,1.01,N,2
24.20563,82.71517,,297.59,0.46,0.39,2025-12-05,1957,N20,VIIRS,n,2,,285.34,1.09,N,2
15.68554,75.18535,,323.57,0.34,0.56,2025-12-05,1959,N20,VIIRS,n,2,,287.61,1.66,N,0
21.10516,72.64484,,326.32,0.58,0.69,2025-12-05,2138,N20,VIIRS,n,2,,294.26,3.37,N,2
16.915,81.92786,,326.83,0.38,0.58,2025-12-06,708,N20,VIIRS,n,2,,285.96,3.69,D,0
20.78943,81.76899,,348.35,0.32,0.55,2025-12-06,709,N20,VIIRS,n,2,,300.33,2.89,D,0
21.04332,82.23657,,344.22,0.6,0.53,2025-12-06,710,N20,VIIRS,n,2,,302.11,8.17,D,0
21.34687,82.18977,,328.97,0.59,0.53,2025-12-06,710,N20,VIIRS,n,2,,298.5,2.96,D,0
21.69148,81.18492,,326.34,0.34,0.56,2025-12-06,710,N20,VIIRS,n,2,,300.21,1.71,D,0
21.90787,81.79745,,338.22,0.61,0.54,2025-12-06,710,N20,VIIRS,n,2,,300.34,6.38,D,0
22.37874,87.27973,,333.32,0.44,0.39,2025-12-06,710,N20,VIIRS,l,2,,305.29,3.89,D,2
23.28956,88.14505,,335.01,0.41,0.37,2025-12-06,710,N20,VIIRS,n,2,,300.76,3.47,D,0
24.02162,87.61499,,332.52,0.42,0.37,2025-12-06,710,N20,VIIRS,n,2,,299.74,2.02,D,0
24.95387,83.77628,,339.98,0.4,0.45,2025-12-06,711,N20,VIIRS,n,2,,299.77,2.78,D,0
25.13964,81.73717,,333.03,0.53,0.5,2025-12-06,711,N20,VIIRS,n,2,,297.68,2.87,D,0
25.26289,83.93916,,332.42,0.39,0.44,2025-12-06,711,N20,VIIRS,n,2,,300.23,2.93,D,0
25.72543,78.05118,,327.28,0.44,0.62,2025-12-06,711,N20,VIIRS,n,2,,298.37,1.44,D,0
26.64972,85.04649,,331.34,0.49,0.4,2025-12-06,711,N20,VIIRS,n,2,,300.74,2.63,D,0
28.25348,78.71288,,339.3,0.35,0.57,2025-12-06,712,N20,VIIRS,n,2,,296.11,3.22,D,0
16.74869,76.57894,,330.42,0.43,0.62,2025-12-06,849,N20,VIIRS,n,2,,294,3.48,D,0
31.76008,71.05023,,341.54,0.57,0.52,2025-12-06,853,N20,VIIRS,n,2,,297.72,11.92,D,0
22.36623,87.01913,,310.62,0.46,0.39,2025-12-06,1938,N20,VIIRS,n,2,,289.78,1.78,N,2
23.68679,86.38948,,315.57,0.51,0.41,2025-12-06,1938,N20,VIIRS,n,2,,288.46,2.22,N,2
23.79491,86.23431,,298.14,0.52,0.41,2025-12-06,1938,N20,VIIRS,n,2,,287.29,0.86,N,2
21.0796,85.03159,,302.18,0.56,0.43,2025-12-06,1939,N20,VIIRS,n,2,,289.27,2.59,N,2
29.90165,78.95013,,297.39,0.45,0.63,2025-12-06,2117,N20,VIIRS,n,2,,278.98,0.82,N,0
22.1579,70.3217,309.5,,1.4,1.2,2025-12-02,454,Terra,MODIS,57,61.03,297.2,,8,D,0
30.3825,71.0985,311.8,,1,1,2025-12-02,959,Aqua,MODIS,71,61.03,293.8,,9.7,D,0
21.9186,83.3496,308.9,,1.1,1.1,2025-12-03,355,Terra,MODIS,63,61.03,296,,7.4,D,2
23.7608,86.4012,317.1,,1,1,2025-12-03,857,Aqua,MODIS,59,61.03,302.5,,9.9,D,2
26.6431,83.8112,306.4,,1.2,1.1,2025-12-03,858,Aqua,MODIS,52,61.03,295.8,,5,D,0
16.4634,80.8505,314.6,,1,1,2025-12-04,933,Aqua,MODIS,42,61.03,296.9,,6.3,D,0
21.5802,83.1437,309.2,,1.6,1.2,2025-12-04,935,Aqua,MODIS,61,61.03,298.2,,9,D,0
25.499,81.0565,314,,1.3,1.1,2025-12-04,936,Aqua,MODIS,71,61.03,296.6,,14.9,D,0
27.7257,79.1969,303.4,,1.1,1.1,2025-12-04,936,Aqua,MODIS,51,61.03,292.7,,4.7,D,0
22.5751,85.8971,308.5,,1,1,2025-12-05,335,Terra,MODIS,67,61.03,293.6,,7.4,D,0
32.3628,73.6873,301.4,,2.3,1.5,2025-12-05,1016,Aqua,MODIS,44,61.03,290.2,,14,D,0
17.2708,74.7784,304,,1,1,2025-12-06,416,Terra,MODIS,52,61.03,287.6,,4.7,D,0
20.9769,82.0165,312.2,,1.1,1.1,2025-12-06,913,Aqua,MODIS,68,61.03,293.5,,9,D,0
21.685,83.1784,309.6,,1,1,2025-12-06,913,Aqua,MODIS,62,61.03,298.2,,5.9,D,0
24.9937,86.1344,307.8,,1.2,1.1,2025-12-06,914,Aqua,MODIS,62,61.03,293.5,,7.2,D,0
25.2805,84.1902,315,,1,1,2025-12-06,914,Aqua,MODIS,73,61.03,295.7,,11.5,D,0
26.6964,84.0301,307.9,,1,1,2025-12-06,915,Aqua,MODIS,60,61.03,294.8,,5.6,D,0
17.16692,82.19093,,337.47,0.73,0.76,2025-12-07,650,N20,VIIRS,n,2,,296.71,5.96,D,0
21.38693,82.1813,,334.97,0.6,0.7,2025-12-07,651,N20,VIIRS,n,2,,299.13,2.88,D,0
22.07775,82.32082,,329.07,0.56,0.69,2025-12-07,651,N20,VIIRS,n,2,,300.03,2.01,D,0
23.82776,84.57364,,351.11,0.37,0.58,2025-12-07,651,N20,VIIRS,n,2,,306.62,5.98,D,0
25.19062,83.4337,,339.51,0.41,0.61,2025-12-07,652,N20,VIIRS,n,2,,293.58,3.4,D,0
27.62397,79.80492,,332.25,0.6,0.7,2025-12-07,653,N20,VIIRS,n,2,,295.17,4.6,D,0
15.97854,78.10625,,331.1,0.51,0.49,2025-12-07,830,N20,VIIRS,n,2,,299.94,2.73,D,0
16.49867,77.45351,,332.92,0.47,0.48,2025-12-07,830,N20,VIIRS,n,2,,299.46,3.94,D,0
17.85238,79.92059,,367,0.35,0.57,2025-12-07,830,N20,VIIRS,h,2,,303.74,11.97,D,0
19.15432,81.73444,,327.22,0.49,0.65,2025-12-07,831,N20,VIIRS,n,2,,299.39,1.48,D,0
21.11803,81.84423,,329.96,0.52,0.67,2025-12-07,831,N20,VIIRS,n,2,,299.92,2.79,D,0
21.66958,83.20125,,331.03,0.64,0.72,2025-12-07,831,N20,VIIRS,n,2,,298.03,5.62,D,0
25.21136,83.79977,,336.09,0.76,0.77,2025-12-07,832,N20,VIIRS,n,2,,288.06,6.35,D,0
25.9264,78.13563,,340.77,0.34,0.56,2025-12-07,833,N20,VIIRS,n,2,,302.16,2.97,D,0
28.77794,80.20966,,355.34,0.49,0.65,2025-12-07,833,N20,VIIRS,n,2,,292.32,7.03,D,0
30.23116,70.91064,,328.56,0.45,0.39,2025-12-07,834,N20,VIIRS,n,2,,295.86,3.05,D,0
33.24273,72.76565,,350.37,0.4,0.44,2025-12-07,835,N20,VIIRS,n,2,,292.71,6.79,D,0
23.65087,85.43596,,325.59,0.38,0.58,2025-12-07,1919,N20,VIIRS,n,2,,286.79,2.53,N,2
21.37739,81.67864,,299.41,0.62,0.71,2025-12-07,1920,N20,VIIRS,n,2,,289.14,1.85,N,2
33.91512,71.45732,,295.01,0.39,0.36,2025-12-07,2057,N20,VIIRS,n,2,,279.44,0.52,N,0
32.88942,71.61663,,320.2,0.39,0.36,2025-12-07,2058,N20,VIIRS,n,2,,287.28,2.17,N,2
22.60975,75.68436,,295.08,0.42,0.45,2025-12-07,2100,N20,VIIRS,n,2,,283.33,0.48,N,0
20.9093,71.4582,,310.86,0.42,0.37,2025-12-07,2101,N20,VIIRS,n,2,,292.43,1.83,N,2
23.76058,87.49642,,325.87,0.49,0.65,2025-12-08,633,N20,VIIRS,n,2,,296.73,2.64,D,0
14.66404,75.96779,,330.55,0.38,0.36,2025-12-08,811,N20,VIIRS,l,2,,301.58,3.73,D,0
16.11279,73.66389,,332.56,0.42,0.38,2025-12-08,811,N20,VIIRS,n,2,,304.39,1.33,D,0
16.42747,77.28054,,334.41,0.4,0.37,2025-12-08,811,N20,VIIRS,l,2,,307.12,5,D,0
16.77553,81.90731,,330.5,0.45,0.47,2025-12-08,811,N20,VIIRS,n,2,,297.69,4.14,D,0
17.81233,76.6652,,335.7,0.39,0.37,2025-12-08,812,N20,VIIRS,n,2,,302.88,5.1,D,0
18.71673,79.99108,,343.39,0.55,0.43,2025-12-08,812,N20,VIIRS,n,2,,306.85,8.57,D,0
20.0619,75.28841,,334.78,0.38,0.36,2025-12-08,812,N20,VIIRS,n,2,,305.83,6.24,D,0
21.14757,81.70995,,354.74,0.5,0.49,2025-12-08,812,N20,VIIRS,n,2,,308.56,18.45,D,0
21.43957,82.00426,,340.95,0.53,0.5,2025-12-08,813,N20,VIIRS,n,2,,306.78,10.52,D,0
21.74301,81.71615,,341.61,0.51,0.49,2025-12-08,813,N20,VIIRS,n,2,,305.51,6.41,D,0
21.9671,81.80835,,335.81,0.52,0.5,2025-12-08,813,N20,VIIRS,n,2,,302.57,4.12,D,0
23.04526,71.86402,,350.48,0.42,0.38,2025-12-08,813,N20,VIIRS,n,2,,307.29,6.19,D,0
24.48481,81.31148,,329.51,0.52,0.5,2025-12-08,813,N20,VIIRS,n,2,,299.84,2.4,D,0
23.92707,71.64501,,335.64,0.42,0.38,2025-12-08,814,N20,VIIRS,l,2,,305.65,3.23,D,0
25.31374,83.70766,,348.84,0.38,0.58,2025-12-08,814,N20,VIIRS,n,2,,295.2,4.55,D,0
26.04366,78.16788,,330.78,0.53,0.42,2025-12-08,814,N20,VIIRS,n,2,,303.62,3.45,D,0
28.01429,78.73926,,328.99,0.4,0.44,2025-12-08,814,N20,VIIRS,l,2,,299.1,3.08,D,0
29.44203,78.21297,,326.68,0.39,0.44,2025-12-08,815,N20,VIIRS,n,2,,297,1.73,D,0
31.11729,73.07997,,331.37,0.39,0.36,2025-12-08,815,N20,VIIRS,n,2,,297.69,1.61,D,0
32.70964,70.47836,,329.98,0.39,0.36,2025-12-08,816,N20,VIIRS,n,2,,298.95,2.15,D,0
25.03293,87.36813,,307.48,0.59,0.7,2025-12-08,1900,N20,VIIRS,n,2,,286.76,1.96,N,0
29.88936,79.09755,,295.62,0.43,0.38,2025-12-08,2039,N20,VIIRS,n,2,,280.02,0.63,N,0
23.74075,86.43234,,300.01,0.47,0.64,2025-12-08,2040,N20,VIIRS,n,2,,279.86,0.94,N,2
21.37811,81.63922,,308.26,0.52,0.5,2025-12-08,2041,N20,VIIRS,n,2,,288.29,1.47,N,2
22.57684,85.89452,,307.39,0.46,0.64,2025-12-08,2041,N20,VIIRS,n,2,,282.4,3.34,N,0
21.11018,72.633,,306.59,0.4,0.37,2025-12-08,2042,N20,VIIRS,n,2,,295.22,0.83,N,2
18.6818,73.03825,,306.13,0.39,0.36,2025-12-08,2043,N20,VIIRS,n,2,,293.99,1.08,N,2
15.55709,78.13882,,335.46,0.44,0.38,2025-12-09,752,N20,VIIRS,n,2,,304.46,2.77,D,0
16.03889,75.23475,,343.96,0.4,0.45,2025-12-09,752,N20,VIIRS,n,2,,308.52,10.77,D,0
16.25626,77.16917,,338.96,0.47,0.4,2025-12-09,752,N20,VIIRS,n,2,,308.21,9.45,D,0
16.40339,80.7466,,335.14,0.38,0.36,2025-12-09,752,N20,VIIRS,n,2,,300.91,3.87,D,0
16.68384,81.72303,,330.33,0.4,0.37,2025-12-09,752,N20,VIIRS,l,2,,302.65,3.97,D,0
17.00684,80.11705,,345.11,0.38,0.36,2025-12-09,752,N20,VIIRS,n,2,,306.19,4.22,D,0
16.76035,76.53104,,352.47,0.5,0.41,2025-12-09,753,N20,VIIRS,n,2,,309.18,13.09,D,0
17.6864,77.86081,,338.58,0.43,0.38,2025-12-09,753,N20,VIIRS,n,2,,303.52,0.26,D,0
18.19237,79.47673,,337.52,0.39,0.36,2025-12-09,753,N20,VIIRS,n,2,,305.04,3.4,D,0
18.55892,79.40897,,336.21,0.39,0.36,2025-12-09,753,N20,VIIRS,n,2,,303.42,4.76,D,0
18.80092,78.7021,,332.76,0.4,0.37,2025-12-09,753,N20,VIIRS,n,2,,304.36,2.24,D,0
19.54015,74.62238,,330.65,0.39,0.44,2025-12-09,753,N20,VIIRS,n,2,,305.16,1.72,D,0
20.73716,81.47684,,328.44,0.41,0.37,2025-12-09,753,N20,VIIRS,n,2,,303.16,1.93,D,0
20.81986,81.61668,,330.21,0.42,0.37,2025-12-09,754,N20,VIIRS,n,2,,302.68,2.09,D,0
20.95082,82.035,,345.28,0.43,0.38,2025-12-09,754,N20,VIIRS,n,2,,304.68,5.19,D,0
21.06026,82.15004,,343.99,0.44,0.38,2025-12-09,754,N20,VIIRS,n,2,,307.96,11.62,D,0
21.14555,82.40891,,333.52,0.45,0.39,2025-12-09,754,N20,VIIRS,n,2,,302.37,6.67,D,0
21.27649,83.91753,,338.01,0.53,0.42,2025-12-09,754,N20,VIIRS,n,2,,302.45,6.57,D,0
21.42036,81.46268,,332.82,0.42,0.37,2025-12-09,754,N20,VIIRS,l,2,,304.97,2.75,D,0
21.60045,77.97077,,334.65,0.4,0.37,2025-12-09,754,N20,VIIRS,n,2,,308.17,2.98,D,0
21.72327,81.7551,,331.46,0.43,0.38,2025-12-09,754,N20,VIIRS,l,2,,303.44,4.03,D,0
21.85991,82.47256,,337.12,0.46,0.39,2025-12-09,754,N20,VIIRS,n,2,,303.26,3.59,D,0
22.15503,81.92827,,335.8,0.44,0.38,2025-12-09,754,N20,VIIRS,n,2,,304.94,5.33,D,0
23.26294,79.83815,,338.87,0.39,0.36,2025-12-09,754,N20,VIIRS,n,2,,302.7,5.39,D,0
24.25167,79.52364,,346.55,0.39,0.36,2025-12-09,755,N20,VIIRS,n,2,,309.81,7.59,D,0
25.0628,83.68327,,331.89,0.57,0.43,2025-12-09,755,N20,VIIRS,n,2,,298.78,6.2,D,0
25.16359,83.69587,,338.84,0.57,0.43,2025-12-09,755,N20,VIIRS,n,2,,298.29,5.24,D,0
25.25858,83.79871,,332.93,0.39,0.44,2025-12-09,755,N20,VIIRS,n,2,,299.43,1.67,D,0
25.47606,68.9455,,335.88,0.33,0.55,2025-12-09,755,N20,VIIRS,n,2,,303.9,2.9,D,0
26.00533,79.83287,,334.09,0.4,0.37,2025-12-09,755,N20,VIIRS,n,2,,302.32,4.97,D,0
27.16039,84.54802,,342.22,0.45,0.47,2025-12-09,755,N20,VIIRS,n,2,,301.74,7.69,D,0
28.34485,69.92464,,336.04,0.5,0.49,2025-12-09,756,N20,VIIRS,n,2,,298.5,4.56,D,0
29.49597,77.38538,,331.44,0.38,0.36,2025-12-09,756,N20,VIIRS,n,2,,297.33,2.27,D,0
30.2048,78.77981,,329.65,0.4,0.37,2025-12-09,756,N20,VIIRS,n,2,,295.23,2.35,D,0
32.37471,72.6843,,325.88,0.46,0.39,2025-12-09,757,N20,VIIRS,l,2,,296.09,5.98,D,0
30.91593,77.95136,,299.08,0.46,0.39,2025-12-09,2020,N20,VIIRS,n,2,,280.47,0.89,N,0
21.77159,84.01943,,305.53,0.56,0.43,2025-12-09,2022,N20,VIIRS,n,2,,289.47,2.3,N,2
22.3658,87.29799,,313.45,0.57,0.52,2025-12-09,2022,N20,VIIRS,n,2,,287.14,2.46,N,2
23.75846,85.86052,,295.53,0.44,0.46,2025-12-09,2022,N20,VIIRS,n,2,,279.12,1.38,N,2
24.16726,82.74416,,295.1,0.45,0.39,2025-12-09,2022,N20,VIIRS,n,2,,283.96,0.56,N,0
20.87227,84.99139,,303.42,0.44,0.46,2025-12-09,2023,N20,VIIRS,n,2,,289.37,1.32,N,2
21.37948,81.67941,,307.27,0.44,0.38,2025-12-09,2023,N20,VIIRS,n,2,,289.65,1.63,N,2
17.79717,75.65877,,296.96,0.43,0.38,2025-12-09,2024,N20,VIIRS,n,2,,283.41,0.32,N,0
15.52851,73.99127,,305.27,0.48,0.4,2025-12-09,2025,N20,VIIRS,n,2,,293.61,0.94,N,2
15.22106,77.93903,,340.21,0.57,0.52,2025-12-10,733,N20,VIIRS,n,2,,302.84,5.41,D,0
15.63882,76.73135,,336.27,0.33,0.56,2025-12-10,734,N20,VIIRS,n,2,,302.87,2.32,D,0
16.41174,80.73478,,343.83,0.54,0.42,2025-12-10,734,N20,VIIRS,n,2,,306.41,18.72,D,0
16.74508,76.61069,,337.28,0.32,0.55,2025-12-10,734,N20,VIIRS,n,2,,305.9,2.18,D,0
17.26141,80.45033,,331.4,0.55,0.42,2025-12-10,734,N20,VIIRS,n,2,,303.57,2.58,D,0
18.33384,76.0202,,337.33,0.33,0.55,2025-12-10,734,N20,VIIRS,n,2,,304.81,1.86,D,0
18.77325,79.57378,,333.66,0.39,0.44,2025-12-10,734,N20,VIIRS,n,2,,304.47,1.85,D,0
18.85379,73.28406,,339.54,0.49,0.65,2025-12-10,735,N20,VIIRS,n,2,,304.57,3.94,D,0
20.70958,81.66241,,330.63,0.43,0.38,2025-12-10,735,N20,VIIRS,l,2,,304.54,2.47,D,0
20.8854,82.57487,,331.97,0.4,0.37,2025-12-10,735,N20,VIIRS,n,2,,302.4,2.16,D,0
21.00965,81.60706,,336.63,0.43,0.38,2025-12-10,735,N20,VIIRS,n,2,,307.74,5.24,D,0
21.1083,80.89215,,339.52,0.46,0.39,2025-12-10,735,N20,VIIRS,n,2,,304.55,3.82,D,0
21.20082,81.86353,,338.45,0.42,0.38,2025-12-10,735,N20,VIIRS,n,2,,307.87,7,D,0
21.29938,82.92487,,332.77,0.39,0.36,2025-12-10,735,N20,VIIRS,n,2,,305.17,1.92,D,0
21.37621,84.00753,,331.97,0.38,0.36,2025-12-10,735,N20,VIIRS,n,2,,303.26,2.84,D,0
21.51283,81.77254,,331.92,0.42,0.38,2025-12-10,735,N20,VIIRS,l,2,,302.92,2.83,D,0
21.63632,81.54063,,339.17,0.43,0.38,2025-12-10,735,N20,VIIRS,n,2,,305.89,4.75,D,0
21.73863,81.75554,,336.87,0.42,0.38,2025-12-10,735,N20,VIIRS,n,2,,304.33,4.9,D,0
21.84697,81.27259,,333.65,0.43,0.38,2025-12-10,735,N20,VIIRS,n,2,,304.89,4.93,D,0
21.94084,82.15255,,330.77,0.41,0.37,2025-12-10,735,N20,VIIRS,n,2,,304.35,2.15,D,0
22.0624,82.93164,,343,0.39,0.36,2025-12-10,735,N20,VIIRS,n,2,,310.13,9.43,D,0
22.52474,86.85283,,331.16,0.45,0.39,2025-12-10,735,N20,VIIRS,n,2,,298.53,1.75,D,0
23.75927,87.43082,,336.88,0.49,0.4,2025-12-10,735,N20,VIIRS,n,2,,302.99,5.78,D,0
24.88295,84.1141,,332.43,0.39,0.36,2025-12-10,736,N20,VIIRS,n,2,,301.09,2.54,D,0
25.03453,87.37011,,333.44,0.5,0.41,2025-12-10,736,N20,VIIRS,n,2,,299.37,5.74,D,0
25.11291,83.83092,,333.63,0.39,0.36,2025-12-10,736,N20,VIIRS,n,2,,298.09,2.2,D,0
25.16927,84.05232,,348.48,0.39,0.36,2025-12-10,736,N20,VIIRS,n,2,,304.29,15.15,D,0
25.22423,83.34744,,339.88,0.38,0.36,2025-12-10,736,N20,VIIRS,n,2,,299.97,5.56,D,0
25.3088,83.84727,,328.91,0.39,0.36,2025-12-10,736,N20,VIIRS,n,2,,297.93,1.24,D,0
25.41858,83.74071,,333.33,0.39,0.36,2025-12-10,736,N20,VIIRS,n,2,,298.26,2.58,D,0
25.94,84.10364,,333.45,0.39,0.36,2025-12-10,736,N20,VIIRS,n,2,,298.03,2.91,D,0
27.49303,82.44413,,330.83,0.38,0.36,2025-12-10,736,N20,VIIRS,n,2,,297.17,1.74,D,0
28.5112,78.2946,,329.3,0.48,0.4,2025-12-10,737,N20,VIIRS,n,2,,297.96,2.26,D,0
30.02222,80.56611,,327.17,0.39,0.36,2025-12-10,737,N20,VIIRS,l,2,,297.68,3.46,D,0
33.17934,72.99184,,332.62,0.5,0.49,2025-12-10,738,N20,VIIRS,n,2,,295.11,3.71,D,0
31.40725,77.36409,,307.4,0.6,0.53,2025-12-10,2001,N20,VIIRS,n,2,,280.03,1.38,N,0
22.2461,87.38788,,301.53,0.47,0.39,2025-12-10,2003,N20,VIIRS,n,2,,287.53,1.07,N,2
23.66593,86.9164,,301.67,0.43,0.38,2025-12-10,2003,N20,VIIRS,n,2,,287.73,0.58,N,2
23.77133,86.1997,,296.89,0.41,0.37,2025-12-10,2003,N20,VIIRS,n,2,,285.98,1.03,N,2
24.18393,82.65829,,299.45,0.4,0.37,2025-12-10,2003,N20,VIIRS,n,2,,284.1,0.82,N,0
20.86408,84.99111,,317.07,0.4,0.37,2025-12-10,2004,N20,VIIRS,n,2,,290.6,1.2,N,2
21.2837,79.14656,,327.25,0.53,0.42,2025-12-10,2004,N20,VIIRS,n,2,,285.83,4.03,N,0
21.92039,83.35267,,320.42,0.39,0.36,2025-12-10,2004,N20,VIIRS,n,2,,293.79,1.34,N,2
17.18212,80.77636,,322.05,0.41,0.37,2025-12-10,2005,N20,VIIRS,n,2,,295.71,1.97,N,0
15.9706,77.33232,,295.84,0.39,0.44,2025-12-10,2006,N20,VIIRS,n,2,,284.73,0.62,N,0
22.42175,69.03938,,299.78,0.4,0.6,2025-12-10,2144,N20,VIIRS,n,2,,289.54,0.57,N,0
16.45722,80.70647,,367,0.36,0.58,2025-12-11,715,N20,VIIRS,h,2,,303.12,10.54,D,0
17.08429,80.71446,,354.09,0.35,0.57,2025-12-11,715,N20,VIIRS,n,2,,304.06,5.01,D,0
18.56431,79.43923,,341.91,0.4,0.6,2025-12-11,715,N20,VIIRS,n,2,,304.04,3.01,D,0
20.49885,85.70404,,331.75,0.46,0.39,2025-12-11,716,N20,VIIRS,n,2,,300.52,2.85,D,0
20.8905,81.9696,,333.1,0.49,0.49,2025-12-11,716,N20,VIIRS,n,2,,299.39,7.85,D,0
21.04088,82.24711,,339.28,0.47,0.48,2025-12-11,716,N20,VIIRS,n,2,,301.06,2.8,D,0
21.16258,82.24065,,338.82,0.47,0.48,2025-12-11,716,N20,VIIRS,n,2,,305.71,4.72,D,0
21.31979,82.91882,,330.67,0.42,0.46,2025-12-11,716,N20,VIIRS,n,2,,303.11,8.07,D,0
21.57862,81.94739,,331.68,0.48,0.48,2025-12-11,716,N20,VIIRS,n,2,,302.19,2.61,D,0
21.72648,81.70432,,335.78,0.5,0.49,2025-12-11,716,N20,VIIRS,n,2,,302.04,4.85,D,0
21.86413,87.2838,,332.14,0.4,0.37,2025-12-11,716,N20,VIIRS,n,2,,300.04,3.82,D,0
21.994,87.436,,341.22,0.4,0.37,2025-12-11,716,N20,VIIRS,n,2,,302.15,2.77,D,0
22.18352,87.04629,,334.52,0.4,0.37,2025-12-11,716,N20,VIIRS,n,2,,302.54,3.69,D,0
22.62537,88.16026,,331.04,0.39,0.36,2025-12-11,716,N20,VIIRS,n,2,,298.51,3.93,D,0
23.6196,87.23573,,333.57,0.39,0.36,2025-12-11,716,N20,VIIRS,n,2,,300.57,3.54,D,0
23.23776,79.83107,,340.4,0.61,0.53,2025-12-11,717,N20,VIIRS,n,2,,304.12,20.59,D,0
25.05437,83.88903,,333.38,0.49,0.4,2025-12-11,717,N20,VIIRS,n,2,,297,3.52,D,0
25.14762,83.82117,,327.89,0.49,0.41,2025-12-11,717,N20,VIIRS,n,2,,297.4,2,D,0
25.24603,83.72034,,332.09,0.5,0.41,2025-12-11,717,N20,VIIRS,n,2,,298.65,4.42,D,0
25.37624,88.62988,,332.1,0.39,0.36,2025-12-11,717,N20,VIIRS,n,2,,299.26,1.7,D,0
26.98249,83.70374,,328.97,0.47,0.4,2025-12-11,717,N20,VIIRS,n,2,,299.64,2.53,D,0
28.94411,77.37319,,338.55,0.32,0.55,2025-12-11,718,N20,VIIRS,n,2,,298.14,2.76,D,0
15.49136,76.58569,,337.84,0.53,0.67,2025-12-11,855,N20,VIIRS,n,2,,303.72,4.88,D,0
18.39021,73.33646,,346.02,0.35,0.57,2025-12-11,856,N20,VIIRS,n,2,,304.39,3.93,D,0
26.3894,68.23539,,339.13,0.42,0.45,2025-12-11,858,N20,VIIRS,n,2,,298.12,7.75,D,0
30.78478,77.70603,,296.21,0.54,0.68,2025-12-11,1942,N20,VIIRS,n,2,,281.24,1.36,N,0
23.68234,86.39742,,303.48,0.43,0.38,2025-12-11,1944,N20,VIIRS,n,2,,289.26,1.71,N,2
23.79316,86.35432,,302.23,0.43,0.38,2025-12-11,1944,N20,VIIRS,n,2,,291.19,1.68,N,2
20.82864,86.96214,,306.58,0.4,0.37,2025-12-11,1945,N20,VIIRS,n,2,,287.65,0.51,N,0
21.69833,84.03005,,298.72,0.53,0.42,2025-12-11,1945,N20,VIIRS,n,2,,286.84,1,N,2
22.21273,84.8645,,301.03,0.48,0.4,2025-12-11,1945,N20,VIIRS,n,2,,287.87,1.4,N,2
19.10302,82.1682,,301.15,0.42,0.45,2025-12-11,1946,N20,VIIRS,n,2,,287.04,1.17,N,2
33.7257,71.30632,,312.1,0.52,0.41,2025-12-11,2122,N20,VIIRS,n,2,,283.12,1.2,N,0
28.71715,76.14328,,325.38,0.41,0.6,2025-12-11,2124,N20,VIIRS,n,2,,281.4,2.86,N,0
25.4048,69.1454,303.2,,1.1,1,2025-12-07,453,Terra,MODIS,41,61.03,291.9,,4.7,D,0
16.6175,76.5204,315.9,,1,1,2025-12-07,950,Aqua,MODIS,67,61.03,299.5,,7.8,D,0
28.4397,71.7306,318.3,,1,1,2025-12-07,954,Aqua,MODIS,71,61.03,298.4,,12.2,D,0
16.5172,75.4203,308.3,,1.2,1.1,2025-12-07,1546,Terra,MODIS,74,61.03,290.1,,11.3,N,0
21.8713,81.7307,307,,1,1,2025-12-08,355,Terra,MODIS,63,61.03,293.3,,5.5,D,0
23.7318,87.4323,307,,1.1,1,2025-12-08,852,Aqua,MODIS,62,61.03,296.5,,4.3,D,0
29.7531,79.6803,300.4,,2.4,1.5,2025-12-08,854,Aqua,MODIS,34,61.03,289.6,,14.7,D,0
16.4999,80.8268,315.3,,1,1,2025-12-09,929,Aqua,MODIS,68,61.03,301.4,,7.8,D,0
20.7909,81.1817,321,,1,1,2025-12-09,930,Aqua,MODIS,77,61.03,301.2,,14.6,D,0
21.1987,82.5069,333.9,,1.2,1.1,2025-12-09,930,Aqua,MODIS,87,61.03,300.6,,36.9,D,0
21.8613,82.2736,314.5,,1.2,1.1,2025-12-09,930,Aqua,MODIS,67,61.03,300.7,,10.3,D,0
25.3477,83.4444,307.6,,1.5,1.2,2025-12-09,931,Aqua,MODIS,39,61.03,295.9,,8.1,D,0
30.4086,78.6055,300.8,,1,1,2025-12-09,933,Aqua,MODIS,38,61.03,290.8,,4.1,D,0
20.8652,84.9898,305,,1,1,2025-12-10,336,Terra,MODIS,38,61.03,294.7,,4.2,D,0
34.2017,74.1758,302.3,,2.1,1.4,2025-12-10,1012,Aqua,MODIS,51,61.03,278.3,,23.3,D,0
19.2023,75.8203,311.5,,1,1,2025-12-11,415,Terra,MODIS,67,61.03,296.9,,8,D,0
12.7172,77.8825,305.7,,1.4,1.2,2025-12-11,417,Terra,MODIS,53,61.03,294,,5.5,D,2
21.2081,82.0839,325,,1.3,1.1,2025-12-11,909,Aqua,MODIS,81,61.03,300.9,,23.8,D,0
22.003,83.1012,313.6,,1.1,1,2025-12-11,909,Aqua,MODIS,68,61.03,299.8,,9,D,2
25.0928,83.8575,315.2,,1,1,2025-12-11,910,Aqua,MODIS,64,61.03,295.5,,9.7,D,0
25.2729,83.3964,308.7,,1,1,2025-12-11,910,Aqua,MODIS,41,61.03,295,,5.6,D,0
28.1605,77.7063,305.8,,1.8,1.3,2025-12-11,911,Aqua,MODIS,56,61.03,295.3,,10.2,D,0
20.25864,81.84473,,334.35,0.52,0.67,2025-12-12,657,N20,VIIRS,n,2,,299.11,4.46,D,0
20.83722,83.66759,,336.56,0.39,0.59,2025-12-12,657,N20,VIIRS,n,2,,298.68,2.97,D,0
21.02557,82.2971,,329.59,0.47,0.64,2025-12-12,657,N20,VIIRS,n,2,,299,3.64,D,0
21.21752,82.71234,,339.24,0.44,0.62,2025-12-12,657,N20,VIIRS,n,2,,300.17,3.51,D,0
21.65832,83.29526,,327.35,0.4,0.6,2025-12-12,657,N20,VIIRS,l,2,,301.57,4.27,D,0
21.94285,87.34949,,328.97,0.43,0.46,2025-12-12,657,N20,VIIRS,n,2,,298.41,6.75,D,0
22.56369,87.43494,,334.94,0.42,0.45,2025-12-12,657,N20,VIIRS,n,2,,299.53,3.26,D,0
24.71992,84.13692,,326.38,0.6,0.53,2025-12-12,658,N20,VIIRS,n,2,,296.46,4.19,D,0
25.61764,83.93072,,327.04,0.6,0.53,2025-12-12,658,N20,VIIRS,n,2,,295.79,2.08,D,0
14.10745,77.79985,,331.69,0.59,0.52,2025-12-12,836,N20,VIIRS,l,2,,303.34,5.37,D,0
16.17708,80.67046,,338.65,0.48,0.65,2025-12-12,836,N20,VIIRS,n,2,,301.63,2.57,D,0
16.91112,80.48955,,335.04,0.48,0.65,2025-12-12,837,N20,VIIRS,n,2,,301.17,2.79,D,0
18.53844,79.24203,,342,0.42,0.61,2025-12-12,837,N20,VIIRS,n,2,,304.24,3.84,D,0
20.82083,81.86344,,334.23,0.66,0.73,2025-12-12,838,N20,VIIRS,n,2,,301.07,17.2,D,0
21.06962,82.03516,,353.13,0.68,0.74,2025-12-12,838,N20,VIIRS,n,2,,299.49,10.05,D,0
22.54978,76.05317,,343.53,0.58,0.52,2025-12-12,838,N20,VIIRS,n,2,,302.64,11.2,D,0
28.6489,77.88697,,331.79,0.44,0.62,2025-12-12,840,N20,VIIRS,n,2,,294.72,2.42,D,0
23.68723,86.38972,,316.3,0.52,0.5,2025-12-12,1925,N20,VIIRS,n,2,,289.32,2.83,N,2
25.31378,83.0116,,300.1,0.44,0.62,2025-12-12,1925,N20,VIIRS,n,2,,288.25,0.78,N,0
21.67847,84.03771,,310.03,0.34,0.56,2025-12-12,1926,N20,VIIRS,n,2,,289.12,1.01,N,2
22.31527,82.52514,,320.77,0.44,0.62,2025-12-12,1926,N20,VIIRS,n,2,,289.31,3.7,N,2
31.37023,77.61675,,313.11,0.46,0.47,2025-12-12,2104,N20,VIIRS,n,2,,274.28,3.54,N,0
19.50195,73.59582,,303.86,0.44,0.46,2025-12-12,2107,N20,VIIRS,n,2,,289.75,1.42,N,0
18.56541,76.45963,,300.58,0.35,0.57,2025-12-12,2108,N20,VIIRS,n,2,,282.61,1.03,N,0
22.10023,87.30556,,346.39,0.43,0.62,2025-12-13,638,N20,VIIRS,n,2,,296.51,4.55,D,0
23.89126,87.50191,,338.08,0.38,0.59,2025-12-13,639,N20,VIIRS,n,2,,296.82,3.47,D,0
13.07742,76.89306,,332.51,0.41,0.37,2025-12-13,817,N20,VIIRS,n,2,,304.39,2.14,D,0
15.34084,76.97739,,347.26,0.43,0.38,2025-12-13,817,N20,VIIRS,n,2,,307.7,6.3,D,0
16.13403,80.66301,,330.9,0.47,0.47,2025-12-13,818,N20,VIIRS,n,2,,302.92,1.32,D,0
16.58497,76.70922,,348.39,0.43,0.38,2025-12-13,818,N20,VIIRS,n,2,,309.41,9.71,D,0
17.3377,76.8558,,333.09,0.44,0.39,2025-12-13,818,N20,VIIRS,n,2,,304.21,1.76,D,0
18.28433,79.94025,,343.8,0.45,0.47,2025-12-13,818,N20,VIIRS,n,2,,305.72,4.48,D,0
18.97798,79.17056,,334.14,0.41,0.45,2025-12-13,818,N20,VIIRS,n,2,,304.89,2.23,D,0
20.08307,80.63561,,340.06,0.52,0.5,2025-12-13,819,N20,VIIRS,n,2,,302.59,5.63,D,0
20.83386,81.87304,,352.51,0.32,0.55,2025-12-13,819,N20,VIIRS,n,2,,305.35,3.91,D,0
20.89149,81.99487,,333.54,0.33,0.55,2025-12-13,819,N20,VIIRS,n,2,,301.43,5.74,D,0
21.06765,82.06863,,367,0.33,0.56,2025-12-13,819,N20,VIIRS,h,2,,302.07,7.25,D,0
21.17495,81.99596,,341.65,0.33,0.55,2025-12-13,819,N20,VIIRS,n,2,,300.05,3.8,D,0
21.25949,82.27114,,349.85,0.35,0.56,2025-12-13,819,N20,VIIRS,n,2,,308.2,10.7,D,0
21.51524,81.74413,,343.32,0.32,0.55,2025-12-13,819,N20,VIIRS,n,2,,305.71,3.49,D,0
21.83578,82.34792,,345.52,0.36,0.57,2025-12-13,819,N20,VIIRS,n,2,,299.78,6.07,D,0
22.19204,82.18636,,335.3,0.35,0.57,2025-12-13,819,N20,VIIRS,n,2,,301.55,4.58,D,0
24.7417,69.16748,,332.51,0.44,0.39,2025-12-13,820,N20,VIIRS,n,2,,301.47,3.31,D,0
25.32857,83.81519,,351.78,0.48,0.65,2025-12-13,820,N20,VIIRS,n,2,,293.78,6.17,D,0
27.1351,79.10397,,328.75,0.51,0.5,2025-12-13,821,N20,VIIRS,n,2,,295.16,2.23,D,0
33.36488,70.83115,,351.31,0.39,0.36,2025-12-13,823,N20,VIIRS,n,2,,281.36,21.19,D,0
21.75625,84.01672,,302.76,0.7,0.75,2025-12-13,1907,N20,VIIRS,n,2,,287.74,2.48,N,0
23.74562,85.50122,,297.34,0.59,0.7,2025-12-13,1907,N20,VIIRS,n,2,,284.19,0.87,N,2
22.37783,87.27711,,317.05,0.71,0.75,2025-12-13,2047,N20,VIIRS,n,2,,290.3,3.6,N,2
24.48511,77.14735,,307.78,0.48,0.4,2025-12-13,2047,N20,VIIRS,n,2,,285.64,1.39,N,0
21.10756,72.64353,,329.06,0.38,0.36,2025-12-13,2048,N20,VIIRS,n,2,,293.62,3.07,N,2
22.01805,82.17905,,302.11,0.35,0.57,2025-12-13,2048,N20,VIIRS,n,2,,287.85,0.84,N,0
17.83189,73.09278,,338.25,0.4,0.37,2025-12-13,2049,N20,VIIRS,n,2,,295.26,2.01,N,0
16.11023,75.741,,301.94,0.53,0.42,2025-12-13,2050,N20,VIIRS,n,2,,284.03,5.32,N,0
13.59912,78.26681,,331.7,0.4,0.37,2025-12-14,758,N20,VIIRS,n,2,,302.56,2.48,D,0
15.53384,75.25562,,333.63,0.5,0.41,2025-12-14,759,N20,VIIRS,l,2,,306.46,3.71,D,0
16.12044,80.42369,,340.57,0.4,0.37,2025-12-14,759,N20,VIIRS,n,2,,306.02,11.34,D,0
16.39874,73.68916,,340.33,0.4,0.44,2025-12-14,759,N20,VIIRS,n,2,,305.82,3.42,D,0
16.82132,81.34077,,336.16,0.43,0.38,2025-12-14,759,N20,VIIRS,n,2,,303.7,5.83,D,0
17.65813,75.0862,,340.22,0.48,0.4,2025-12-14,759,N20,VIIRS,n,2,,306.14,4.69,D,0
18.23622,79.51749,,335.59,0.39,0.36,2025-12-14,759,N20,VIIRS,n,2,,304.5,2.39,D,0
18.44423,75.36808,,333.36,0.45,0.39,2025-12-14,800,N20,VIIRS,l,2,,305.97,5.69,D,0
20.07056,76.08571,,337.48,0.41,0.37,2025-12-14,800,N20,VIIRS,n,2,,307.37,7.85,D,0
20.79189,81.85391,,348.76,0.49,0.41,2025-12-14,800,N20,VIIRS,n,2,,302.64,6.03,D,0
20.94569,81.97046,,336.01,0.5,0.41,2025-12-14,800,N20,VIIRS,n,2,,303.21,4.39,D,0
21.08134,82.09364,,346.15,0.51,0.41,2025-12-14,800,N20,VIIRS,n,2,,305.09,14.71,D,0
21.26394,82.31953,,334.42,0.53,0.42,2025-12-14,800,N20,VIIRS,n,2,,300.43,4.2,D,0
21.5234,82.18192,,332.46,0.52,0.42,2025-12-14,800,N20,VIIRS,n,2,,301.85,3.18,D,0
21.75125,82.97597,,341.44,0.39,0.44,2025-12-14,800,N20,VIIRS,n,2,,300.17,5.55,D,0
21.95927,82.03243,,332.69,0.52,0.42,2025-12-14,800,N20,VIIRS,n,2,,300.66,5.57,D,0
22.21466,82.55064,,335.48,0.56,0.43,2025-12-14,800,N20,VIIRS,n,2,,299.99,4.31,D,0
23.11583,78.85919,,331.09,0.4,0.37,2025-12-14,801,N20,VIIRS,l,2,,303.06,3.97,D,0
25.06233,84.00073,,333.44,0.49,0.49,2025-12-14,801,N20,VIIRS,n,2,,293.68,2.47,D,0
25.21548,83.44907,,328.07,0.46,0.47,2025-12-14,801,N20,VIIRS,n,2,,296.68,2.05,D,0
25.40613,83.25343,,335.69,0.45,0.47,2025-12-14,801,N20,VIIRS,n,2,,296.02,3.22,D,0
27.54583,80.45591,,331.68,0.5,0.41,2025-12-14,802,N20,VIIRS,n,2,,297.39,4.81,D,0
29.20173,77.3084,,330.01,0.4,0.37,2025-12-14,802,N20,VIIRS,n,2,,295.28,1.3,D,0
32.53714,73.47065,,331.35,0.39,0.36,2025-12-14,803,N20,VIIRS,n,2,,294.17,5.6,D,0
22.57593,85.47128,,311.34,0.55,0.51,2025-12-14,2028,N20,VIIRS,n,2,,285,1.7,N,0
23.76133,85.86057,,298.82,0.55,0.51,2025-12-14,2028,N20,VIIRS,n,2,,287.22,2.35,N,2
20.76343,85.29379,,308.56,0.58,0.52,2025-12-14,2029,N20,VIIRS,n,2,,289.78,2.31,N,2
21.48874,81.76997,,309.43,0.52,0.41,2025-12-14,2029,N20,VIIRS,n,2,,289.73,1.65,N,2
22.21465,84.86603,,326.28,0.51,0.49,2025-12-14,2029,N20,VIIRS,n,2,,287.71,2.45,N,2
19.10515,82.1676,,302.25,0.4,0.44,2025-12-14,2030,N20,VIIRS,n,2,,288.2,1.03,N,2
16.57171,75.11985,,299.26,0.39,0.36,2025-12-14,2031,N20,VIIRS,n,2,,283.56,0.64,N,0
15.67477,78.59563,,339.71,0.4,0.44,2025-12-15,740,N20,VIIRS,n,2,,302.97,3.89,D,0
16.3532,80.66271,,332.27,0.45,0.39,2025-12-15,740,N20,VIIRS,l,2,,303.7,3.47,D,0
17.15229,80.00393,,337.45,0.48,0.4,2025-12-15,740,N20,VIIRS,n,2,,302.24,1.95,D,0
18.70034,83.46049,,335.14,0.38,0.36,2025-12-15,740,N20,VIIRS,n,2,,305.39,3.86,D,0
19.75085,82.88641,,332.63,0.38,0.36,2025-12-15,741,N20,VIIRS,n,2,,301.24,2.79,D,0
20.75798,81.79456,,334.47,0.39,0.36,2025-12-15,741,N20,VIIRS,n,2,,303.98,14.01,D,0
20.87168,81.99847,,339.59,0.39,0.36,2025-12-15,741,N20,VIIRS,n,2,,303.69,9.63,D,0
20.97529,82.53815,,330.74,0.38,0.36,2025-12-15,741,N20,VIIRS,n,2,,300.06,1.28,D,0
21.13622,82.06062,,333.86,0.39,0.36,2025-12-15,741,N20,VIIRS,n,2,,302.8,2.04,D,0
21.26838,82.83682,,335.41,0.38,0.36,2025-12-15,741,N20,VIIRS,n,2,,301.65,5.73,D,0
21.409,83.02793,,329.9,0.39,0.36,2025-12-15,741,N20,VIIRS,n,2,,299.24,2.05,D,0
21.65949,83.34347,,355.17,0.39,0.36,2025-12-15,741,N20,VIIRS,n,2,,305.71,22.78,D,0
21.81062,83.19483,,338.01,0.39,0.36,2025-12-15,741,N20,VIIRS,n,2,,301.41,7.54,D,0
21.9479,82.2565,,354.95,0.38,0.36,2025-12-15,741,N20,VIIRS,n,2,,305.42,11.33,D,0
22.21955,87.25227,,328.28,0.56,0.43,2025-12-15,741,N20,VIIRS,l,2,,298.81,3.18,D,0
21.51476,71.52602,,334.14,0.44,0.62,2025-12-15,742,N20,VIIRS,n,2,,303.95,2.59,D,0
23.60127,88.06081,,334.76,0.43,0.46,2025-12-15,742,N20,VIIRS,n,2,,300.69,3.09,D,0
25.00587,81.67376,,333.07,0.38,0.36,2025-12-15,742,N20,VIIRS,n,2,,297.95,3.43,D,0
25.12296,83.23304,,330.47,0.4,0.37,2025-12-15,742,N20,VIIRS,n,2,,297.63,1.45,D,0
25.20038,83.98959,,335.42,0.42,0.38,2025-12-15,742,N20,VIIRS,n,2,,299.14,2.77,D,0
25.29137,83.40589,,328.57,0.41,0.37,2025-12-15,742,N20,VIIRS,n,2,,297.65,4.03,D,0
25.36818,83.30264,,343.55,0.41,0.37,2025-12-15,742,N20,VIIRS,n,2,,298.29,8.6,D,0
26.05054,79.56422,,356.41,0.4,0.37,2025-12-15,743,N20,VIIRS,l,2,,298.94,3.78,D,0
27.946,80.49306,,332.47,0.38,0.36,2025-12-15,743,N20,VIIRS,n,2,,298.55,5.35,D,0
29.38473,79.96419,,329.06,0.39,0.36,2025-12-15,743,N20,VIIRS,n,2,,294.17,4.02,D,0
30.31169,76.84451,,332.39,0.45,0.39,2025-12-15,744,N20,VIIRS,n,2,,297.69,6.04,D,0
28.58265,70.36845,,347.98,0.73,0.76,2025-12-15,924,N20,VIIRS,n,2,,293.71,9.11,D,0
30.63149,78.195,,306.01,0.42,0.45,2025-12-15,2008,N20,VIIRS,n,2,,284.37,0.97,N,0
23.61449,86.79169,,300.89,0.5,0.41,2025-12-15,2009,N20,VIIRS,n,2,,288.9,0.76,N,2
23.76874,86.01173,,297.61,0.46,0.39,2025-12-15,2009,N20,VIIRS,n,2,,285.81,0.57,N,2
26.258,74.09316,,301.41,0.33,0.55,2025-12-15,2009,N20,VIIRS,n,2,,288.22,0.8,N,0
21.24154,81.76736,,300,0.38,0.36,2025-12-15,2010,N20,VIIRS,n,2,,286.34,0.22,N,0
21.93112,85.22218,,306.95,0.44,0.39,2025-12-15,2010,N20,VIIRS,n,2,,286.52,1.51,N,2
22.37053,87.3007,,303.36,0.55,0.43,2025-12-15,2010,N20,VIIRS,n,2,,289.64,1.24,N,2
19.09556,82.17116,,304.79,0.39,0.36,2025-12-15,2011,N20,VIIRS,n,2,,288.07,1.99,N,2
12.75383,76.83159,,310.05,0.46,0.39,2025-12-15,2013,N20,VIIRS,n,2,,285.62,1.19,N,0
16.48836,80.72257,,345.58,0.57,0.52,2025-12-16,721,N20,VIIRS,n,2,,303.84,6.13,D,0
18.39079,79.28232,,331.66,0.32,0.55,2025-12-16,722,N20,VIIRS,l,2,,303.31,2.05,D,0
19.67812,82.72844,,331.11,0.56,0.43,2025-12-16,722,N20,VIIRS,n,2,,300.51,2.55,D,0
20.8176,81.79871,,334.65,0.41,0.45,2025-12-16,722,N20,VIIRS,n,2,,301.92,1.5,D,0
20.99451,81.9389,,329.5,0.4,0.44,2025-12-16,722,N20,VIIRS,n,2,,301.91,3.2,D,0
21.15946,81.98553,,343.16,0.39,0.44,2025-12-16,722,N20,VIIRS,n,2,,305.76,12.38,D,0
21.27777,82.47442,,332.25,0.55,0.43,2025-12-16,722,N20,VIIRS,n,2,,300.54,3.44,D,0
21.51978,83.49571,,331.46,0.48,0.4,2025-12-16,722,N20,VIIRS,n,2,,299.83,2.24,D,0
21.78609,83.29917,,333.02,0.49,0.4,2025-12-16,722,N20,VIIRS,n,2,,301.21,5.22,D,0
21.90661,87.5074,,334.47,0.38,0.36,2025-12-16,722,N20,VIIRS,n,2,,299.57,2.38,D,0
22.19964,87.06119,,334.71,0.38,0.36,2025-12-16,722,N20,VIIRS,n,2,,300.86,2.55,D,0
21.94482,82.51756,,334.12,0.53,0.42,2025-12-16,723,N20,VIIRS,n,2,,300.91,4.96,D,0
23.07663,87.52142,,332.74,0.39,0.36,2025-12-16,723,N20,VIIRS,n,2,,299.57,8.52,D,0
23.68225,87.46254,,332.22,0.39,0.36,2025-12-16,723,N20,VIIRS,n,2,,300.84,3.69,D,0
24.87367,84.42338,,331.03,0.41,0.37,2025-12-16,723,N20,VIIRS,n,2,,297.63,1.69,D,0
25.09164,83.93997,,332.05,0.42,0.38,2025-12-16,723,N20,VIIRS,n,2,,296.19,5.05,D,0
25.18815,84.00957,,340.16,0.42,0.38,2025-12-16,723,N20,VIIRS,n,2,,298.46,5.84,D,0
25.30717,83.37168,,328.16,0.44,0.38,2025-12-16,723,N20,VIIRS,n,2,,296.4,1.87,D,0
25.64881,83.71364,,329.36,0.42,0.38,2025-12-16,724,N20,VIIRS,n,2,,298.23,2.4,D,0
28.95696,77.89895,,337.89,0.49,0.48,2025-12-16,725,N20,VIIRS,n,2,,296.27,7.05,D,0
32.30706,72.22574,,330.93,0.44,0.62,2025-12-16,726,N20,VIIRS,n,2,,292.14,2.26,D,0
21.10152,72.63975,,341.77,0.43,0.62,2025-12-16,903,N20,VIIRS,n,2,,304.03,5.41,D,2
29.74896,79.70899,,300.71,0.32,0.55,2025-12-16,1949,N20,VIIRS,n,2,,281.86,0.88,N,0
26.646,79.47795,,299.86,0.61,0.53,2025-12-16,1950,N20,VIIRS,n,2,,283.76,1.06,N,2
21.34684,81.66274,,301.65,0.38,0.44,2025-12-16,1951,N20,VIIRS,n,2,,287.32,0.99,N,2
22.04472,83.72556,,308.07,0.46,0.39,2025-12-16,1951,N20,VIIRS,n,2,,286.4,5.74,N,2
23.55425,86.54053,,302.13,0.39,0.36,2025-12-16,1951,N20,VIIRS,n,2,,288.16,0.86,N,0
23.71877,86.44065,,309.54,0.39,0.36,2025-12-16,1951,N20,VIIRS,n,2,,291.17,1.68,N,2
24.01291,80.52711,,295.42,0.49,0.48,2025-12-16,1951,N20,VIIRS,n,2,,284.62,0.86,N,2
15.91503,77.3625,,298.6,0.61,0.54,2025-12-16,1953,N20,VIIRS,n,2,,287.67,0.98,N,2
32.88887,71.61364,,302.88,0.45,0.47,2025-12-16,2129,N20,VIIRS,n,2,,286.04,1.05,N,2
22.0337,83.7337,301.9,,2.4,1.5,2025-12-12,316,Terra,MODIS,40,61.03,290.5,,13.4,D,2
16.2709,80.8584,314.2,,1.4,1.2,2025-12-12,946,Aqua,MODIS,65,61.03,302.5,,10.7,D,0
20.9746,82.2256,308,,2.1,1.4,2025-12-12,947,Aqua,MODIS,56,61.03,297.8,,14.2,D,0
31.4604,72.4816,308.7,,1,1,2025-12-12,950,Aqua,MODIS,68,61.03,286.7,,8.7,D,0
20.9618,85.1741,307.6,,1.5,1.2,2025-12-13,355,Terra,MODIS,47,61.03,295.4,,9.6,D,2
20.8712,81.9351,325.5,,3.3,1.7,2025-12-13,847,Aqua,MODIS,36,61.03,300.2,,83.6,D,0
17.9993,74.4733,311.2,,1.5,1.2,2025-12-14,435,Terra,MODIS,65,61.03,295.5,,13.3,D,0
18.2896,79.9419,333.4,,1.1,1,2025-12-14,925,Aqua,MODIS,87,61.03,301.2,,31.8,D,0
20.979,80.8253,308.9,,1,1,2025-12-14,926,Aqua,MODIS,56,61.03,298.9,,4.6,D,0
21.4485,81.3649,319.8,,1,1,2025-12-14,926,Aqua,MODIS,76,61.03,299.7,,13.1,D,0
22.1384,82.1952,310.7,,1,1,2025-12-14,926,Aqua,MODIS,61,61.03,297.7,,5.9,D,0
25.2175,83.7607,312.6,,1.3,1.1,2025-12-14,927,Aqua,MODIS,69,61.03,295.1,,11.5,D,0
28.3673,79.5622,308.5,,1,1,2025-12-14,928,Aqua,MODIS,67,61.03,292.2,,7.4,D,0
23.6487,85.4406,300.8,,1,1,2025-12-15,335,Terra,MODIS,42,61.03,290.3,,4.4,D,0
27.9593,75.5771,315.1,,1.8,1.3,2025-12-15,1006,Aqua,MODIS,72,61.03,297.5,,23.6,D,0
18.0346,75.3705,302.1,,1.2,1.1,2025-12-15,1606,Terra,MODIS,47,61.03,286.9,,8,N,0
15.9614,75.3336,310.3,,1,1,2025-12-16,416,Terra,MODIS,63,61.03,296.5,,6.4,D,0
21.0289,82.0249,314.3,,1.6,1.2,2025-12-16,904,Aqua,MODIS,66,61.03,299.9,,13.7,D,0
21.9974,87.3375,308.8,,1,1,2025-12-16,904,Aqua,MODIS,63,61.03,297.9,,5.2,D,0
25.1744,83.3867,309,,1.1,1.1,2025-12-16,905,Aqua,MODIS,63,61.03,296.3,,6.6,D,0
27.4789,84.3073,309.4,,1,1,2025-12-16,906,Aqua,MODIS,69,61.03,295.1,,7.5,D,0
18.64443,83.96246,,337.46,0.32,0.55,2025-12-17,703,N20,VIIRS,n,2,,301.18,1.31,D,0
20.98534,86.59199,,333.54,0.4,0.44,2025-12-17,703,N20,VIIRS,n,2,,300.86,1.87,D,0
21.00869,82.23005,,330.13,0.38,0.58,2025-12-17,704,N20,VIIRS,n,2,,298.77,2.18,D,0
21.21289,82.79245,,333.76,0.34,0.56,2025-12-17,704,N20,VIIRS,n,2,,301.73,2.65,D,0
21.41414,83.44948,,328.41,0.62,0.54,2025-12-17,704,N20,VIIRS,l,2,,299.85,2.79,D,0
21.72703,83.15503,,341.02,0.32,0.54,2025-12-17,704,N20,VIIRS,n,2,,301.67,6.97,D,0
21.88308,82.63397,,337.07,0.34,0.56,2025-12-17,704,N20,VIIRS,n,2,,302.8,6.69,D,0
22.03543,82.0491,,335.99,0.37,0.58,2025-12-17,704,N20,VIIRS,n,2,,302.18,5.78,D,0
22.76825,86.94458,,328.54,0.54,0.42,2025-12-17,704,N20,VIIRS,n,2,,297.27,3.52,D,0
23.66623,87.51992,,338.43,0.49,0.4,2025-12-17,704,N20,VIIRS,n,2,,298.14,5.03,D,0
25.06194,83.88372,,327.81,0.49,0.49,2025-12-17,705,N20,VIIRS,n,2,,295.19,2.36,D,0
25.29889,83.42994,,353.01,0.52,0.5,2025-12-17,705,N20,VIIRS,n,2,,296.27,9.15,D,0
30.98654,77.95061,,334.21,0.41,0.61,2025-12-17,707,N20,VIIRS,n,2,,293.28,3.33,D,0
16.20804,77.14397,,344.97,0.36,0.57,2025-12-17,843,N20,VIIRS,n,2,,303.28,2.48,D,0
18.40031,74.58631,,340.55,0.52,0.5,2025-12-17,844,N20,VIIRS,n,2,,304.35,4.39,D,0
23.04069,78.60044,,339.73,0.54,0.68,2025-12-17,845,N20,VIIRS,n,2,,301.78,8.35,D,0
30.61508,78.3967,,332.7,0.62,0.71,2025-12-17,847,N20,VIIRS,n,2,,292.21,8.13,D,0
21.98609,83.23161,,307.68,0.62,0.54,2025-12-17,1932,N20,VIIRS,n,2,,290.5,2.58,N,2
22.78943,86.2067,,312.01,0.41,0.45,2025-12-17,1932,N20,VIIRS,n,2,,290.04,1.81,N,2
23.71126,86.44671,,303.4,0.41,0.45,2025-12-17,1932,N20,VIIRS,n,2,,290.12,1.01,N,2
24.45136,83.03677,,303.8,0.34,0.56,2025-12-17,1932,N20,VIIRS,n,2,,287.04,0.72,N,2
21.37895,81.63925,,308.69,0.39,0.59,2025-12-17,1933,N20,VIIRS,n,2,,289.94,2.25,N,2
21.10559,72.64345,,338.19,0.46,0.47,2025-12-17,2113,N20,VIIRS,n,2,,296.43,14.69,N,2
20.88954,84.98449,,328.72,0.51,0.66,2025-12-18,645,N20,VIIRS,n,2,,297.39,6.16,D,2
21.69468,82.55495,,332.19,0.7,0.75,2025-12-18,645,N20,VIIRS,n,2,,298.71,5.08,D,0
21.98459,82.943,,333.57,0.65,0.73,2025-12-18,645,N20,VIIRS,n,2,,296.64,5.87,D,0
23.77686,86.39445,,325.63,0.36,0.57,2025-12-18,645,N20,VIIRS,l,2,,298.41,1.83,D,2
13.88295,76.76686,,339.22,0.48,0.4,2025-12-18,823,N20,VIIRS,n,2,,308.08,5.07,D,0
16.32354,77.78176,,346.69,0.39,0.44,2025-12-18,824,N20,VIIRS,n,2,,310.21,3.66,D,0
17.43311,77.99574,,341.04,0.42,0.45,2025-12-18,824,N20,VIIRS,n,2,,308.12,3.12,D,0
18.36687,79.58986,,337.81,0.54,0.51,2025-12-18,825,N20,VIIRS,n,2,,304.31,2.75,D,0
19.53464,74.83582,,331.71,0.45,0.39,2025-12-18,825,N20,VIIRS,l,2,,305.85,1.39,D,0
20.86581,81.03132,,347.01,0.36,0.57,2025-12-18,825,N20,VIIRS,n,2,,305.12,4.72,D,0
21.16021,82.34921,,340.96,0.44,0.63,2025-12-18,825,N20,VIIRS,n,2,,302.98,5.85,D,0
21.30306,82.16598,,354.94,0.43,0.62,2025-12-18,825,N20,VIIRS,n,2,,304.02,7.05,D,0
21.49953,81.74099,,337.87,0.41,0.61,2025-12-18,825,N20,VIIRS,n,2,,304.27,3.32,D,0
21.84409,82.44445,,336.23,0.46,0.63,2025-12-18,825,N20,VIIRS,n,2,,300.7,13.41,D,0
22.06684,82.52472,,329.42,0.47,0.64,2025-12-18,825,N20,VIIRS,n,2,,299.89,2.59,D,0
25.31728,69.25494,,334.19,0.39,0.36,2025-12-18,827,N20,VIIRS,l,2,,306.11,25.49,D,0
27.91912,69.23836,,326.74,0.39,0.36,2025-12-18,828,N20,VIIRS,n,2,,293.96,1.08,D,0
22.31795,82.5165,,303.48,0.7,0.75,2025-12-18,1913,N20,VIIRS,n,2,,286.88,3.72,N,2
23.72215,86.43889,,303.17,0.41,0.6,2025-12-18,1913,N20,VIIRS,n,2,,289.44,1.4,N,2
21.00209,86.02361,,310.22,0.4,0.6,2025-12-18,1914,N20,VIIRS,n,2,,288.15,1.1,N,2
29.26699,81.45641,,297.61,0.56,0.51,2025-12-18,2052,N20,VIIRS,n,2,,274.37,1.66,N,0
27.66743,76.12767,,300.58,0.46,0.39,2025-12-18,2053,N20,VIIRS,n,2,,276.66,0.67,N,2
21.88495,83.55121,,296.57,0.54,0.68,2025-12-18,2054,N20,VIIRS,n,2,,284.62,0.96,N,0
24.57972,74.80491,,299.15,0.44,0.39,2025-12-18,2054,N20,VIIRS,n,2,,287.24,0.73,N,2
15.17844,76.65835,,307.39,0.52,0.5,2025-12-18,2056,N20,VIIRS,n,2,,286.29,1.9,N,2
13.39916,76.48494,,335.26,0.4,0.37,2025-12-19,804,N20,VIIRS,n,2,,304.62,2.8,D,0
15.881,77.03719,,341.48,0.39,0.36,2025-12-19,805,N20,VIIRS,n,2,,304.77,5.84,D,0
16.59552,76.60223,,334.29,0.39,0.36,2025-12-19,805,N20,VIIRS,n,2,,306.23,2.8,D,0
17.58956,79.7282,,334.63,0.44,0.38,2025-12-19,806,N20,VIIRS,l,2,,305.06,4.84,D,0
18.1125,75.31087,,341.22,0.4,0.37,2025-12-19,806,N20,VIIRS,n,2,,310.48,13.53,D,0
18.60224,79.85537,,339.01,0.45,0.39,2025-12-19,806,N20,VIIRS,n,2,,306.43,3.37,D,0
19.23018,75.75542,,333.6,0.39,0.36,2025-12-19,806,N20,VIIRS,n,2,,307.78,4.71,D,0
20.69664,81.66759,,336.14,0.39,0.44,2025-12-19,806,N20,VIIRS,n,2,,301.25,1.66,D,0
20.98145,80.91323,,341.83,0.54,0.42,2025-12-19,806,N20,VIIRS,n,2,,306.6,4.81,D,0
21.18765,82.28404,,335.03,0.43,0.46,2025-12-19,806,N20,VIIRS,n,2,,303.64,3.3,D,0
21.33109,82.87113,,353.43,0.47,0.48,2025-12-19,806,N20,VIIRS,n,2,,301.9,6.82,D,0
20.40359,73.82892,,340.74,0.43,0.38,2025-12-19,807,N20,VIIRS,n,2,,310.59,2.3,D,0
21.73385,82.64861,,340.06,0.46,0.47,2025-12-19,807,N20,VIIRS,n,2,,300.91,4.72,D,0
21.92242,82.52441,,352.58,0.46,0.47,2025-12-19,807,N20,VIIRS,n,2,,300.7,11.18,D,0
22.88497,77.70283,,332.93,0.41,0.37,2025-12-19,807,N20,VIIRS,n,2,,301.74,5.83,D,0
25.29075,83.70836,,335.78,0.6,0.53,2025-12-19,807,N20,VIIRS,n,2,,290.51,3.53,D,0
26.74637,73.20886,,347.04,0.4,0.37,2025-12-19,808,N20,VIIRS,n,2,,305.17,11.41,D,0
28.56559,77.7071,,330.71,0.46,0.39,2025-12-19,809,N20,VIIRS,n,2,,295.08,2.65,D,0
31.58382,77.96999,,351.53,0.5,0.41,2025-12-19,809,N20,VIIRS,n,2,,307.69,13.14,D,0
29.80329,79.05877,,304.3,0.39,0.36,2025-12-19,2033,N20,VIIRS,n,2,,282.03,0.77,N,0
31.32913,77.78285,,307.91,0.39,0.36,2025-12-19,2033,N20,VIIRS,n,2,,272.49,1.42,N,0
21.18642,81.39072,,304.55,0.41,0.45,2025-12-19,2035,N20,VIIRS,n,2,,290.98,1.08,N,3
22.21419,84.86858,,318.83,0.32,0.55,2025-12-19,2035,N20,VIIRS,n,2,,286.45,2.84,N,2
18.36916,76.84883,,296.06,0.41,0.37,2025-12-19,2036,N20,VIIRS,n,2,,279.25,0.47,N,0
16.57661,73.6981,,295.57,0.39,0.36,2025-12-19,2037,N20,VIIRS,n,2,,280.52,0.37,N,0
13.99925,77.05331,,341.37,0.42,0.45,2025-12-20,746,N20,VIIRS,n,2,,298.57,4.11,D,0
15.8144,75.17662,,335.09,0.52,0.5,2025-12-20,746,N20,VIIRS,n,2,,305.77,4.54,D,0
16.34634,74.93508,,334.11,0.52,0.5,2025-12-20,746,N20,VIIRS,n,2,,302.85,2.35,D,0
16.79057,74.19028,,344.37,0.58,0.52,2025-12-20,747,N20,VIIRS,n,2,,307.45,7.17,D,0
17.97597,79.91048,,333.52,0.41,0.37,2025-12-20,747,N20,VIIRS,l,2,,305.1,7.03,D,0
18.44013,80.04659,,335.22,0.4,0.37,2025-12-20,747,N20,VIIRS,n,2,,303.96,3.85,D,0
18.87324,79.98892,,336.35,0.4,0.37,2025-12-20,747,N20,VIIRS,l,2,,306.45,2.85,D,0
19.69238,82.15472,,341.12,0.39,0.36,2025-12-20,747,N20,VIIRS,n,2,,306.25,4.64,D,0
20.76706,81.21308,,333.04,0.38,0.36,2025-12-20,747,N20,VIIRS,n,2,,302.92,1.79,D,0
19.85875,74.30318,,340.73,0.5,0.49,2025-12-20,748,N20,VIIRS,n,2,,306.94,5.22,D,0
20.98141,80.90071,,345.87,0.38,0.36,2025-12-20,748,N20,VIIRS,n,2,,304.95,4.33,D,0
21.12266,81.93542,,340.58,0.39,0.36,2025-12-20,748,N20,VIIRS,n,2,,303.66,2.99,D,0
21.25371,82.81519,,334.47,0.41,0.37,2025-12-20,748,N20,VIIRS,n,2,,300.05,9.14,D,0
21.40907,82.62675,,346.28,0.4,0.37,2025-12-20,748,N20,VIIRS,n,2,,302.86,4.32,D,0
21.65369,83.29575,,336,0.43,0.38,2025-12-20,748,N20,VIIRS,n,2,,301.53,4.28,D,0
21.76755,76.71104,,332.98,0.5,0.41,2025-12-20,748,N20,VIIRS,n,2,,305.34,2.81,D,0
21.90944,82.43095,,329.88,0.4,0.37,2025-12-20,748,N20,VIIRS,l,2,,301.64,5.15,D,0
22.03927,83.73403,,367,0.45,0.39,2025-12-20,748,N20,VIIRS,h,2,,308.79,8.22,D,2
22.79478,86.20517,,335.44,0.41,0.45,2025-12-20,748,N20,VIIRS,n,2,,295.13,7.95,D,2
25.18668,84.21371,,326.74,0.5,0.41,2025-12-20,749,N20,VIIRS,n,2,,291.87,1.33,D,0
31.04584,77.98293,,330.96,0.38,0.36,2025-12-20,750,N20,VIIRS,n,2,,265.19,2.95,D,0
21.755,84.02192,,300.15,0.46,0.39,2025-12-20,2016,N20,VIIRS,n,2,,289.34,1.45,N,2
22.24659,87.38818,,299.74,0.46,0.47,2025-12-20,2016,N20,VIIRS,n,2,,286.97,0.9,N,2
23.7133,86.42105,,296.45,0.38,0.44,2025-12-20,2016,N20,VIIRS,n,2,,284.58,0.89,N,0
19.01339,77.53516,,298.37,0.43,0.38,2025-12-20,2017,N20,VIIRS,n,2,,281.78,0.63,N,0
21.10375,72.64774,,297.45,0.56,0.51,2025-12-20,2017,N20,VIIRS,n,2,,274.5,2.7,N,2
17.54515,74.21989,,301.39,0.4,0.44,2025-12-20,2018,N20,VIIRS,n,2,,283.91,0.43,N,0
15.16973,76.37862,,300.53,0.44,0.38,2025-12-20,2019,N20,VIIRS,n,2,,282.88,1.1,N,2
14.84205,77.03189,,338.09,0.42,0.61,2025-12-21,727,N20,VIIRS,n,2,,300.09,4.61,D,0
16.15282,78.32691,,338.1,0.32,0.55,2025-12-21,728,N20,VIIRS,n,2,,298.47,1.74,D,0
18.27485,79.96141,,329.52,0.47,0.47,2025-12-21,728,N20,VIIRS,l,2,,300.78,3.35,D,0
19.92274,85.91701,,332.8,0.38,0.36,2025-12-21,728,N20,VIIRS,n,2,,301.51,2.8,D,0
20.77047,81.90654,,335.02,0.49,0.4,2025-12-21,729,N20,VIIRS,n,2,,301.32,3.9,D,0
21.04746,82.0277,,327.94,0.48,0.4,2025-12-21,729,N20,VIIRS,l,2,,302.62,1.47,D,0
21.3023,81.82822,,328.79,0.49,0.4,2025-12-21,729,N20,VIIRS,n,2,,286.51,2.51,D,0
21.51627,83.49714,,332.44,0.42,0.37,2025-12-21,729,N20,VIIRS,n,2,,294.84,2.73,D,0
21.73813,82.90511,,333.38,0.43,0.38,2025-12-21,729,N20,VIIRS,n,2,,295.57,6.56,D,0
21.87621,82.9603,,333.21,0.43,0.38,2025-12-21,729,N20,VIIRS,n,2,,297.99,2.56,D,0
21.96037,82.24027,,327.98,0.46,0.39,2025-12-21,729,N20,VIIRS,l,2,,302.81,2.75,D,0
22.13219,82.22701,,330.84,0.46,0.39,2025-12-21,729,N20,VIIRS,n,2,,300.28,8.79,D,0
23.14703,87.4678,,331.98,0.42,0.38,2025-12-21,729,N20,VIIRS,n,2,,296.16,5.78,D,0
28.3311,80.56355,,326.7,0.45,0.39,2025-12-21,731,N20,VIIRS,n,2,,279.25,2.05,D,0
22.13454,85.38133,,300.3,0.38,0.36,2025-12-21,1957,N20,VIIRS,n,2,,285.19,0.61,N,2
23.55218,87.2413,,298.15,0.4,0.37,2025-12-21,1957,N20,VIIRS,n,2,,288,0.78,N,2
23.7205,86.4479,,301.92,0.39,0.36,2025-12-21,1957,N20,VIIRS,n,2,,291.79,2.01,N,2
23.80846,84.84093,,297.99,0.39,0.36,2025-12-21,1957,N20,VIIRS,n,2,,280,0.7,N,2
20.96749,85.16824,,316.54,0.38,0.36,2025-12-21,1958,N20,VIIRS,n,2,,290.76,1.56,N,2
21.75222,83.97513,,300.01,0.4,0.37,2025-12-21,1958,N20,VIIRS,n,2,,288.48,0.63,N,0
18.16408,74.02924,,319.42,0.43,0.62,2025-12-21,1959,N20,VIIRS,n,2,,282.89,1.6,N,0
18.80607,73.33723,,297.48,0.72,0.75,2025-12-21,2139,N20,VIIRS,n,2,,287.33,0.89,N,0
16.0055,76.7465,314.4,,1.1,1,2025-12-17,941,Aqua,MODIS,53,61.03,303.5,,6.6,D,0
20.9303,81.2762,313,,1.4,1.2,2025-12-17,942,Aqua,MODIS,65,61.03,300,,12,D,0
22.4149,72.4241,313.2,,1.5,1.2,2025-12-17,943,Aqua,MODIS,60,61.03,302.9,,9.1,D,0
14.9629,75.7787,303.7,,1.1,1.1,2025-12-17,1545,Terra,MODIS,56,61.03,290,,7.2,N,0
20.7918,85.262,303.7,,1.3,1.1,2025-12-17,2150,Aqua,MODIS,56,61.03,288.8,,11.7,N,2
21.1787,82.292,320.5,,3.8,1.8,2025-12-18,843,Aqua,MODIS,74,61.03,300.1,,92.6,D,0
21.568,74.2004,308.4,,1.3,1.1,2025-12-19,434,Terra,MODIS,60,61.03,296,,8.1,D,2
20.7877,82.4774,310.6,,1,1,2025-12-19,921,Aqua,MODIS,60,61.03,298.7,,5.7,D,0
21.3029,82.9607,314.5,,1,1,2025-12-19,921,Aqua,MODIS,23,61.03,298.9,,7.6,D,0
21.8394,82.9858,307.5,,1,1,2025-12-19,921,Aqua,MODIS,50,61.03,297.4,,3.9,D,0
24.9676,83.928,305.1,,1.1,1.1,2025-12-19,922,Aqua,MODIS,61,61.03,291.3,,5.7,D,0
25.3194,83.5195,309.4,,1.1,1,2025-12-19,922,Aqua,MODIS,67,61.03,291.1,,8.3,D,0
20.9635,86.0015,303.4,,1,1,2025-12-20,335,Terra,MODIS,37,61.03,293.2,,3.5,D,2
19.0525,76.2276,323.2,,1.2,1.1,2025-12-20,959,Aqua,MODIS,76,61.03,304,,19.2,D,0
20.1358,75.1118,302.5,,1.3,1.1,2025-12-20,1606,Terra,MODIS,49,61.03,282.6,,10.9,N,0
20.4043,77.7437,305.9,,1.1,1,2025-12-21,415,Terra,MODIS,62,61.03,293.9,,5.3,D,0
21.2993,82.84,308.3,,1.7,1.3,2025-12-21,900,Aqua,MODIS,65,61.03,292.3,,13.9,D,0
23.0167,69.358,313.2,,2.1,1.4,2025-12-21,1038,Aqua,MODIS,64,61.03,301.9,,16,D,0
19.50711,77.68365,,330.35,0.63,0.72,2025-12-22,710,N20,VIIRS,n,2,,299.13,3.36,D,0
21.0517,81.34716,,328.16,0.34,0.56,2025-12-22,710,N20,VIIRS,l,2,,299.35,1.58,D,0
21.42409,79.34461,,327.52,0.45,0.63,2025-12-22,710,N20,VIIRS,n,2,,299.71,1.84,D,0
21.82147,83.23567,,328.94,0.5,0.49,2025-12-22,710,N20,VIIRS,n,2,,297.45,2.08,D,0
22.04446,87.30445,,338.52,0.44,0.39,2025-12-22,710,N20,VIIRS,n,2,,299.25,4.14,D,0
23.36271,87.5562,,332.12,0.42,0.38,2025-12-22,710,N20,VIIRS,n,2,,299.47,2.43,D,0
25.24778,84.104,,330.14,0.57,0.43,2025-12-22,711,N20,VIIRS,n,2,,293.44,3.18,D,0
11.93971,76.9333,,336.15,0.39,0.6,2025-12-22,848,N20,VIIRS,n,2,,297.76,2.39,D,0
18.311,76.79889,,339.3,0.46,0.64,2025-12-22,850,N20,VIIRS,n,2,,304.34,3.21,D,0
30.96128,72.85309,,345.15,0.36,0.57,2025-12-22,854,N20,VIIRS,n,2,,290.52,3.61,D,0
23.48372,87.36536,,299.24,0.45,0.39,2025-12-22,1938,N20,VIIRS,n,2,,287.7,1.65,N,2
23.76687,86.37843,,301.2,0.51,0.41,2025-12-22,1938,N20,VIIRS,n,2,,290.54,1.43,N,0
20.96316,86.00495,,299.57,0.49,0.4,2025-12-22,1939,N20,VIIRS,n,2,,288.85,1.15,N,2
21.9261,85.22391,,305.44,0.56,0.43,2025-12-22,1939,N20,VIIRS,n,2,,286.22,2.34,N,2
18.72342,79.53667,,306.31,0.39,0.59,2025-12-22,1940,N20,VIIRS,n,2,,291.43,0.91,N,2
32.29447,70.73166,,304.99,0.44,0.38,2025-12-22,2117,N20,VIIRS,n,2,,285.43,1.14,N,2
22.41524,69.03885,,310.16,0.5,0.41,2025-12-22,2120,N20,VIIRS,n,2,,293,1.25,N,0
21.26117,82.87779,,352.01,0.54,0.68,2025-12-23,651,N20,VIIRS,n,2,,297.76,8.88,D,0
21.95272,82.95561,,336.5,0.51,0.66,2025-12-23,651,N20,VIIRS,n,2,,296.34,3.03,D,0
23.29705,88.14378,,328.96,0.46,0.47,2025-12-23,651,N20,VIIRS,n,2,,298.25,2.34,D,0
25.12917,83.39878,,338.62,0.41,0.61,2025-12-23,652,N20,VIIRS,n,2,,294.59,3.07,D,0
14.12808,77.15625,,335.06,0.42,0.45,2025-12-23,830,N20,VIIRS,n,2,,307.61,2.46,D,0
16.4406,79.41584,,351.87,0.63,0.54,2025-12-23,830,N20,VIIRS,n,2,,302.87,6.23,D,0
18.35786,73.23971,,333.37,0.44,0.38,2025-12-23,831,N20,VIIRS,n,2,,305.95,3.22,D,0
19.68494,75.06266,,333.36,0.55,0.43,2025-12-23,831,N20,VIIRS,n,2,,306.7,2.63,D,0
21.63815,83.34293,,329.71,0.66,0.73,2025-12-23,832,N20,VIIRS,n,2,,295.51,3.38,D,0
23.11317,78.177,,350.87,0.32,0.54,2025-12-23,832,N20,VIIRS,n,2,,302.54,5.6,D,0
28.93289,81.96484,,331.53,0.64,0.72,2025-12-23,834,N20,VIIRS,n,2,,294.26,14.36,D,0
30.86011,78.06171,,325.7,0.38,0.59,2025-12-23,834,N20,VIIRS,l,2,,297.82,3.24,D,0
23.61487,86.78738,,310.23,0.61,0.53,2025-12-23,1919,N20,VIIRS,n,2,,289.35,2.22,N,2
23.79971,86.3138,,300.17,0.33,0.55,2025-12-23,1919,N20,VIIRS,n,2,,288.96,1.82,N,0
21.29995,81.60352,,306.65,0.62,0.71,2025-12-23,1920,N20,VIIRS,n,2,,284.75,1.59,N,2
22.36427,87.01622,,306.66,0.57,0.52,2025-12-23,1920,N20,VIIRS,n,2,,289.79,2.26,N,2
31.67939,73.96769,,296.98,0.4,0.37,2025-12-23,2058,N20,VIIRS,n,2,,282.55,0.43,N,0
22.04319,83.72692,,352.27,0.69,0.74,2025-12-23,2100,N20,VIIRS,n,2,,292.55,14.9,N,2
21.30803,81.63417,,298.55,0.53,0.67,2025-12-23,2101,N20,VIIRS,n,2,,286.8,1.04,N,0
17.60679,73.14338,,315.61,0.54,0.42,2025-12-23,2102,N20,VIIRS,n,2,,287.74,1.66,N,0
10.80772,78.7049,,330.49,0.4,0.37,2025-12-24,810,N20,VIIRS,l,2,,302.93,2.37,D,0
14.4225,74.43616,,344.86,0.41,0.37,2025-12-24,811,N20,VIIRS,n,2,,310.31,4.38,D,0
16.15936,80.70465,,335.17,0.56,0.43,2025-12-24,811,N20,VIIRS,n,2,,301.45,5.78,D,0
16.64297,79.42588,,331.38,0.49,0.4,2025-12-24,812,N20,VIIRS,n,2,,303.15,2.14,D,0
17.85847,79.91942,,345.12,0.53,0.42,2025-12-24,812,N20,VIIRS,n,2,,303.75,8.64,D,0
18.93124,79.24757,,330.75,0.51,0.41,2025-12-24,812,N20,VIIRS,n,2,,304.59,2.5,D,0
20.68313,86.74365,,353.16,0.53,0.67,2025-12-24,813,N20,VIIRS,n,2,,298.03,8.53,D,0
21.08209,81.47793,,338.85,0.48,0.48,2025-12-24,813,N20,VIIRS,n,2,,301.69,3.99,D,0
21.36507,83.02771,,329.48,0.61,0.54,2025-12-24,813,N20,VIIRS,n,2,,299.51,4.07,D,0
21.62491,83.02925,,349.13,0.62,0.54,2025-12-24,813,N20,VIIRS,n,2,,301.51,10.36,D,0
21.82352,82.69199,,342.31,0.59,0.53,2025-12-24,813,N20,VIIRS,n,2,,300.89,7.07,D,0
21.92021,82.50104,,353.87,0.58,0.52,2025-12-24,813,N20,VIIRS,n,2,,299.7,28.97,D,0
23.0733,87.71886,,326.75,0.64,0.72,2025-12-24,813,N20,VIIRS,n,2,,293.63,4.99,D,0
25.36992,84.15571,,354.11,0.4,0.6,2025-12-24,814,N20,VIIRS,n,2,,293.79,4.66,D,0
27.22997,75.77663,,330.17,0.43,0.38,2025-12-24,815,N20,VIIRS,n,2,,297.31,2.57,D,0
29.73816,77.53957,,328.24,0.55,0.43,2025-12-24,815,N20,VIIRS,n,2,,294.82,2.9,D,0
31.04696,72.6794,,331.65,0.39,0.36,2025-12-24,816,N20,VIIRS,n,2,,296.86,4.65,D,0
33.95684,72.39944,,330.33,0.39,0.36,2025-12-24,817,N20,VIIRS,n,2,,292.42,2.02,D,0
21.08056,85.0345,,313.86,0.75,0.77,2025-12-24,1901,N20,VIIRS,n,2,,289.56,3.39,N,2
32.29395,70.7314,,297.33,0.41,0.45,2025-12-24,2039,N20,VIIRS,n,2,,285.96,0.9,N,2
22.20444,84.84653,,318.53,0.4,0.6,2025-12-24,2041,N20,VIIRS,n,2,,285.22,1.42,N,2
23.69435,87.12139,,313.18,0.52,0.67,2025-12-24,2041,N20,VIIRS,n,2,,287.7,1.62,N,2
20.80857,85.25706,,303.02,0.46,0.64,2025-12-24,2042,N20,VIIRS,n,2,,289.47,1.47,N,2
21.7322,82.2112,,298.77,0.56,0.52,2025-12-24,2042,N20,VIIRS,n,2,,287.62,1.02,N,2
16.96198,74.16699,,299,0.39,0.36,2025-12-24,2043,N20,VIIRS,n,2,,285.74,0.32,N,0
15.18273,76.66798,,320.99,0.5,0.41,2025-12-24,2044,N20,VIIRS,n,2,,292.69,3.44,N,2
13.89403,76.63724,,333.94,0.54,0.42,2025-12-25,752,N20,VIIRS,n,2,,305.09,2.93,D,0
15.98535,76.89005,,339.95,0.49,0.4,2025-12-25,753,N20,VIIRS,n,2,,306.04,5.27,D,0
16.51372,74.04613,,338.03,0.47,0.48,2025-12-25,753,N20,VIIRS,n,2,,302.58,3.13,D,0
17.78958,81.71865,,350.33,0.4,0.37,2025-12-25,753,N20,VIIRS,n,2,,303.21,5.88,D,0
18.28251,77.79852,,330.58,0.42,0.38,2025-12-25,753,N20,VIIRS,l,2,,302.84,3.72,D,0
19.01893,79.16656,,333.44,0.39,0.36,2025-12-25,753,N20,VIIRS,n,2,,304.86,1.62,D,0
19.57716,77.69967,,334.25,0.41,0.37,2025-12-25,754,N20,VIIRS,l,2,,304.26,2.45,D,0
20.75582,81.67498,,334.95,0.42,0.38,2025-12-25,754,N20,VIIRS,n,2,,303.07,3.93,D,0
21.01056,80.87849,,332.15,0.4,0.37,2025-12-25,754,N20,VIIRS,n,2,,302.05,2.09,D,0
21.24125,82.84101,,345.2,0.47,0.4,2025-12-25,754,N20,VIIRS,n,2,,303.89,7.41,D,0
21.38513,83.02557,,342.76,0.48,0.4,2025-12-25,754,N20,VIIRS,n,2,,302.78,6.17,D,0
21.63355,87.11528,,335.81,0.56,0.52,2025-12-25,754,N20,VIIRS,n,2,,297.06,4.73,D,0
21.79016,82.67545,,330.17,0.47,0.4,2025-12-25,754,N20,VIIRS,n,2,,300.87,2,D,0
21.88208,84.37608,,331.84,0.38,0.43,2025-12-25,754,N20,VIIRS,n,2,,299.83,1.74,D,0
22.03965,83.73429,,355.37,0.53,0.42,2025-12-25,754,N20,VIIRS,n,2,,319.17,19.79,D,2
22.82017,88.49236,,331.67,0.36,0.57,2025-12-25,754,N20,VIIRS,n,2,,295.02,2.02,D,0
23.71976,74.28683,,331.18,0.52,0.41,2025-12-25,755,N20,VIIRS,n,2,,297.95,4.01,D,0
25.3813,83.96839,,333.06,0.4,0.44,2025-12-25,755,N20,VIIRS,n,2,,288.73,1.62,D,0
28.39617,78.05508,,329.76,0.39,0.36,2025-12-25,756,N20,VIIRS,n,2,,293.63,3.08,D,0
29.68925,81.15781,,342.14,0.48,0.4,2025-12-25,756,N20,VIIRS,n,2,,299.95,17.28,D,0
30.47987,78.64955,,327.26,0.4,0.37,2025-12-25,757,N20,VIIRS,n,2,,284.01,3,D,0
33.504,72.6824,,325.69,0.45,0.39,2025-12-25,758,N20,VIIRS,n,2,,295.55,7.99,D,0
23.66554,84.99721,,295.89,0.39,0.44,2025-12-25,2022,N20,VIIRS,n,2,,280.48,0.76,N,2
23.80118,86.34691,,313.06,0.47,0.48,2025-12-25,2022,N20,VIIRS,n,2,,289.19,2.92,N,2
20.96325,85.18565,,335.36,0.45,0.47,2025-12-25,2023,N20,VIIRS,n,2,,293.1,3.49,N,2
21.73564,83.84669,,299.78,0.55,0.43,2025-12-25,2023,N20,VIIRS,n,2,,286.98,1.55,N,0
22.26154,77.13642,,297.5,0.41,0.37,2025-12-25,2023,N20,VIIRS,n,2,,283.7,0.49,N,0
18.83653,75.47657,,298.44,0.44,0.38,2025-12-25,2024,N20,VIIRS,n,2,,282.43,0.29,N,0
15.65923,73.98584,,314.08,0.48,0.4,2025-12-25,2025,N20,VIIRS,n,2,,289.65,1.24,N,2
15.98376,76.86331,,331.72,0.32,0.55,2025-12-26,734,N20,VIIRS,n,2,,300.3,2.64,D,0
17.8313,79.47575,,332,0.4,0.45,2025-12-26,734,N20,VIIRS,n,2,,302.93,2.36,D,0
18.66524,74.24567,,336.53,0.42,0.61,2025-12-26,735,N20,VIIRS,n,2,,299.09,2.27,D,0
20.24108,83.48731,,334.69,0.39,0.36,2025-12-26,735,N20,VIIRS,n,2,,302.67,6.79,D,0
20.88706,83.79179,,340.02,0.39,0.36,2025-12-26,735,N20,VIIRS,n,2,,301.35,4.31,D,0
21.19313,83.18275,,333.52,0.39,0.36,2025-12-26,735,N20,VIIRS,n,2,,301.53,2.48,D,0
21.36612,83.02854,,332.89,0.39,0.36,2025-12-26,735,N20,VIIRS,n,2,,304.55,17.95,D,0
21.51713,83.55788,,334,0.39,0.36,2025-12-26,735,N20,VIIRS,n,2,,302.09,2.28,D,0
21.73069,82.3968,,334.19,0.4,0.37,2025-12-26,735,N20,VIIRS,n,2,,304.14,1.95,D,0
21.82507,82.66203,,332.95,0.4,0.37,2025-12-26,735,N20,VIIRS,n,2,,302.95,4.16,D,0
21.91047,86.81232,,331.07,0.44,0.38,2025-12-26,735,N20,VIIRS,n,2,,296.8,16.69,D,0
22.02264,82.79244,,331.69,0.39,0.36,2025-12-26,735,N20,VIIRS,n,2,,300.58,2.97,D,0
22.19546,85.89696,,326.9,0.41,0.37,2025-12-26,735,N20,VIIRS,n,2,,299.17,1.72,D,0
22.92519,79.122,,332.06,0.53,0.42,2025-12-26,736,N20,VIIRS,n,2,,302.94,12.66,D,0
25.009,83.98177,,334.12,0.39,0.36,2025-12-26,736,N20,VIIRS,n,2,,295.82,1.64,D,0
25.37564,83.95992,,330.95,0.39,0.36,2025-12-26,736,N20,VIIRS,n,2,,295.42,3.68,D,0
29.79403,78.84879,,329.13,0.44,0.38,2025-12-26,738,N20,VIIRS,n,2,,277.22,3.98,D,0
24.71301,69.15389,,349.64,0.45,0.63,2025-12-26,917,N20,VIIRS,n,2,,301.66,3.7,D,0
23.58317,86.72681,,306.01,0.43,0.38,2025-12-26,2003,N20,VIIRS,n,2,,285.43,1.5,N,0
23.72398,85.52372,,297.77,0.39,0.37,2025-12-26,2003,N20,VIIRS,n,2,,283.31,0.6,N,2
23.8389,84.94778,,295.11,0.39,0.36,2025-12-26,2003,N20,VIIRS,n,2,,283.2,0.5,N,2
20.96476,85.16917,,305.43,0.4,0.37,2025-12-26,2004,N20,VIIRS,n,2,,290.62,1.61,N,2
21.74977,83.81567,,298.66,0.38,0.36,2025-12-26,2004,N20,VIIRS,n,2,,287.6,0.68,N,0
22.05007,88.10153,,299.91,0.51,0.41,2025-12-26,2004,N20,VIIRS,n,2,,286.41,1.41,N,2
22.79315,86.19894,,296.72,0.42,0.37,2025-12-26,2004,N20,VIIRS,n,2,,286.58,2.3,N,3
19.99684,79.17696,,298.01,0.51,0.41,2025-12-26,2005,N20,VIIRS,n,2,,287.46,0.95,N,0
32.28933,70.7393,,302.69,0.62,0.54,2025-12-26,2142,N20,VIIRS,n,2,,284.48,2.2,N,2
14.2192,77.8979,309.5,,1.1,1.1,2025-12-22,936,Aqua,MODIS,48,61.03,293,,6.3,D,0
21.0276,81.3723,315,,1.2,1.1,2025-12-22,938,Aqua,MODIS,62,61.03,298.8,,12.2,D,0
27.4892,72.3921,318.3,,1.5,1.2,2025-12-22,940,Aqua,MODIS,20,61.03,297.7,,15.9,D,0
18.4572,75.1548,302.2,,1.1,1.1,2025-12-22,1546,Terra,MODIS,48,61.03,287.9,,7.4,N,0
16.2542,77.1656,306.6,,1.2,1.1,2025-12-23,356,Terra,MODIS,45,61.03,290.9,,5.7,D,0
25.1159,68.4113,310.7,,1,1,2025-12-23,1017,Aqua,MODIS,61,61.03,297.4,,7.4,D,0
18.2945,79.9183,312.8,,1.6,1.2,2025-12-24,916,Aqua,MODIS,57,61.03,301.5,,11.1,D,0
21.3875,82.693,319.2,,1,1,2025-12-24,916,Aqua,MODIS,75,61.03,298.4,,14,D,0
21.8489,83.114,308.3,,1,1,2025-12-24,916,Aqua,MODIS,49,61.03,298.3,,3.9,D,0
25.205,83.4238,304.8,,1,1,2025-12-24,917,Aqua,MODIS,60,61.03,291.4,,4.8,D,0
18.6089,76.0721,304.7,,2,1.4,2025-12-24,1527,Terra,MODIS,61,61.03,286.7,,22.1,N,0
14.1647,75.8101,313.5,,1,1,2025-12-25,953,Aqua,MODIS,60,61.03,300.3,,6.8,D,0
19.2464,77.3708,314.7,,1.2,1.1,2025-12-25,954,Aqua,MODIS,64,61.03,302.7,,8.4,D,0
23.6843,86.0898,302.2,,3.6,1.8,2025-12-25,1429,Terra,MODIS,47,61.03,285.4,,47.3,N,2
17.9704,77.7286,312.3,,1.2,1.1,2025-12-26,415,Terra,MODIS,68,61.03,297,,10.7,D,0
20.9564,86.0013,308.3,,1.3,1.1,2025-12-26,855,Aqua,MODIS,61,61.03,297.1,,7.1,D,2
19.4003,77.0208,302.7,,3.9,1.8,2025-12-26,1507,Terra,MODIS,51,61.03,286.7,,50.4,N,0
17.05506,76.60556,,335.56,0.66,0.73,2025-12-27,715,N20,VIIRS,n,2,,299.27,5.15,D,0
19.67494,82.71548,,329.39,0.47,0.47,2025-12-27,716,N20,VIIRS,l,2,,300.16,4.47,D,0
20.77822,86.42065,,335.43,0.43,0.38,2025-12-27,716,N20,VIIRS,n,2,,300.46,4.78,D,0
21.07803,85.03826,,339.99,0.49,0.4,2025-12-27,716,N20,VIIRS,n,2,,305.29,10.05,D,2
21.37957,83.30827,,329.35,0.4,0.44,2025-12-27,716,N20,VIIRS,n,2,,298.23,2.14,D,0
21.73498,82.74367,,341.44,0.43,0.46,2025-12-27,716,N20,VIIRS,n,2,,302.56,5.39,D,0
21.86422,82.55379,,333.22,0.44,0.46,2025-12-27,716,N20,VIIRS,n,2,,300.95,2.39,D,0
22.03938,83.73099,,347.01,0.55,0.43,2025-12-27,716,N20,VIIRS,n,2,,305.72,9.53,D,2
22.51921,87.76572,,328.69,0.39,0.36,2025-12-27,716,N20,VIIRS,n,2,,298.92,1.85,D,0
23.03633,87.70128,,334.46,0.39,0.36,2025-12-27,717,N20,VIIRS,n,2,,300.82,3.77,D,0
23.389,87.58589,,333.38,0.39,0.36,2025-12-27,717,N20,VIIRS,n,2,,299.77,2.51,D,0
23.96888,87.83738,,333.63,0.38,0.36,2025-12-27,717,N20,VIIRS,n,2,,298.03,3.75,D,0
11.96537,76.59722,,339.92,0.48,0.65,2025-12-27,855,N20,VIIRS,n,2,,298.35,4.35,D,0
18.64455,75.66803,,333.31,0.5,0.66,2025-12-27,856,N20,VIIRS,n,2,,304.73,3.72,D,0
31.71487,71.08366,,327.74,0.36,0.57,2025-12-27,900,N20,VIIRS,n,2,,292.7,1.61,D,0
20.96671,85.16959,,302.75,0.45,0.39,2025-12-27,1945,N20,VIIRS,n,2,,289.93,1.66,N,2
21.80348,85.56445,,296.43,0.45,0.39,2025-12-27,1945,N20,VIIRS,n,2,,282.46,0.62,N,0
22.32886,82.60487,,297.79,0.43,0.46,2025-12-27,1945,N20,VIIRS,n,2,,286.4,0.63,N,2
23.67357,86.10389,,295.86,0.44,0.38,2025-12-27,1945,N20,VIIRS,n,2,,284.33,0.56,N,2
23.77187,86.20157,,303.49,0.44,0.38,2025-12-27,1945,N20,VIIRS,n,2,,286.47,1.91,N,2
15.00764,76.99659,,312.47,0.4,0.6,2025-12-27,1947,N20,VIIRS,n,2,,289.74,1.93,N,2
29.47945,75.9168,,297.22,0.38,0.59,2025-12-27,2124,N20,VIIRS,n,2,,280.81,0.42,N,0
20.41274,86.57279,,331.4,0.51,0.5,2025-12-28,657,N20,VIIRS,n,2,,300.07,2.64,D,0
21.18331,83.08737,,353.85,0.42,0.61,2025-12-28,658,N20,VIIRS,n,2,,302.14,7.8,D,0
21.72526,84.22839,,336.14,0.34,0.56,2025-12-28,658,N20,VIIRS,n,2,,300.12,2.54,D,0
21.90008,82.55635,,330.12,0.43,0.62,2025-12-28,658,N20,VIIRS,n,2,,298.86,2.36,D,0
22.07527,83.30558,,367,0.39,0.59,2025-12-28,658,N20,VIIRS,h,2,,301.68,7.11,D,0
23.06198,87.78056,,328.02,0.39,0.44,2025-12-28,658,N20,VIIRS,n,2,,296.14,1.94,D,0
11.28723,77.98056,,336.61,0.55,0.51,2025-12-28,835,N20,VIIRS,n,2,,301.44,5.44,D,0
16.24635,80.69071,,331.23,0.49,0.65,2025-12-28,837,N20,VIIRS,n,2,,296.69,5.87,D,0
18.39078,74.7731,,334.07,0.43,0.46,2025-12-28,837,N20,VIIRS,n,2,,303.76,2.88,D,0
21.4354,71.13171,,338.25,0.44,0.39,2025-12-28,838,N20,VIIRS,n,2,,305.15,3.73,D,0
25.62899,68.54298,,330.89,0.4,0.37,2025-12-28,840,N20,VIIRS,n,2,,290.37,5.38,D,0
20.95579,85.01095,,310.41,0.58,0.52,2025-12-28,1926,N20,VIIRS,n,2,,288.72,2.36,N,2
22.0334,83.35883,,301.75,0.38,0.59,2025-12-28,1926,N20,VIIRS,n,2,,287.67,1.03,N,2
22.79115,86.1981,,303.56,0.51,0.5,2025-12-28,1926,N20,VIIRS,n,2,,289.32,1.13,N,2
23.75606,86.39442,,295.48,0.51,0.5,2025-12-28,1926,N20,VIIRS,n,2,,285.26,2.41,N,2
31.26586,77.01591,,304.36,0.43,0.46,2025-12-28,2104,N20,VIIRS,n,2,,279.49,1.19,N,0
28.17078,70.15226,,298.27,0.39,0.36,2025-12-28,2106,N20,VIIRS,n,2,,277.99,0.44,N,0
18.68306,73.03601,,310.62,0.43,0.46,2025-12-28,2108,N20,VIIRS,n,2,,294.64,2.91,N,2
22.04575,83.68798,,333.08,0.73,0.76,2025-12-29,639,N20,VIIRS,n,2,,297.57,8.39,D,0
12.62396,76.75365,,330.46,0.41,0.37,2025-12-29,817,N20,VIIRS,l,2,,302.01,3.68,D,0
16.04612,77.31191,,338.53,0.45,0.39,2025-12-29,818,N20,VIIRS,n,2,,309,3.49,D,0
18.00292,82.26783,,338.63,0.63,0.54,2025-12-29,818,N20,VIIRS,n,2,,300.53,9.97,D,0
19.0547,73.21577,,330.58,0.38,0.36,2025-12-29,819,N20,VIIRS,l,2,,305.48,2.1,D,0
20.78009,81.92964,,335.63,0.33,0.55,2025-12-29,819,N20,VIIRS,n,2,,302.49,2,D,0
21.62139,83.31242,,335.26,0.41,0.61,2025-12-29,819,N20,VIIRS,n,2,,300.7,3.54,D,0
21.9135,82.51132,,344.35,0.37,0.58,2025-12-29,819,N20,VIIRS,n,2,,303.86,3.84,D,0
22.18413,82.46233,,330.3,0.37,0.58,2025-12-29,819,N20,VIIRS,n,2,,303.13,2.3,D,0
24.13577,82.69903,,330.22,0.4,0.6,2025-12-29,820,N20,VIIRS,n,2,,294.21,2.01,D,0
29.8934,72.90662,,340.39,0.41,0.37,2025-12-29,822,N20,VIIRS,n,2,,296.59,3.22,D,0
22.37725,87.27817,,308.12,0.44,0.62,2025-12-29,1907,N20,VIIRS,n,2,,288.07,2.21,N,2
17.62398,83.18611,,301.62,0.72,0.75,2025-12-29,1909,N20,VIIRS,n,2,,288.02,1.76,N,0
30.98016,77.91344,,304.43,0.43,0.38,2025-12-29,2046,N20,VIIRS,n,2,,281.03,2.39,N,0
20.94198,86.06013,,300.32,0.65,0.73,2025-12-29,2048,N20,VIIRS,n,2,,287.35,1.12,N,2
21.80384,82.04089,,305.26,0.35,0.56,2025-12-29,2048,N20,VIIRS,n,2,,287.87,1.3,N,0
22.979,72.56483,,312.03,0.39,0.36,2025-12-29,2048,N20,VIIRS,n,2,,290.34,1.16,N,2
20.90993,71.45642,,309.38,0.39,0.36,2025-12-29,2049,N20,VIIRS,n,2,,290.78,0.88,N,2
9.81303,78.69476,,347.83,0.41,0.37,2025-12-30,757,N20,VIIRS,n,2,,302.31,8.17,D,0
15.47619,77.18465,,339.71,0.41,0.37,2025-12-30,759,N20,VIIRS,n,2,,306.16,4.54,D,0
16.37991,79.08695,,333.73,0.38,0.36,2025-12-30,759,N20,VIIRS,n,2,,305.84,2.23,D,0
17.76969,74.95728,,332.98,0.48,0.4,2025-12-30,800,N20,VIIRS,n,2,,304.54,1.9,D,0
18.62016,74.7214,,332.73,0.48,0.4,2025-12-30,800,N20,VIIRS,l,2,,306.06,4.2,D,0
19.53548,73.32543,,333.98,0.55,0.43,2025-12-30,800,N20,VIIRS,l,2,,305.36,11.45,D,0
20.95021,76.10941,,350.96,0.4,0.37,2025-12-30,800,N20,VIIRS,n,2,,307.06,2.43,D,0
21.23082,82.16026,,347.05,0.52,0.42,2025-12-30,800,N20,VIIRS,n,2,,308.57,7.43,D,0
21.58449,83.24559,,336.61,0.4,0.44,2025-12-30,800,N20,VIIRS,n,2,,302.08,3.3,D,0
21.79082,83.27733,,333.63,0.41,0.45,2025-12-30,800,N20,VIIRS,n,2,,302.93,2.72,D,0
21.88976,84.24619,,339.04,0.47,0.48,2025-12-30,800,N20,VIIRS,n,2,,304.8,6.56,D,0
21.97622,82.33855,,340.96,0.54,0.42,2025-12-30,801,N20,VIIRS,n,2,,304.76,4.54,D,0
22.27238,82.70596,,332.91,0.38,0.43,2025-12-30,801,N20,VIIRS,l,2,,304.87,3.4,D,0
25.27689,83.71346,,326.94,0.48,0.48,2025-12-30,801,N20,VIIRS,n,2,,290.37,2.15,D,0
29.08892,82.54695,,335.03,0.46,0.47,2025-12-30,802,N20,VIIRS,n,2,,296.31,5.12,D,0
29.82739,78.14299,,331.07,0.43,0.38,2025-12-30,803,N20,VIIRS,n,2,,288.61,3.79,D,0
22.03474,88.07466,,296.94,0.78,0.78,2025-12-30,1848,N20,VIIRS,n,2,,284.73,0.63,N,0
30.08028,78.91752,,319.38,0.39,0.36,2025-12-30,2027,N20,VIIRS,n,2,,283.21,1.79,N,0
23.54924,86.5446,,296.21,0.61,0.54,2025-12-30,2028,N20,VIIRS,n,2,,283.71,1,N,2
23.80002,86.3503,,298.09,0.59,0.53,2025-12-30,2028,N20,VIIRS,n,2,,287.01,1.92,N,2
21.7635,83.85029,,307.75,0.45,0.47,2025-12-30,2029,N20,VIIRS,n,2,,285.98,1.08,N,0
22.3168,82.52993,,304.8,0.55,0.43,2025-12-30,2029,N20,VIIRS,n,2,,289.63,2.21,N,2
18.68261,73.03997,,305.59,0.48,0.4,2025-12-30,2030,N20,VIIRS,n,2,,293.15,2.02,N,2
15.11849,76.80966,,300.62,0.39,0.36,2025-12-30,2031,N20,VIIRS,n,2,,290.14,0.58,N,2
12.58482,75.01085,,346.25,0.39,0.59,2025-12-31,739,N20,VIIRS,n,2,,296.44,5.38,D,0
17.61329,81.14272,,333.68,0.42,0.38,2025-12-31,740,N20,VIIRS,n,2,,302.07,2.61,D,0
18.301,76.90585,,340.5,0.46,0.47,2025-12-31,741,N20,VIIRS,n,2,,306.41,5.75,D,0
19.69744,82.39437,,332.55,0.39,0.36,2025-12-31,741,N20,VIIRS,n,2,,305.51,3.35,D,0
20.89762,81.18422,,346.64,0.4,0.37,2025-12-31,741,N20,VIIRS,n,2,,307.35,6.25,D,0
21.17484,82.12521,,331.84,0.39,0.36,2025-12-31,741,N20,VIIRS,n,2,,304.56,2.2,D,0
21.14826,81.24399,,334,0.4,0.37,2025-12-31,742,N20,VIIRS,l,2,,305.91,5.07,D,0
21.53778,83.4054,,333.2,0.39,0.36,2025-12-31,742,N20,VIIRS,n,2,,302.64,2.46,D,0
21.82522,83.19161,,336.87,0.39,0.36,2025-12-31,742,N20,VIIRS,n,2,,303.89,3.5,D,0
21.91689,82.37487,,341.1,0.38,0.36,2025-12-31,742,N20,VIIRS,n,2,,303.1,4.88,D,0
22.03934,83.0101,,348.95,0.39,0.36,2025-12-31,742,N20,VIIRS,n,2,,304.02,4.67,D,0
22.25295,82.64162,,335.74,0.38,0.36,2025-12-31,742,N20,VIIRS,n,2,,304.91,3.38,D,0
23.76426,88.01053,,337.71,0.43,0.46,2025-12-31,742,N20,VIIRS,n,2,,294.29,3.18,D,0
26.05306,79.5657,,356.37,0.4,0.37,2025-12-31,743,N20,VIIRS,l,2,,294.62,4.43,D,0
29.96417,80.24564,,302.23,0.49,0.4,2025-12-31,2008,N20,VIIRS,n,2,,280.13,1.6,N,0
21.07984,85.03778,,301.21,0.45,0.39,2025-12-31,2010,N20,VIIRS,n,2,,286.55,0.71,N,2
22.04125,83.74402,,302.21,0.4,0.37,2025-12-31,2010,N20,VIIRS,n,2,,288.55,0.96,N,2
23.16425,82.3339,,328.07,0.38,0.36,2025-12-31,2010,N20,VIIRS,n,2,,287.2,2.56,N,2
23.72571,86.43909,,301.09,0.48,0.4,2025-12-31,2010,N20,VIIRS,n,2,,287.81,1.54,N,2
24.0519,80.61256,,298.32,0.41,0.37,2025-12-31,2010,N20,VIIRS,n,2,,287.36,1.36,N,2
20.78553,85.2646,,303.27,0.46,0.39,2025-12-31,2011,N20,VIIRS,n,2,,289.29,1.31,N,2
15.93556,75.73786,,297.71,0.38,0.43,2025-12-31,2012,N20,VIIRS,n,2,,284.21,0.83,N,0
26.2713,68.9078,308.2,,1.1,1,2025-12-27,452,Terra,MODIS,66,61.03,291.1,,9.2,D,0
18.2841,74.0085,316.7,,2.1,1.4,2025-12-27,933,Aqua,MODIS,68,61.03,300,,30.4,D,0
21.889,82.4943,312.5,,1.2,1.1,2025-12-27,933,Aqua,MODIS,59,61.03,299.7,,8.1,D,0
31.2448,77.28,305.7,,1,1,2025-12-27,936,Aqua,MODIS,57,61.03,289.8,,7.3,D,0
20.1423,76.0742,301.2,,1,1,2025-12-27,1546,Terra,MODIS,39,61.03,286.2,,6.4,N,0
16.5502,80.4568,309.9,,1,1,2025-12-28,356,Terra,MODIS,64,61.03,296.1,,5.9,D,0
27.6143,68.4126,307.3,,1,1,2025-12-28,1014,Aqua,MODIS,45,61.03,294.4,,5.3,D,0
21.7798,82.3561,317.3,,1.2,1.1,2025-12-29,912,Aqua,MODIS,72,61.03,302,,12.8,D,0
23.3727,87.3682,305.7,,1.2,1.1,2025-12-29,912,Aqua,MODIS,43,61.03,295.2,,4.7,D,0
28.8148,70.7541,303.1,,2.5,1.5,2025-12-30,511,Terra,MODIS,55,61.03,287.5,,22,D,0
25.1311,84.3389,313.3,,1.7,1.3,2025-12-31,852,Aqua,MODIS,73,61.03,295.4,,21.5,D,0
